customer_id,city,state,signup_date,segment,acquisition_channel,lifetime_orders
1,Bhopal,Madhya Pradesh,2024-07-31,New,Email,3
2,Mumbai,Maharashtra,2023-02-06,Regular,Social Media,6
3,Kolkata,West Bengal,2024-03-02,Regular,Email,6
4,Chennai,Tamil Nadu,2024-07-18,Regular,Referral,8
5,Patna,Bihar,2023-10-05,Regular,App Install,5
6,Nagpur,Maharashtra,2023-04-17,New,Organic Search,2
7,Kochi,Kerala,2024-06-03,Regular,Paid Ads,15
8,Delhi,Delhi,2024-03-17,Premium,Referral,34
9,Jaipur,Rajasthan,2023-08-22,Inactive,Organic Search,1
10,Mumbai,Maharashtra,2023-01-27,New,Paid Ads,3
11,Chennai,Tamil Nadu,2024-09-14,New,Referral,3
12,Surat,Gujarat,2023-01-19,Regular,Email,19
13,Mumbai,Maharashtra,2023-02-23,New,Referral,2
14,Hyderabad,Telangana,2023-05-09,Premium,Referral,59
15,Bhopal,Madhya Pradesh,2024-03-13,Premium,Email,23
16,Surat,Gujarat,2023-04-29,Inactive,Referral,1
17,Chennai,Tamil Nadu,2024-09-22,Regular,Social Media,15
18,Indore,Madhya Pradesh,2023-07-18,Regular,Social Media,17
19,Coimbatore,Tamil Nadu,2023-03-01,Regular,Paid Ads,11
20,Mumbai,Maharashtra,2023-04-05,Regular,Email,4
21,Coimbatore,Tamil Nadu,2023-08-21,New,Referral,3
22,Nagpur,Maharashtra,2024-07-03,New,Email,1
23,Pune,Maharashtra,2023-01-16,New,App Install,1
24,Hyderabad,Telangana,2023-02-28,Premium,Organic Search,18
25,Agra,Uttar Pradesh,2023-05-10,Regular,Referral,9
26,Pune,Maharashtra,2023-10-17,Regular,Organic Search,14
27,Delhi,Delhi,2023-12-25,Regular,Email,11
28,Delhi,Delhi,2023-10-27,New,Paid Ads,3
29,Coimbatore,Tamil Nadu,2024-02-12,Regular,Referral,7
30,Bhopal,Madhya Pradesh,2023-03-20,Regular,Organic Search,12
31,Coimbatore,Tamil Nadu,2024-07-10,Premium,Paid Ads,46
32,Patna,Bihar,2024-01-01,Regular,Paid Ads,18
33,Surat,Gujarat,2023-11-06,New,Social Media,3
34,Agra,Uttar Pradesh,2023-10-27,New,App Install,1
35,Ahmedabad,Gujarat,2024-06-23,Regular,Social Media,14
36,Indore,Madhya Pradesh,2024-07-08,Regular,Email,7
37,Coimbatore,Tamil Nadu,2023-02-25,Regular,Social Media,17
38,Bhopal,Madhya Pradesh,2024-09-28,Inactive,Referral,3
39,Kochi,Kerala,2023-03-22,Premium,Paid Ads,23
40,Indore,Madhya Pradesh,2024-06-17,Regular,Paid Ads,13
41,Patna,Bihar,2024-07-20,Regular,Paid Ads,7
42,Mumbai,Maharashtra,2024-01-17,Regular,App Install,8
43,Chennai,Tamil Nadu,2023-02-06,Inactive,Paid Ads,4
44,Kolkata,West Bengal,2024-04-09,Regular,Organic Search,4
45,Delhi,Delhi,2024-05-25,Regular,Organic Search,12
46,Chennai,Tamil Nadu,2023-10-12,Premium,Email,39
47,Bengaluru,Karnataka,2023-11-04,Regular,Organic Search,5
48,Kolkata,West Bengal,2023-10-13,Premium,Email,39
49,Bhopal,Madhya Pradesh,2024-05-22,Premium,Organic Search,39
50,Ahmedabad,Gujarat,2024-01-29,New,Referral,1
51,Ahmedabad,Gujarat,2023-08-18,Premium,Paid Ads,39
52,Chennai,Tamil Nadu,2023-07-08,Regular,App Install,17
53,Kolkata,West Bengal,2024-06-29,Regular,Organic Search,13
54,Vadodara,Gujarat,2023-02-02,New,Email,2
55,Bhopal,Madhya Pradesh,2023-01-27,Regular,Email,14
56,Bhopal,Madhya Pradesh,2023-09-26,Premium,Email,28
57,Hyderabad,Telangana,2023-01-29,Inactive,Social Media,5
58,Patna,Bihar,2024-03-20,Regular,Referral,5
59,Hyderabad,Telangana,2023-04-22,Inactive,Email,4
60,Ahmedabad,Gujarat,2023-10-22,New,Email,2
61,Agra,Uttar Pradesh,2024-03-10,New,Email,3
62,Bhopal,Madhya Pradesh,2024-08-04,Inactive,Email,3
63,Indore,Madhya Pradesh,2023-06-16,Regular,Referral,18
64,Nagpur,Maharashtra,2023-09-01,Premium,Paid Ads,15
65,Coimbatore,Tamil Nadu,2023-10-15,Regular,App Install,12
66,Chandigarh,Punjab,2023-03-29,Regular,Paid Ads,13
67,Chennai,Tamil Nadu,2023-12-12,Regular,Email,16
68,Mumbai,Maharashtra,2023-02-09,Inactive,Email,3
69,Pune,Maharashtra,2024-01-06,Premium,Social Media,57
70,Kolkata,West Bengal,2023-09-14,Premium,App Install,53
71,Chennai,Tamil Nadu,2023-01-13,Regular,Organic Search,13
72,Vadodara,Gujarat,2024-08-05,New,App Install,2
73,Kochi,Kerala,2023-09-28,Regular,Paid Ads,18
74,Pune,Maharashtra,2024-04-18,Regular,Organic Search,18
75,Nagpur,Maharashtra,2023-01-10,New,Referral,1
76,Ahmedabad,Gujarat,2024-01-03,Regular,Referral,10
77,Vadodara,Gujarat,2024-02-23,Inactive,Organic Search,5
78,Lucknow,Uttar Pradesh,2023-03-23,New,Social Media,3
79,Kolkata,West Bengal,2024-07-18,Regular,Social Media,6
80,Chennai,Tamil Nadu,2024-03-27,New,Paid Ads,2
81,Indore,Madhya Pradesh,2023-10-10,Premium,Social Media,46
82,Kolkata,West Bengal,2023-05-11,Premium,Paid Ads,55
83,Indore,Madhya Pradesh,2023-06-28,Inactive,Paid Ads,5
84,Kochi,Kerala,2023-02-20,Regular,Paid Ads,7
85,Ahmedabad,Gujarat,2023-02-09,New,Paid Ads,3
86,Chennai,Tamil Nadu,2024-06-02,Regular,Referral,14
87,Agra,Uttar Pradesh,2023-02-12,Regular,Email,11
88,Surat,Gujarat,2023-03-04,New,App Install,2
89,Delhi,Delhi,2023-09-21,Inactive,Organic Search,3
90,Mumbai,Maharashtra,2024-07-07,Premium,App Install,17
91,Bengaluru,Karnataka,2024-09-06,Regular,Paid Ads,15
92,Bhopal,Madhya Pradesh,2023-04-22,Premium,Organic Search,47
93,Chandigarh,Punjab,2024-03-30,New,Organic Search,3
94,Jaipur,Rajasthan,2023-03-21,Inactive,Paid Ads,2
95,Delhi,Delhi,2023-11-30,Premium,Email,38
96,Ahmedabad,Gujarat,2024-03-01,Inactive,Organic Search,4
97,Agra,Uttar Pradesh,2023-10-17,Regular,Paid Ads,4
98,Surat,Gujarat,2023-12-01,New,Email,2
99,Agra,Uttar Pradesh,2023-12-10,Premium,Referral,56
100,Kochi,Kerala,2024-01-19,Regular,Referral,13
101,Mumbai,Maharashtra,2024-09-28,Premium,Organic Search,25
102,Patna,Bihar,2024-01-13,Regular,Organic Search,13
103,Nagpur,Maharashtra,2023-06-03,New,Email,1
104,Surat,Gujarat,2023-04-19,Inactive,Email,2
105,Kolkata,West Bengal,2023-11-17,Regular,Email,20
106,Bhopal,Madhya Pradesh,2024-08-18,Regular,App Install,15
107,Bengaluru,Karnataka,2023-08-09,New,Referral,3
108,Jaipur,Rajasthan,2023-02-03,Regular,App Install,8
109,Lucknow,Uttar Pradesh,2024-01-26,New,App Install,1
110,Agra,Uttar Pradesh,2023-03-21,Regular,Paid Ads,20
111,Kochi,Kerala,2024-08-11,Regular,App Install,17
112,Kolkata,West Bengal,2024-07-05,Regular,App Install,7
113,Surat,Gujarat,2024-06-24,Regular,Organic Search,19
114,Hyderabad,Telangana,2024-06-21,Regular,Email,18
115,Vadodara,Gujarat,2023-11-21,Inactive,Social Media,2
116,Kochi,Kerala,2024-08-12,Regular,Social Media,11
117,Kolkata,West Bengal,2023-12-03,New,Paid Ads,2
118,Bhopal,Madhya Pradesh,2023-08-25,New,Referral,2
119,Bhopal,Madhya Pradesh,2023-04-29,Regular,App Install,11
120,Hyderabad,Telangana,2024-03-31,Regular,App Install,17
121,Chandigarh,Punjab,2024-01-06,New,Organic Search,2
122,Surat,Gujarat,2024-07-27,New,Email,1
123,Chandigarh,Punjab,2024-01-06,New,App Install,2
124,Surat,Gujarat,2024-09-11,New,Paid Ads,2
125,Mumbai,Maharashtra,2024-03-04,Regular,Paid Ads,8
126,Pune,Maharashtra,2024-07-04,Regular,Paid Ads,17
127,Mumbai,Maharashtra,2024-08-21,New,App Install,1
128,Vadodara,Gujarat,2024-09-12,Regular,Social Media,13
129,Kochi,Kerala,2023-12-16,Regular,Social Media,7
130,Coimbatore,Tamil Nadu,2023-03-25,New,Referral,2
131,Pune,Maharashtra,2024-06-01,Premium,Paid Ads,51
132,Delhi,Delhi,2024-05-21,New,App Install,1
133,Kochi,Kerala,2023-07-04,New,Referral,1
134,Vadodara,Gujarat,2023-06-20,New,Organic Search,2
135,Delhi,Delhi,2023-09-27,Regular,Email,19
136,Lucknow,Uttar Pradesh,2023-04-14,Regular,Paid Ads,5
137,Delhi,Delhi,2024-03-17,Regular,Organic Search,9
138,Chandigarh,Punjab,2023-03-16,New,Paid Ads,3
139,Chandigarh,Punjab,2024-06-26,Regular,Referral,17
140,Bengaluru,Karnataka,2023-12-29,Regular,Paid Ads,16
141,Lucknow,Uttar Pradesh,2024-07-24,New,Paid Ads,3
142,Surat,Gujarat,2023-10-28,New,Organic Search,2
143,Kolkata,West Bengal,2023-12-11,Regular,Email,7
144,Kochi,Kerala,2023-02-16,New,Organic Search,3
145,Jaipur,Rajasthan,2023-12-30,Regular,Referral,17
146,Chennai,Tamil Nadu,2024-04-05,Regular,App Install,17
147,Surat,Gujarat,2023-10-24,Premium,Referral,59
148,Patna,Bihar,2023-05-18,Regular,App Install,9
149,Chennai,Tamil Nadu,2024-08-26,Regular,Email,6
150,Pune,Maharashtra,2023-06-05,Regular,Organic Search,15
151,Agra,Uttar Pradesh,2024-04-09,Premium,Referral,35
152,Bhopal,Madhya Pradesh,2024-03-25,Premium,Paid Ads,47
153,Jaipur,Rajasthan,2024-08-25,Regular,Social Media,7
154,Surat,Gujarat,2023-08-26,Regular,Social Media,19
155,Bengaluru,Karnataka,2023-12-16,Inactive,Organic Search,5
156,Chennai,Tamil Nadu,2024-06-14,Premium,Email,52
157,Pune,Maharashtra,2024-06-04,Regular,Referral,13
158,Indore,Madhya Pradesh,2023-11-27,New,Referral,2
159,Chennai,Tamil Nadu,2023-07-02,Premium,Paid Ads,17
160,Chennai,Tamil Nadu,2023-08-04,Inactive,Referral,5
161,Delhi,Delhi,2023-10-12,Regular,Email,14
162,Bhopal,Madhya Pradesh,2023-04-12,Regular,Social Media,13
163,Chennai,Tamil Nadu,2023-06-19,Regular,Organic Search,13
164,Vadodara,Gujarat,2023-10-08,Premium,Referral,43
165,Kochi,Kerala,2023-08-18,Regular,Paid Ads,13
166,Delhi,Delhi,2023-09-23,New,Email,1
167,Chennai,Tamil Nadu,2023-08-26,New,App Install,2
168,Nagpur,Maharashtra,2023-05-25,Inactive,Organic Search,2
169,Chennai,Tamil Nadu,2024-07-19,Regular,Email,9
170,Bengaluru,Karnataka,2023-01-29,Inactive,Email,1
171,Vadodara,Gujarat,2024-07-06,Regular,Email,10
172,Indore,Madhya Pradesh,2023-01-07,Regular,Referral,4
173,Lucknow,Uttar Pradesh,2024-01-14,Regular,Paid Ads,13
174,Chandigarh,Punjab,2024-08-07,Premium,Referral,43
175,Coimbatore,Tamil Nadu,2024-06-17,Inactive,Paid Ads,4
176,Hyderabad,Telangana,2023-10-30,Regular,Organic Search,7
177,Delhi,Delhi,2024-03-31,New,Referral,2
178,Jaipur,Rajasthan,2023-09-27,Regular,Organic Search,8
179,Jaipur,Rajasthan,2023-10-13,Regular,App Install,7
180,Lucknow,Uttar Pradesh,2023-12-29,Regular,Organic Search,11
181,Patna,Bihar,2023-03-18,New,Social Media,1
182,Nagpur,Maharashtra,2024-06-03,Premium,Social Media,32
183,Agra,Uttar Pradesh,2024-04-09,Regular,App Install,20
184,Delhi,Delhi,2023-03-17,New,App Install,3
185,Jaipur,Rajasthan,2023-11-19,New,Organic Search,2
186,Pune,Maharashtra,2023-04-13,Premium,App Install,48
187,Kochi,Kerala,2023-11-22,Premium,Paid Ads,50
188,Chennai,Tamil Nadu,2023-02-06,Regular,App Install,4
189,Hyderabad,Telangana,2023-09-09,Regular,Paid Ads,16
190,Jaipur,Rajasthan,2023-08-14,Premium,App Install,27
191,Jaipur,Rajasthan,2023-09-29,Regular,Referral,8
192,Kolkata,West Bengal,2024-05-11,Regular,Paid Ads,19
193,Chennai,Tamil Nadu,2023-10-17,Regular,Paid Ads,10
194,Vadodara,Gujarat,2023-04-01,Regular,Email,10
195,Jaipur,Rajasthan,2023-01-04,Regular,Referral,6
196,Kochi,Kerala,2024-05-17,Inactive,Email,5
197,Indore,Madhya Pradesh,2023-08-02,Regular,App Install,9
198,Delhi,Delhi,2023-02-09,Regular,Referral,12
199,Agra,Uttar Pradesh,2024-09-20,Premium,Referral,55
200,Coimbatore,Tamil Nadu,2024-08-20,Regular,Paid Ads,15
201,Agra,Uttar Pradesh,2024-05-10,Premium,Email,57
202,Vadodara,Gujarat,2023-07-04,Regular,Social Media,11
203,Coimbatore,Tamil Nadu,2023-10-27,Premium,App Install,46
204,Hyderabad,Telangana,2024-05-16,Regular,App Install,16
205,Lucknow,Uttar Pradesh,2024-09-04,New,Social Media,3
206,Chennai,Tamil Nadu,2024-05-07,Regular,Social Media,7
207,Jaipur,Rajasthan,2023-08-13,New,Organic Search,2
208,Delhi,Delhi,2024-03-05,Inactive,Referral,3
209,Ahmedabad,Gujarat,2023-09-11,Regular,App Install,17
210,Agra,Uttar Pradesh,2023-04-29,Regular,Paid Ads,18
211,Kolkata,West Bengal,2023-11-23,Regular,App Install,7
212,Chandigarh,Punjab,2023-12-22,Regular,App Install,16
213,Lucknow,Uttar Pradesh,2023-05-12,Regular,Referral,19
214,Jaipur,Rajasthan,2024-09-07,Premium,Referral,58
215,Agra,Uttar Pradesh,2023-08-29,New,Organic Search,2
216,Agra,Uttar Pradesh,2023-10-02,Inactive,Email,2
217,Indore,Madhya Pradesh,2024-02-23,New,Organic Search,3
218,Patna,Bihar,2023-11-27,New,Social Media,3
219,Hyderabad,Telangana,2023-11-22,Premium,Referral,40
220,Kolkata,West Bengal,2024-03-28,Premium,Referral,40
221,Agra,Uttar Pradesh,2023-09-24,Regular,Organic Search,12
222,Indore,Madhya Pradesh,2024-05-12,Regular,App Install,11
223,Surat,Gujarat,2023-12-14,Regular,App Install,5
224,Patna,Bihar,2023-11-12,New,Referral,2
225,Delhi,Delhi,2023-08-15,Premium,Email,25
226,Indore,Madhya Pradesh,2024-07-02,Inactive,Paid Ads,1
227,Surat,Gujarat,2024-09-20,Inactive,Email,3
228,Kochi,Kerala,2023-05-13,Regular,Email,4
229,Hyderabad,Telangana,2023-01-22,New,Referral,1
230,Agra,Uttar Pradesh,2023-12-08,New,Social Media,3
231,Delhi,Delhi,2023-03-06,New,App Install,1
232,Hyderabad,Telangana,2024-06-15,Regular,Paid Ads,15
233,Indore,Madhya Pradesh,2024-07-02,Regular,Paid Ads,9
234,Nagpur,Maharashtra,2024-07-02,Regular,Referral,11
235,Chennai,Tamil Nadu,2023-10-25,New,Paid Ads,2
236,Bengaluru,Karnataka,2023-12-06,Regular,Referral,10
237,Kochi,Kerala,2024-07-20,Regular,App Install,11
238,Chennai,Tamil Nadu,2023-01-14,Regular,Organic Search,4
239,Indore,Madhya Pradesh,2024-06-23,Inactive,Organic Search,5
240,Bhopal,Madhya Pradesh,2024-02-12,Regular,Referral,5
241,Jaipur,Rajasthan,2023-06-10,Inactive,Social Media,3
242,Indore,Madhya Pradesh,2023-01-25,Regular,Paid Ads,11
243,Surat,Gujarat,2023-02-04,Inactive,Social Media,1
244,Vadodara,Gujarat,2024-01-22,Regular,App Install,16
245,Chennai,Tamil Nadu,2023-05-15,New,App Install,2
246,Patna,Bihar,2023-03-28,New,Organic Search,1
247,Chennai,Tamil Nadu,2024-05-31,Inactive,App Install,4
248,Ahmedabad,Gujarat,2023-01-21,Regular,Organic Search,8
249,Nagpur,Maharashtra,2023-04-08,New,App Install,3
250,Kolkata,West Bengal,2024-02-05,New,Paid Ads,3
251,Pune,Maharashtra,2023-11-16,Regular,Social Media,17
252,Chandigarh,Punjab,2024-06-08,Regular,App Install,4
253,Delhi,Delhi,2023-11-06,New,Social Media,2
254,Lucknow,Uttar Pradesh,2023-07-27,Premium,Organic Search,31
255,Agra,Uttar Pradesh,2024-08-13,Premium,Referral,39
256,Agra,Uttar Pradesh,2023-10-26,Regular,Referral,6
257,Delhi,Delhi,2023-08-16,Inactive,Referral,5
258,Chennai,Tamil Nadu,2023-10-13,Inactive,Referral,3
259,Kolkata,West Bengal,2024-06-30,New,Email,1
260,Vadodara,Gujarat,2024-01-27,Premium,Organic Search,46
261,Kochi,Kerala,2024-02-08,Regular,Social Media,7
262,Kochi,Kerala,2024-04-08,Regular,Paid Ads,4
263,Ahmedabad,Gujarat,2024-02-11,Regular,Paid Ads,18
264,Hyderabad,Telangana,2024-01-14,Regular,Referral,7
265,Coimbatore,Tamil Nadu,2023-11-15,Regular,Social Media,8
266,Patna,Bihar,2023-03-27,Regular,Organic Search,9
267,Bhopal,Madhya Pradesh,2023-08-01,Regular,Referral,11
268,Agra,Uttar Pradesh,2023-03-27,New,Paid Ads,2
269,Nagpur,Maharashtra,2024-09-23,Regular,Referral,20
270,Mumbai,Maharashtra,2024-08-03,Inactive,Paid Ads,1
271,Coimbatore,Tamil Nadu,2024-05-20,Premium,Social Media,41
272,Kolkata,West Bengal,2023-11-15,New,App Install,2
273,Nagpur,Maharashtra,2023-06-04,Inactive,Organic Search,3
274,Vadodara,Gujarat,2024-08-01,Regular,Email,17
275,Bengaluru,Karnataka,2023-01-06,New,Social Media,3
276,Bengaluru,Karnataka,2023-08-03,New,Email,2
277,Bengaluru,Karnataka,2024-07-12,New,Referral,2
278,Indore,Madhya Pradesh,2023-08-30,Premium,Social Media,44
279,Kolkata,West Bengal,2024-05-09,Regular,Email,6
280,Bhopal,Madhya Pradesh,2023-04-18,Regular,Referral,6
281,Patna,Bihar,2024-01-20,Inactive,Paid Ads,1
282,Chennai,Tamil Nadu,2023-06-15,New,Email,3
283,Bhopal,Madhya Pradesh,2023-05-05,Regular,Paid Ads,10
284,Kolkata,West Bengal,2024-03-24,Regular,Organic Search,5
285,Lucknow,Uttar Pradesh,2024-03-10,Regular,Referral,9
286,Vadodara,Gujarat,2024-06-21,Premium,Referral,23
287,Coimbatore,Tamil Nadu,2024-07-14,Regular,Referral,16
288,Delhi,Delhi,2023-01-10,Regular,Social Media,7
289,Jaipur,Rajasthan,2024-03-21,New,Social Media,3
290,Kolkata,West Bengal,2023-10-05,Regular,Email,14
291,Mumbai,Maharashtra,2024-09-21,Regular,Social Media,9
292,Chandigarh,Punjab,2023-05-25,Regular,Social Media,20
293,Bhopal,Madhya Pradesh,2023-07-29,Regular,Email,15
294,Kolkata,West Bengal,2024-06-15,New,Email,2
295,Patna,Bihar,2024-04-28,Regular,Referral,10
296,Indore,Madhya Pradesh,2023-12-05,Regular,App Install,8
297,Jaipur,Rajasthan,2023-06-18,Premium,Email,60
298,Mumbai,Maharashtra,2024-04-30,New,Organic Search,2
299,Delhi,Delhi,2024-03-02,Regular,Paid Ads,8
300,Kochi,Kerala,2024-04-26,Regular,Organic Search,4
301,Vadodara,Gujarat,2023-11-16,Regular,App Install,10
302,Surat,Gujarat,2023-07-24,Regular,App Install,7
303,Coimbatore,Tamil Nadu,2024-07-04,Inactive,Referral,3
304,Indore,Madhya Pradesh,2023-04-07,Regular,Organic Search,18
305,Bengaluru,Karnataka,2024-08-31,Premium,Paid Ads,19
306,Bengaluru,Karnataka,2023-12-25,New,App Install,3
307,Pune,Maharashtra,2023-08-20,Regular,Social Media,4
308,Kochi,Kerala,2023-07-17,Regular,Social Media,13
309,Chandigarh,Punjab,2024-03-12,New,Email,3
310,Kochi,Kerala,2023-11-10,Premium,Social Media,54
311,Kochi,Kerala,2024-02-17,Inactive,Social Media,5
312,Chennai,Tamil Nadu,2024-07-08,Inactive,App Install,2
313,Chennai,Tamil Nadu,2023-03-21,Premium,Email,24
314,Bengaluru,Karnataka,2023-04-16,Regular,App Install,10
315,Chandigarh,Punjab,2023-10-14,New,Paid Ads,2
316,Kochi,Kerala,2024-07-31,Inactive,Organic Search,2
317,Jaipur,Rajasthan,2024-06-18,New,Email,3
318,Bhopal,Madhya Pradesh,2024-01-28,Regular,Social Media,12
319,Hyderabad,Telangana,2024-09-22,Premium,App Install,45
320,Vadodara,Gujarat,2023-08-03,Inactive,Paid Ads,1
321,Kochi,Kerala,2023-08-26,New,Paid Ads,1
322,Agra,Uttar Pradesh,2024-09-21,Regular,Paid Ads,8
323,Coimbatore,Tamil Nadu,2023-06-18,Premium,Referral,15
324,Kochi,Kerala,2023-11-28,Regular,Organic Search,5
325,Mumbai,Maharashtra,2023-05-21,New,Email,2
326,Patna,Bihar,2024-03-11,Regular,App Install,19
327,Pune,Maharashtra,2023-12-01,Premium,Social Media,47
328,Vadodara,Gujarat,2023-05-01,Regular,Paid Ads,16
329,Coimbatore,Tamil Nadu,2024-01-22,Regular,Referral,19
330,Kochi,Kerala,2023-12-30,Regular,Social Media,20
331,Coimbatore,Tamil Nadu,2023-11-21,Premium,Email,20
332,Kolkata,West Bengal,2024-09-11,Regular,Paid Ads,9
333,Chandigarh,Punjab,2023-10-12,Inactive,App Install,2
334,Bengaluru,Karnataka,2024-03-23,Premium,Email,43
335,Kochi,Kerala,2024-05-16,New,App Install,2
336,Kochi,Kerala,2023-05-04,New,Email,2
337,Chennai,Tamil Nadu,2023-12-23,Inactive,Paid Ads,1
338,Coimbatore,Tamil Nadu,2024-01-10,Premium,Referral,57
339,Lucknow,Uttar Pradesh,2023-12-21,Premium,App Install,42
340,Pune,Maharashtra,2023-08-07,Regular,Email,10
341,Chandigarh,Punjab,2024-01-27,New,Social Media,1
342,Chennai,Tamil Nadu,2023-01-11,Regular,Paid Ads,18
343,Mumbai,Maharashtra,2024-01-05,New,Email,1
344,Hyderabad,Telangana,2023-01-06,New,Email,2
345,Pune,Maharashtra,2023-12-03,Inactive,Organic Search,3
346,Kochi,Kerala,2023-09-17,Premium,Email,15
347,Agra,Uttar Pradesh,2024-09-13,Regular,Social Media,5
348,Kolkata,West Bengal,2023-10-09,New,App Install,2
349,Bhopal,Madhya Pradesh,2024-02-12,New,Organic Search,3
350,Ahmedabad,Gujarat,2023-09-17,Regular,Social Media,5
351,Agra,Uttar Pradesh,2024-08-08,Inactive,Organic Search,4
352,Surat,Gujarat,2024-09-14,New,App Install,2
353,Vadodara,Gujarat,2024-05-17,New,Paid Ads,2
354,Bengaluru,Karnataka,2024-07-12,New,Organic Search,1
355,Agra,Uttar Pradesh,2024-01-14,Inactive,Organic Search,5
356,Hyderabad,Telangana,2023-06-06,New,App Install,3
357,Agra,Uttar Pradesh,2023-07-01,New,Paid Ads,1
358,Kolkata,West Bengal,2024-03-05,New,Organic Search,1
359,Bengaluru,Karnataka,2024-03-30,Regular,App Install,5
360,Jaipur,Rajasthan,2023-11-18,New,Organic Search,3
361,Patna,Bihar,2023-10-12,Regular,Paid Ads,4
362,Pune,Maharashtra,2023-12-07,Premium,App Install,35
363,Bhopal,Madhya Pradesh,2023-06-23,New,Email,3
364,Surat,Gujarat,2024-01-11,Premium,Email,15
365,Ahmedabad,Gujarat,2024-02-17,Regular,Referral,5
366,Indore,Madhya Pradesh,2023-03-08,Premium,Paid Ads,47
367,Kolkata,West Bengal,2023-06-01,Inactive,App Install,3
368,Patna,Bihar,2023-03-27,Regular,Paid Ads,18
369,Mumbai,Maharashtra,2023-02-15,New,Social Media,3
370,Vadodara,Gujarat,2023-07-23,New,App Install,3
371,Surat,Gujarat,2024-02-24,Inactive,Paid Ads,1
372,Patna,Bihar,2023-11-15,New,Social Media,3
373,Patna,Bihar,2023-12-26,Regular,Organic Search,14
374,Nagpur,Maharashtra,2024-04-22,Inactive,Email,1
375,Ahmedabad,Gujarat,2024-08-02,Premium,Referral,20
376,Delhi,Delhi,2023-04-30,New,Organic Search,1
377,Nagpur,Maharashtra,2023-03-30,Regular,Paid Ads,14
378,Pune,Maharashtra,2024-08-28,Regular,App Install,4
379,Pune,Maharashtra,2023-06-23,New,Organic Search,1
380,Coimbatore,Tamil Nadu,2024-01-19,Premium,Referral,20
381,Patna,Bihar,2023-09-10,Regular,Social Media,10
382,Pune,Maharashtra,2023-05-16,Regular,Social Media,5
383,Pune,Maharashtra,2024-01-24,Premium,App Install,33
384,Jaipur,Rajasthan,2023-07-02,New,Social Media,1
385,Jaipur,Rajasthan,2024-08-01,New,Social Media,2
386,Kolkata,West Bengal,2023-08-20,Regular,Paid Ads,12
387,Bengaluru,Karnataka,2023-07-24,Regular,Paid Ads,13
388,Jaipur,Rajasthan,2023-09-23,Premium,App Install,43
389,Vadodara,Gujarat,2023-09-28,Premium,Organic Search,46
390,Nagpur,Maharashtra,2023-12-30,Regular,Email,15
391,Vadodara,Gujarat,2023-12-24,Regular,App Install,20
392,Bhopal,Madhya Pradesh,2024-04-05,Premium,App Install,58
393,Pune,Maharashtra,2023-06-24,Regular,Organic Search,16
394,Surat,Gujarat,2023-06-09,New,Email,3
395,Mumbai,Maharashtra,2023-08-04,Inactive,App Install,4
396,Kolkata,West Bengal,2023-12-22,New,App Install,3
397,Jaipur,Rajasthan,2023-10-23,Inactive,Paid Ads,3
398,Indore,Madhya Pradesh,2024-05-30,Regular,Email,12
399,Nagpur,Maharashtra,2023-04-03,Regular,Email,10
400,Lucknow,Uttar Pradesh,2023-09-22,Inactive,Paid Ads,4
401,Jaipur,Rajasthan,2023-09-25,Regular,Organic Search,7
402,Chennai,Tamil Nadu,2024-06-13,New,App Install,3
403,Lucknow,Uttar Pradesh,2023-07-10,Inactive,Referral,2
404,Vadodara,Gujarat,2024-04-23,Regular,Email,14
405,Chandigarh,Punjab,2024-01-17,Inactive,Email,4
406,Hyderabad,Telangana,2024-08-25,Regular,Organic Search,14
407,Delhi,Delhi,2023-04-18,Inactive,App Install,3
408,Surat,Gujarat,2023-01-09,Inactive,Paid Ads,4
409,Bhopal,Madhya Pradesh,2024-05-01,Regular,Social Media,14
410,Pune,Maharashtra,2023-04-13,New,Paid Ads,2
411,Coimbatore,Tamil Nadu,2023-11-10,New,Paid Ads,2
412,Chandigarh,Punjab,2024-07-13,Regular,Paid Ads,4
413,Nagpur,Maharashtra,2024-03-25,Regular,Email,18
414,Chennai,Tamil Nadu,2024-08-30,Premium,Email,59
415,Hyderabad,Telangana,2024-03-21,Premium,App Install,40
416,Mumbai,Maharashtra,2024-04-29,Premium,Paid Ads,31
417,Chennai,Tamil Nadu,2024-01-18,Regular,Email,14
418,Lucknow,Uttar Pradesh,2024-05-09,New,App Install,2
419,Coimbatore,Tamil Nadu,2023-11-04,Regular,Organic Search,11
420,Delhi,Delhi,2024-06-03,Regular,Organic Search,17
421,Jaipur,Rajasthan,2024-03-12,New,Social Media,3
422,Bhopal,Madhya Pradesh,2024-02-15,Regular,Email,4
423,Hyderabad,Telangana,2023-06-17,Regular,Email,9
424,Nagpur,Maharashtra,2023-11-04,Premium,Email,59
425,Lucknow,Uttar Pradesh,2024-06-20,New,Paid Ads,3
426,Chennai,Tamil Nadu,2023-05-23,New,Paid Ads,3
427,Nagpur,Maharashtra,2023-12-08,New,Organic Search,1
428,Mumbai,Maharashtra,2023-11-13,Regular,Paid Ads,15
429,Chandigarh,Punjab,2024-04-14,New,Referral,1
430,Chandigarh,Punjab,2024-04-16,New,Organic Search,3
431,Bengaluru,Karnataka,2023-06-01,New,Paid Ads,1
432,Jaipur,Rajasthan,2023-11-05,New,Social Media,1
433,Hyderabad,Telangana,2023-07-09,New,Paid Ads,1
434,Agra,Uttar Pradesh,2024-03-23,Inactive,Organic Search,2
435,Surat,Gujarat,2023-06-07,Regular,App Install,15
436,Delhi,Delhi,2023-01-06,Premium,Referral,25
437,Chennai,Tamil Nadu,2023-12-19,Inactive,Organic Search,4
438,Coimbatore,Tamil Nadu,2024-07-17,Regular,App Install,16
439,Lucknow,Uttar Pradesh,2023-08-06,Premium,Referral,57
440,Coimbatore,Tamil Nadu,2024-01-21,New,Referral,3
441,Nagpur,Maharashtra,2023-09-06,Inactive,Organic Search,4
442,Agra,Uttar Pradesh,2023-05-12,New,Social Media,1
443,Indore,Madhya Pradesh,2024-02-14,Regular,Social Media,13
444,Agra,Uttar Pradesh,2024-03-10,Inactive,Email,4
445,Kochi,Kerala,2024-06-30,Regular,Organic Search,15
446,Bhopal,Madhya Pradesh,2024-05-15,Inactive,App Install,5
447,Patna,Bihar,2023-01-28,Inactive,Paid Ads,5
448,Surat,Gujarat,2023-07-02,Regular,Paid Ads,15
449,Coimbatore,Tamil Nadu,2024-01-06,New,Social Media,3
450,Surat,Gujarat,2023-01-02,Regular,Email,16
451,Kochi,Kerala,2023-03-21,Inactive,App Install,2
452,Patna,Bihar,2023-05-22,Regular,Referral,10
453,Lucknow,Uttar Pradesh,2023-02-15,Inactive,Paid Ads,3
454,Kolkata,West Bengal,2024-03-21,New,Organic Search,2
455,Chennai,Tamil Nadu,2024-01-29,Regular,App Install,9
456,Bhopal,Madhya Pradesh,2024-03-11,Inactive,Paid Ads,3
457,Chandigarh,Punjab,2023-11-15,Premium,Referral,58
458,Surat,Gujarat,2024-05-07,Regular,Organic Search,12
459,Bhopal,Madhya Pradesh,2024-03-07,New,Paid Ads,1
460,Kolkata,West Bengal,2024-02-12,New,App Install,3
461,Delhi,Delhi,2023-04-19,Premium,Referral,20
462,Kolkata,West Bengal,2023-12-21,Regular,App Install,7
463,Kolkata,West Bengal,2024-02-19,Regular,Organic Search,9
464,Pune,Maharashtra,2023-11-23,New,Paid Ads,3
465,Surat,Gujarat,2024-06-03,Inactive,Referral,4
466,Bengaluru,Karnataka,2023-01-12,New,Referral,3
467,Chennai,Tamil Nadu,2024-02-16,Regular,Referral,5
468,Nagpur,Maharashtra,2023-11-07,Regular,Referral,12
469,Patna,Bihar,2023-04-29,Inactive,Email,4
470,Delhi,Delhi,2024-05-29,Regular,Social Media,19
471,Jaipur,Rajasthan,2023-12-10,New,Email,2
472,Surat,Gujarat,2023-04-25,Regular,Paid Ads,17
473,Jaipur,Rajasthan,2024-06-28,New,Referral,3
474,Chennai,Tamil Nadu,2023-03-23,Premium,Paid Ads,15
475,Jaipur,Rajasthan,2023-12-12,New,App Install,3
476,Vadodara,Gujarat,2023-09-22,Regular,Paid Ads,20
477,Indore,Madhya Pradesh,2024-09-21,Inactive,App Install,4
478,Nagpur,Maharashtra,2024-03-21,Premium,Organic Search,44
479,Kochi,Kerala,2023-10-16,New,Organic Search,1
480,Chandigarh,Punjab,2024-05-16,New,Referral,2
481,Ahmedabad,Gujarat,2023-02-21,Regular,Email,15
482,Mumbai,Maharashtra,2023-09-16,New,Referral,2
483,Ahmedabad,Gujarat,2023-10-31,Regular,Organic Search,12
484,Chandigarh,Punjab,2023-07-03,Inactive,Social Media,3
485,Kochi,Kerala,2024-03-03,New,Organic Search,2
486,Agra,Uttar Pradesh,2023-11-29,Regular,Social Media,5
487,Jaipur,Rajasthan,2024-09-02,Inactive,Organic Search,3
488,Patna,Bihar,2023-02-07,Regular,Email,16
489,Surat,Gujarat,2023-09-12,New,Paid Ads,1
490,Bhopal,Madhya Pradesh,2024-07-01,Premium,Organic Search,23
491,Chennai,Tamil Nadu,2023-05-29,Inactive,App Install,4
492,Chennai,Tamil Nadu,2024-03-17,Regular,Social Media,15
493,Jaipur,Rajasthan,2024-04-14,Regular,App Install,11
494,Mumbai,Maharashtra,2024-06-20,Inactive,Email,4
495,Pune,Maharashtra,2023-02-11,Regular,Organic Search,14
496,Nagpur,Maharashtra,2024-01-17,Regular,Organic Search,8
497,Jaipur,Rajasthan,2024-09-15,Premium,App Install,55
498,Hyderabad,Telangana,2023-04-14,Premium,Referral,47
499,Lucknow,Uttar Pradesh,2023-03-22,Premium,Social Media,55
500,Bengaluru,Karnataka,2023-11-06,Regular,Referral,16
501,Bhopal,Madhya Pradesh,2023-01-23,New,Paid Ads,3
502,Mumbai,Maharashtra,2023-09-21,Inactive,App Install,1
503,Ahmedabad,Gujarat,2024-03-19,Premium,Organic Search,27
504,Indore,Madhya Pradesh,2024-08-07,Regular,Social Media,13
505,Mumbai,Maharashtra,2024-09-22,Regular,Email,11
506,Bhopal,Madhya Pradesh,2023-02-20,Inactive,Social Media,5
507,Bengaluru,Karnataka,2024-04-29,Regular,Paid Ads,17
508,Lucknow,Uttar Pradesh,2023-10-09,Regular,App Install,9
509,Delhi,Delhi,2023-10-11,Regular,Email,5
510,Ahmedabad,Gujarat,2024-09-11,Regular,Referral,9
511,Chennai,Tamil Nadu,2023-10-19,Inactive,Social Media,1
512,Pune,Maharashtra,2024-02-21,New,Paid Ads,1
513,Chandigarh,Punjab,2024-02-29,Regular,App Install,8
514,Ahmedabad,Gujarat,2023-10-09,Inactive,Social Media,4
515,Chandigarh,Punjab,2024-09-05,New,App Install,2
516,Coimbatore,Tamil Nadu,2023-04-10,Regular,Paid Ads,11
517,Kolkata,West Bengal,2023-01-19,Premium,App Install,35
518,Delhi,Delhi,2023-08-15,Regular,Organic Search,13
519,Mumbai,Maharashtra,2024-09-15,New,Referral,3
520,Surat,Gujarat,2024-03-06,New,App Install,3
521,Agra,Uttar Pradesh,2023-12-03,Regular,Email,16
522,Pune,Maharashtra,2024-05-02,New,Email,1
523,Nagpur,Maharashtra,2023-12-18,Regular,Social Media,14
524,Chandigarh,Punjab,2023-12-21,Inactive,Referral,2
525,Nagpur,Maharashtra,2024-04-18,Regular,App Install,19
526,Chandigarh,Punjab,2023-08-04,Regular,Email,9
527,Vadodara,Gujarat,2024-02-04,New,Social Media,2
528,Hyderabad,Telangana,2023-02-03,Regular,App Install,6
529,Mumbai,Maharashtra,2024-05-13,Premium,Email,37
530,Hyderabad,Telangana,2023-03-27,New,Paid Ads,3
531,Bengaluru,Karnataka,2024-06-26,New,Social Media,2
532,Nagpur,Maharashtra,2023-10-26,Premium,Social Media,43
533,Indore,Madhya Pradesh,2024-04-23,Regular,Organic Search,8
534,Chennai,Tamil Nadu,2024-10-01,Regular,Email,9
535,Nagpur,Maharashtra,2024-10-01,New,Social Media,3
536,Chandigarh,Punjab,2024-03-17,Regular,Referral,4
537,Hyderabad,Telangana,2023-10-18,Regular,Email,19
538,Bhopal,Madhya Pradesh,2023-08-29,Regular,Referral,8
539,Patna,Bihar,2024-01-23,Premium,Email,22
540,Bengaluru,Karnataka,2023-04-10,Regular,Referral,10
541,Coimbatore,Tamil Nadu,2023-08-05,Inactive,Organic Search,5
542,Agra,Uttar Pradesh,2023-10-24,New,Paid Ads,1
543,Bengaluru,Karnataka,2024-02-15,New,Email,2
544,Mumbai,Maharashtra,2023-12-27,Premium,Paid Ads,41
545,Pune,Maharashtra,2024-09-05,New,Social Media,2
546,Nagpur,Maharashtra,2024-01-07,New,App Install,1
547,Agra,Uttar Pradesh,2023-11-22,Premium,Email,49
548,Ahmedabad,Gujarat,2024-06-29,Regular,Referral,11
549,Patna,Bihar,2024-02-18,Regular,Referral,18
550,Delhi,Delhi,2023-10-21,Regular,Referral,9
551,Nagpur,Maharashtra,2023-07-01,Inactive,Referral,3
552,Bhopal,Madhya Pradesh,2023-01-04,New,Email,2
553,Bengaluru,Karnataka,2024-04-20,Regular,App Install,9
554,Chandigarh,Punjab,2023-04-11,Inactive,Referral,5
555,Kochi,Kerala,2024-03-04,New,Referral,2
556,Bhopal,Madhya Pradesh,2023-07-13,New,App Install,1
557,Bengaluru,Karnataka,2024-09-25,Regular,Paid Ads,8
558,Agra,Uttar Pradesh,2024-09-16,Regular,Email,20
559,Chandigarh,Punjab,2023-03-24,Inactive,Email,5
560,Pune,Maharashtra,2024-02-23,New,Organic Search,2
561,Jaipur,Rajasthan,2024-09-16,Premium,Paid Ads,25
562,Ahmedabad,Gujarat,2024-08-05,New,App Install,2
563,Surat,Gujarat,2023-04-04,New,Social Media,1
564,Pune,Maharashtra,2024-09-07,New,App Install,2
565,Coimbatore,Tamil Nadu,2024-07-19,Regular,Email,10
566,Coimbatore,Tamil Nadu,2023-06-15,Premium,Referral,38
567,Bengaluru,Karnataka,2023-09-03,Regular,Paid Ads,19
568,Agra,Uttar Pradesh,2023-07-24,New,Social Media,1
569,Bhopal,Madhya Pradesh,2023-10-28,Regular,Organic Search,4
570,Coimbatore,Tamil Nadu,2023-07-31,Premium,Email,44
571,Patna,Bihar,2024-04-15,New,Paid Ads,3
572,Jaipur,Rajasthan,2024-09-09,Regular,Referral,11
573,Patna,Bihar,2023-07-01,Premium,Referral,47
574,Agra,Uttar Pradesh,2023-04-24,New,Email,2
575,Kolkata,West Bengal,2023-06-13,Premium,Paid Ads,44
576,Coimbatore,Tamil Nadu,2023-03-13,Regular,Organic Search,5
577,Surat,Gujarat,2024-02-21,Premium,Email,45
578,Lucknow,Uttar Pradesh,2024-01-30,Inactive,Organic Search,4
579,Jaipur,Rajasthan,2023-09-24,Regular,App Install,7
580,Patna,Bihar,2024-09-13,Regular,App Install,4
581,Kolkata,West Bengal,2024-03-25,Inactive,Referral,1
582,Kochi,Kerala,2023-10-27,Regular,Referral,5
583,Coimbatore,Tamil Nadu,2024-01-08,New,Referral,3
584,Delhi,Delhi,2024-06-07,Premium,App Install,56
585,Kochi,Kerala,2024-03-26,Premium,Referral,22
586,Chennai,Tamil Nadu,2023-04-17,Premium,Paid Ads,31
587,Lucknow,Uttar Pradesh,2024-08-16,Regular,Organic Search,9
588,Bhopal,Madhya Pradesh,2024-01-11,Regular,Referral,14
589,Ahmedabad,Gujarat,2023-05-26,New,Paid Ads,2
590,Mumbai,Maharashtra,2023-08-04,New,Social Media,1
591,Kochi,Kerala,2023-12-04,Regular,App Install,6
592,Hyderabad,Telangana,2024-04-14,Regular,App Install,19
593,Chennai,Tamil Nadu,2023-09-08,Regular,Social Media,14
594,Chandigarh,Punjab,2023-10-30,Regular,App Install,18
595,Pune,Maharashtra,2023-12-05,Inactive,Referral,3
596,Kochi,Kerala,2024-08-04,New,Social Media,3
597,Patna,Bihar,2023-02-06,New,Paid Ads,1
598,Kolkata,West Bengal,2024-06-18,Premium,Social Media,16
599,Mumbai,Maharashtra,2023-08-15,Regular,Social Media,15
600,Vadodara,Gujarat,2023-10-26,Premium,Social Media,60
601,Delhi,Delhi,2023-06-12,New,Email,3
602,Patna,Bihar,2023-11-09,Regular,Referral,18
603,Lucknow,Uttar Pradesh,2023-10-29,New,Paid Ads,3
604,Chandigarh,Punjab,2023-05-12,New,Paid Ads,3
605,Nagpur,Maharashtra,2023-10-27,New,Referral,2
606,Bhopal,Madhya Pradesh,2023-08-22,Regular,Organic Search,10
607,Lucknow,Uttar Pradesh,2024-08-20,Inactive,Social Media,2
608,Chandigarh,Punjab,2024-08-21,Regular,Organic Search,12
609,Delhi,Delhi,2024-01-08,Premium,App Install,47
610,Chennai,Tamil Nadu,2024-06-13,Premium,Referral,45
611,Nagpur,Maharashtra,2024-09-25,Regular,Paid Ads,15
612,Pune,Maharashtra,2023-06-09,New,Email,3
613,Indore,Madhya Pradesh,2023-11-18,Regular,Email,15
614,Lucknow,Uttar Pradesh,2024-01-23,Regular,Referral,9
615,Surat,Gujarat,2024-06-21,Regular,Referral,9
616,Jaipur,Rajasthan,2024-05-10,Inactive,Referral,1
617,Patna,Bihar,2023-03-08,Regular,Social Media,11
618,Pune,Maharashtra,2023-11-13,New,Paid Ads,1
619,Patna,Bihar,2023-06-03,New,Social Media,3
620,Kolkata,West Bengal,2023-05-03,Regular,App Install,10
621,Kolkata,West Bengal,2024-01-01,Inactive,Referral,4
622,Bengaluru,Karnataka,2024-08-06,Regular,App Install,4
623,Hyderabad,Telangana,2024-06-20,Premium,Paid Ads,27
624,Bengaluru,Karnataka,2024-01-08,Regular,App Install,5
625,Surat,Gujarat,2024-02-13,New,App Install,1
626,Chandigarh,Punjab,2023-12-04,New,Email,1
627,Hyderabad,Telangana,2023-10-05,New,Email,3
628,Chennai,Tamil Nadu,2024-07-04,Regular,Organic Search,5
629,Lucknow,Uttar Pradesh,2024-04-02,New,Email,3
630,Patna,Bihar,2023-09-11,Regular,Paid Ads,12
631,Agra,Uttar Pradesh,2023-07-07,Premium,App Install,56
632,Surat,Gujarat,2023-09-08,Regular,Paid Ads,18
633,Kolkata,West Bengal,2023-07-01,New,Organic Search,3
634,Bengaluru,Karnataka,2023-09-30,Premium,Email,32
635,Hyderabad,Telangana,2023-04-04,Regular,App Install,10
636,Chennai,Tamil Nadu,2023-03-07,New,Paid Ads,3
637,Hyderabad,Telangana,2023-11-07,New,Organic Search,1
638,Mumbai,Maharashtra,2023-08-22,Premium,Paid Ads,52
639,Surat,Gujarat,2024-08-18,Regular,Referral,18
640,Kolkata,West Bengal,2023-04-11,Inactive,Email,1
641,Agra,Uttar Pradesh,2023-11-23,Regular,App Install,6
642,Indore,Madhya Pradesh,2023-07-21,New,Referral,1
643,Nagpur,Maharashtra,2024-03-28,Regular,Organic Search,19
644,Bengaluru,Karnataka,2023-07-22,New,Organic Search,3
645,Kochi,Kerala,2024-08-26,Regular,Paid Ads,19
646,Lucknow,Uttar Pradesh,2023-11-04,New,Email,1
647,Kochi,Kerala,2024-08-18,Regular,Referral,7
648,Indore,Madhya Pradesh,2024-03-29,Regular,App Install,10
649,Lucknow,Uttar Pradesh,2024-08-26,Premium,App Install,54
650,Jaipur,Rajasthan,2024-04-12,Premium,Organic Search,31
651,Hyderabad,Telangana,2024-02-21,New,Email,2
652,Delhi,Delhi,2024-05-19,Premium,App Install,26
653,Vadodara,Gujarat,2023-12-03,Inactive,Email,4
654,Lucknow,Uttar Pradesh,2024-06-10,New,Social Media,3
655,Coimbatore,Tamil Nadu,2023-11-03,Premium,Social Media,49
656,Jaipur,Rajasthan,2023-09-12,Regular,Social Media,12
657,Delhi,Delhi,2024-07-28,New,Email,2
658,Bhopal,Madhya Pradesh,2024-10-02,Inactive,Referral,1
659,Delhi,Delhi,2023-07-06,Premium,Referral,15
660,Bengaluru,Karnataka,2023-11-23,Regular,Email,19
661,Indore,Madhya Pradesh,2024-05-22,Regular,Paid Ads,9
662,Pune,Maharashtra,2023-03-09,New,Referral,3
663,Agra,Uttar Pradesh,2023-11-08,Regular,Organic Search,18
664,Bengaluru,Karnataka,2023-12-17,Regular,App Install,9
665,Chandigarh,Punjab,2023-07-18,Premium,Organic Search,29
666,Bhopal,Madhya Pradesh,2023-08-07,Regular,Social Media,20
667,Chandigarh,Punjab,2023-11-09,New,Social Media,3
668,Chennai,Tamil Nadu,2024-04-28,Premium,Organic Search,58
669,Surat,Gujarat,2023-11-04,Inactive,Email,2
670,Lucknow,Uttar Pradesh,2024-08-07,Regular,App Install,8
671,Jaipur,Rajasthan,2023-11-28,New,Paid Ads,1
672,Kochi,Kerala,2024-02-10,Regular,Paid Ads,9
673,Agra,Uttar Pradesh,2024-09-16,Regular,App Install,9
674,Pune,Maharashtra,2023-11-30,Inactive,Email,4
675,Bhopal,Madhya Pradesh,2024-09-01,New,Referral,3
676,Bhopal,Madhya Pradesh,2023-10-03,Inactive,Paid Ads,3
677,Patna,Bihar,2024-04-28,Regular,Social Media,15
678,Vadodara,Gujarat,2023-05-29,Regular,Social Media,14
679,Chennai,Tamil Nadu,2023-12-29,New,App Install,2
680,Chennai,Tamil Nadu,2024-04-05,Premium,Social Media,42
681,Nagpur,Maharashtra,2024-07-30,Regular,Referral,17
682,Hyderabad,Telangana,2023-01-06,Inactive,Referral,1
683,Hyderabad,Telangana,2024-02-23,New,Social Media,3
684,Delhi,Delhi,2023-05-24,New,Referral,2
685,Mumbai,Maharashtra,2023-01-20,Regular,App Install,10
686,Lucknow,Uttar Pradesh,2023-08-02,New,App Install,3
687,Indore,Madhya Pradesh,2023-09-20,New,Social Media,2
688,Kolkata,West Bengal,2023-01-25,Inactive,Social Media,4
689,Chennai,Tamil Nadu,2024-01-27,Regular,Social Media,10
690,Patna,Bihar,2023-08-09,New,Email,3
691,Patna,Bihar,2024-03-26,Regular,Social Media,7
692,Lucknow,Uttar Pradesh,2023-03-18,Inactive,Paid Ads,2
693,Nagpur,Maharashtra,2023-11-30,Regular,App Install,19
694,Vadodara,Gujarat,2024-08-30,Premium,Referral,17
695,Chandigarh,Punjab,2024-02-04,Regular,App Install,19
696,Bhopal,Madhya Pradesh,2023-09-13,Regular,Social Media,16
697,Nagpur,Maharashtra,2023-03-02,New,Organic Search,1
698,Vadodara,Gujarat,2023-12-17,Inactive,Social Media,5
699,Jaipur,Rajasthan,2024-01-14,Inactive,Referral,3
700,Surat,Gujarat,2023-04-24,New,Referral,1
701,Bhopal,Madhya Pradesh,2023-03-17,Inactive,Social Media,4
702,Vadodara,Gujarat,2023-06-05,Regular,Paid Ads,13
703,Coimbatore,Tamil Nadu,2024-08-10,Inactive,Paid Ads,5
704,Delhi,Delhi,2023-04-01,Regular,Referral,11
705,Hyderabad,Telangana,2023-12-02,Premium,Email,49
706,Pune,Maharashtra,2023-09-24,New,Email,3
707,Patna,Bihar,2023-10-26,Premium,App Install,16
708,Indore,Madhya Pradesh,2023-05-24,Premium,Organic Search,59
709,Kolkata,West Bengal,2023-11-18,New,Social Media,2
710,Bengaluru,Karnataka,2023-08-08,Regular,Paid Ads,14
711,Nagpur,Maharashtra,2024-04-24,Regular,Paid Ads,18
712,Nagpur,Maharashtra,2024-01-06,Inactive,Social Media,2
713,Vadodara,Gujarat,2023-09-23,Regular,Social Media,4
714,Surat,Gujarat,2023-05-24,New,Organic Search,3
715,Lucknow,Uttar Pradesh,2024-02-25,Regular,Referral,16
716,Delhi,Delhi,2024-05-13,New,Organic Search,3
717,Mumbai,Maharashtra,2023-03-03,Inactive,Email,3
718,Jaipur,Rajasthan,2023-01-17,New,Email,2
719,Pune,Maharashtra,2023-02-02,Regular,Email,14
720,Kolkata,West Bengal,2024-07-05,Premium,Referral,33
721,Delhi,Delhi,2024-08-11,New,Social Media,3
722,Agra,Uttar Pradesh,2023-03-10,Regular,App Install,6
723,Coimbatore,Tamil Nadu,2024-08-01,Regular,Organic Search,7
724,Indore,Madhya Pradesh,2024-06-28,Premium,Paid Ads,47
725,Agra,Uttar Pradesh,2023-03-31,Premium,Email,44
726,Agra,Uttar Pradesh,2024-09-16,Regular,App Install,10
727,Nagpur,Maharashtra,2023-03-16,New,App Install,2
728,Kolkata,West Bengal,2023-10-11,Regular,Referral,18
729,Mumbai,Maharashtra,2023-06-05,New,App Install,2
730,Chandigarh,Punjab,2023-03-16,Premium,Paid Ads,56
731,Lucknow,Uttar Pradesh,2024-08-12,Inactive,Social Media,4
732,Nagpur,Maharashtra,2024-06-24,New,App Install,3
733,Vadodara,Gujarat,2024-03-18,New,Organic Search,2
734,Hyderabad,Telangana,2024-08-11,Regular,Social Media,4
735,Indore,Madhya Pradesh,2024-09-30,New,Referral,1
736,Bhopal,Madhya Pradesh,2023-01-09,Regular,Paid Ads,14
737,Lucknow,Uttar Pradesh,2024-03-13,Regular,Paid Ads,12
738,Delhi,Delhi,2023-08-17,Premium,Email,58
739,Pune,Maharashtra,2023-12-01,Inactive,Email,4
740,Pune,Maharashtra,2023-07-25,Premium,Email,37
741,Nagpur,Maharashtra,2024-08-13,New,Paid Ads,1
742,Kochi,Kerala,2023-06-01,Regular,Paid Ads,13
743,Pune,Maharashtra,2023-07-05,Premium,Organic Search,16
744,Nagpur,Maharashtra,2024-06-30,Inactive,Email,1
745,Kolkata,West Bengal,2023-05-11,Regular,Email,15
746,Vadodara,Gujarat,2023-03-12,Premium,Social Media,35
747,Coimbatore,Tamil Nadu,2023-08-24,Regular,App Install,10
748,Indore,Madhya Pradesh,2023-07-26,Regular,Social Media,9
749,Lucknow,Uttar Pradesh,2024-03-10,Regular,Social Media,11
750,Pune,Maharashtra,2023-08-11,Inactive,Social Media,1
751,Pune,Maharashtra,2023-05-21,New,Referral,1
752,Agra,Uttar Pradesh,2024-01-20,Inactive,Organic Search,4
753,Jaipur,Rajasthan,2023-08-02,Regular,Referral,5
754,Surat,Gujarat,2024-04-02,New,Referral,2
755,Agra,Uttar Pradesh,2023-07-23,Regular,Paid Ads,16
756,Nagpur,Maharashtra,2024-08-27,New,Organic Search,1
757,Surat,Gujarat,2023-06-29,Inactive,Email,5
758,Jaipur,Rajasthan,2024-06-12,Regular,Organic Search,9
759,Hyderabad,Telangana,2023-08-03,Premium,Organic Search,46
760,Ahmedabad,Gujarat,2024-09-11,Premium,Social Media,35
761,Chandigarh,Punjab,2024-03-01,New,Paid Ads,1
762,Bhopal,Madhya Pradesh,2023-04-03,Inactive,Email,3
763,Chandigarh,Punjab,2024-05-04,Premium,Social Media,47
764,Chennai,Tamil Nadu,2023-04-25,New,Referral,1
765,Surat,Gujarat,2023-01-08,Inactive,Referral,4
766,Vadodara,Gujarat,2024-02-14,Regular,Organic Search,15
767,Jaipur,Rajasthan,2024-01-05,Inactive,Social Media,1
768,Nagpur,Maharashtra,2024-03-20,New,App Install,2
769,Bengaluru,Karnataka,2023-08-23,Regular,App Install,6
770,Agra,Uttar Pradesh,2024-02-04,Regular,Referral,4
771,Bhopal,Madhya Pradesh,2023-10-09,Regular,App Install,14
772,Chennai,Tamil Nadu,2023-02-16,New,Paid Ads,1
773,Hyderabad,Telangana,2023-07-01,Regular,Email,4
774,Indore,Madhya Pradesh,2023-05-12,New,Email,1
775,Indore,Madhya Pradesh,2023-05-24,Premium,App Install,45
776,Delhi,Delhi,2023-02-09,New,Organic Search,3
777,Agra,Uttar Pradesh,2023-08-03,Inactive,App Install,3
778,Vadodara,Gujarat,2024-01-16,New,Email,2
779,Lucknow,Uttar Pradesh,2023-06-11,New,Referral,1
780,Bengaluru,Karnataka,2023-06-28,Regular,Email,8
781,Coimbatore,Tamil Nadu,2023-07-05,Inactive,Social Media,1
782,Lucknow,Uttar Pradesh,2023-06-16,Regular,Organic Search,19
783,Patna,Bihar,2023-07-28,Inactive,Social Media,4
784,Surat,Gujarat,2024-10-02,New,Social Media,2
785,Kolkata,West Bengal,2024-09-28,Premium,Social Media,16
786,Coimbatore,Tamil Nadu,2023-01-27,New,Social Media,1
787,Agra,Uttar Pradesh,2024-04-26,Regular,Organic Search,8
788,Chennai,Tamil Nadu,2024-02-22,New,Organic Search,3
789,Indore,Madhya Pradesh,2024-01-22,Regular,Email,20
790,Ahmedabad,Gujarat,2023-06-23,New,Paid Ads,1
791,Vadodara,Gujarat,2023-01-16,New,Social Media,1
792,Surat,Gujarat,2023-04-05,Regular,Referral,6
793,Kochi,Kerala,2023-04-26,Regular,Referral,18
794,Kochi,Kerala,2024-03-01,Regular,Email,18
795,Kolkata,West Bengal,2023-05-18,New,Email,3
796,Chandigarh,Punjab,2023-01-01,Premium,Social Media,45
797,Jaipur,Rajasthan,2024-04-25,Regular,Social Media,8
798,Vadodara,Gujarat,2023-11-27,Regular,App Install,15
799,Surat,Gujarat,2024-09-20,New,App Install,3
800,Coimbatore,Tamil Nadu,2023-04-09,Regular,Referral,19
801,Kolkata,West Bengal,2024-08-07,Premium,Paid Ads,23
802,Kolkata,West Bengal,2023-08-13,Inactive,Email,2
803,Indore,Madhya Pradesh,2023-05-27,Premium,Paid Ads,57
804,Agra,Uttar Pradesh,2023-03-26,Inactive,App Install,1
805,Lucknow,Uttar Pradesh,2024-02-18,New,Social Media,3
806,Bengaluru,Karnataka,2023-04-18,Inactive,Paid Ads,2
807,Surat,Gujarat,2023-09-14,Regular,Paid Ads,13
808,Pune,Maharashtra,2023-12-03,New,App Install,2
809,Indore,Madhya Pradesh,2024-08-27,Inactive,Email,5
810,Surat,Gujarat,2024-08-14,New,Social Media,1
811,Lucknow,Uttar Pradesh,2023-12-02,Inactive,Referral,3
812,Pune,Maharashtra,2023-05-29,New,Email,3
813,Hyderabad,Telangana,2023-02-05,New,App Install,2
814,Nagpur,Maharashtra,2023-02-19,Regular,Paid Ads,9
815,Indore,Madhya Pradesh,2023-01-15,Regular,Paid Ads,5
816,Chennai,Tamil Nadu,2023-09-01,Inactive,Paid Ads,4
817,Chandigarh,Punjab,2023-11-27,Regular,Organic Search,19
818,Mumbai,Maharashtra,2024-05-10,Regular,Social Media,10
819,Patna,Bihar,2024-08-14,New,Referral,2
820,Patna,Bihar,2023-08-08,Inactive,Referral,5
821,Coimbatore,Tamil Nadu,2023-09-27,Regular,Email,18
822,Ahmedabad,Gujarat,2023-05-01,New,App Install,2
823,Nagpur,Maharashtra,2024-06-10,Regular,Social Media,14
824,Coimbatore,Tamil Nadu,2023-07-10,Regular,Social Media,14
825,Agra,Uttar Pradesh,2024-05-14,Regular,Email,18
826,Lucknow,Uttar Pradesh,2023-04-09,New,App Install,2
827,Mumbai,Maharashtra,2024-06-15,New,Social Media,1
828,Surat,Gujarat,2024-01-10,Inactive,Referral,1
829,Indore,Madhya Pradesh,2024-07-10,New,Paid Ads,1
830,Kochi,Kerala,2023-08-21,Inactive,Referral,1
831,Kochi,Kerala,2023-05-04,Regular,Email,13
832,Jaipur,Rajasthan,2023-05-10,Regular,Social Media,13
833,Surat,Gujarat,2024-04-08,Regular,Referral,6
834,Lucknow,Uttar Pradesh,2024-05-31,Regular,Paid Ads,16
835,Patna,Bihar,2024-06-07,Regular,Paid Ads,8
836,Jaipur,Rajasthan,2023-08-16,Regular,Organic Search,10
837,Nagpur,Maharashtra,2023-12-29,Regular,Email,8
838,Hyderabad,Telangana,2024-07-30,Premium,Email,48
839,Lucknow,Uttar Pradesh,2023-02-18,Regular,Email,15
840,Agra,Uttar Pradesh,2024-07-06,Regular,Paid Ads,20
841,Pune,Maharashtra,2023-06-20,New,Social Media,1
842,Nagpur,Maharashtra,2023-04-13,Premium,App Install,25
843,Bhopal,Madhya Pradesh,2024-09-25,New,Paid Ads,3
844,Kochi,Kerala,2023-06-05,New,Email,3
845,Kochi,Kerala,2024-03-10,Regular,Paid Ads,12
846,Kochi,Kerala,2023-02-20,Inactive,Referral,3
847,Ahmedabad,Gujarat,2024-02-04,Premium,Email,41
848,Pune,Maharashtra,2024-05-02,New,Referral,2
849,Patna,Bihar,2023-05-20,Regular,App Install,13
850,Chandigarh,Punjab,2023-01-01,Regular,Organic Search,12
851,Kochi,Kerala,2024-07-23,New,App Install,2
852,Mumbai,Maharashtra,2023-08-02,Inactive,App Install,5
853,Delhi,Delhi,2024-08-31,Premium,Organic Search,18
854,Bhopal,Madhya Pradesh,2024-02-25,New,Paid Ads,1
855,Vadodara,Gujarat,2024-05-07,Inactive,Paid Ads,2
856,Agra,Uttar Pradesh,2024-02-05,Premium,Paid Ads,56
857,Patna,Bihar,2024-03-05,Regular,Referral,10
858,Jaipur,Rajasthan,2023-09-12,Regular,Social Media,6
859,Delhi,Delhi,2023-08-20,New,Social Media,1
860,Bhopal,Madhya Pradesh,2024-02-16,New,Organic Search,3
861,Kochi,Kerala,2024-08-22,New,App Install,1
862,Jaipur,Rajasthan,2023-07-30,Regular,Referral,8
863,Nagpur,Maharashtra,2023-10-10,New,Social Media,1
864,Vadodara,Gujarat,2023-05-01,New,Email,2
865,Mumbai,Maharashtra,2024-06-20,New,Organic Search,3
866,Chandigarh,Punjab,2024-09-04,Regular,Referral,11
867,Kolkata,West Bengal,2024-03-24,New,Social Media,1
868,Ahmedabad,Gujarat,2024-07-08,Regular,App Install,18
869,Bengaluru,Karnataka,2023-06-07,Regular,Organic Search,14
870,Surat,Gujarat,2023-10-06,Regular,Organic Search,16
871,Indore,Madhya Pradesh,2023-09-19,Regular,Organic Search,18
872,Chandigarh,Punjab,2024-03-12,New,Email,1
873,Hyderabad,Telangana,2024-05-13,Regular,Social Media,11
874,Delhi,Delhi,2024-06-19,Inactive,Organic Search,1
875,Kochi,Kerala,2024-09-09,Regular,Email,15
876,Bhopal,Madhya Pradesh,2023-09-05,Regular,App Install,19
877,Chennai,Tamil Nadu,2024-03-18,New,Referral,1
878,Vadodara,Gujarat,2023-04-18,Regular,Social Media,12
879,Bengaluru,Karnataka,2023-09-15,Regular,App Install,20
880,Lucknow,Uttar Pradesh,2023-12-03,New,Referral,3
881,Kolkata,West Bengal,2023-09-15,Premium,Social Media,20
882,Kolkata,West Bengal,2023-01-14,Inactive,Organic Search,4
883,Mumbai,Maharashtra,2023-09-06,Regular,Email,19
884,Coimbatore,Tamil Nadu,2023-08-15,Premium,Email,42
885,Vadodara,Gujarat,2023-09-30,Regular,Organic Search,19
886,Nagpur,Maharashtra,2024-07-28,New,Email,3
887,Hyderabad,Telangana,2024-01-20,Inactive,Email,5
888,Jaipur,Rajasthan,2024-01-27,Inactive,Organic Search,5
889,Pune,Maharashtra,2023-04-21,Regular,Email,7
890,Indore,Madhya Pradesh,2024-08-12,New,Organic Search,1
891,Bhopal,Madhya Pradesh,2023-09-02,Regular,Social Media,17
892,Jaipur,Rajasthan,2024-02-08,Inactive,App Install,1
893,Kolkata,West Bengal,2023-12-22,Regular,App Install,18
894,Coimbatore,Tamil Nadu,2024-04-16,Regular,Email,20
895,Hyderabad,Telangana,2023-02-08,Premium,Referral,55
896,Ahmedabad,Gujarat,2024-03-18,Inactive,App Install,1
897,Lucknow,Uttar Pradesh,2023-08-10,New,Email,1
898,Chennai,Tamil Nadu,2023-01-25,Regular,App Install,14
899,Indore,Madhya Pradesh,2023-04-12,Regular,Social Media,17
900,Indore,Madhya Pradesh,2023-01-30,Regular,App Install,18
901,Agra,Uttar Pradesh,2023-09-17,Premium,Social Media,58
902,Kolkata,West Bengal,2023-12-19,Regular,Social Media,11
903,Agra,Uttar Pradesh,2023-10-11,New,Referral,1
904,Nagpur,Maharashtra,2023-11-29,New,Referral,3
905,Kolkata,West Bengal,2023-09-27,Regular,Paid Ads,10
906,Indore,Madhya Pradesh,2024-07-25,Regular,Email,14
907,Nagpur,Maharashtra,2024-02-15,New,Social Media,1
908,Patna,Bihar,2024-05-26,Inactive,Organic Search,3
909,Mumbai,Maharashtra,2023-12-27,New,Email,3
910,Bhopal,Madhya Pradesh,2023-08-22,New,Social Media,2
911,Lucknow,Uttar Pradesh,2023-04-14,Regular,App Install,6
912,Vadodara,Gujarat,2024-02-20,Regular,Social Media,19
913,Kolkata,West Bengal,2023-07-10,Regular,Referral,10
914,Chandigarh,Punjab,2023-09-29,New,App Install,2
915,Bhopal,Madhya Pradesh,2023-12-26,Regular,Social Media,18
916,Ahmedabad,Gujarat,2024-01-06,New,Paid Ads,1
917,Bhopal,Madhya Pradesh,2023-11-27,Regular,Organic Search,7
918,Bhopal,Madhya Pradesh,2023-07-14,Regular,Email,13
919,Nagpur,Maharashtra,2024-06-02,Inactive,App Install,5
920,Patna,Bihar,2023-10-31,Inactive,Email,5
921,Nagpur,Maharashtra,2023-07-02,Regular,Referral,6
922,Coimbatore,Tamil Nadu,2023-07-23,New,Organic Search,1
923,Bhopal,Madhya Pradesh,2024-09-04,Inactive,App Install,4
924,Vadodara,Gujarat,2023-09-27,Regular,Paid Ads,14
925,Bhopal,Madhya Pradesh,2024-06-29,Regular,Social Media,16
926,Pune,Maharashtra,2023-05-17,New,Referral,1
927,Jaipur,Rajasthan,2023-10-28,Regular,Email,6
928,Indore,Madhya Pradesh,2023-11-28,Inactive,Paid Ads,4
929,Patna,Bihar,2023-02-11,Inactive,Paid Ads,5
930,Delhi,Delhi,2023-06-08,New,App Install,2
931,Kolkata,West Bengal,2023-01-27,Premium,Referral,29
932,Patna,Bihar,2023-08-13,Regular,Paid Ads,11
933,Hyderabad,Telangana,2024-03-26,Inactive,App Install,2
934,Bengaluru,Karnataka,2023-05-29,Premium,Organic Search,33
935,Surat,Gujarat,2023-09-07,New,Organic Search,3
936,Agra,Uttar Pradesh,2024-05-09,Premium,Referral,41
937,Surat,Gujarat,2024-07-23,Inactive,Email,5
938,Vadodara,Gujarat,2023-07-16,Regular,Referral,9
939,Coimbatore,Tamil Nadu,2024-06-15,Inactive,Email,4
940,Kolkata,West Bengal,2024-08-12,New,Referral,3
941,Coimbatore,Tamil Nadu,2023-09-25,Regular,App Install,15
942,Lucknow,Uttar Pradesh,2023-09-27,New,Referral,2
943,Coimbatore,Tamil Nadu,2024-01-09,New,Paid Ads,2
944,Patna,Bihar,2024-07-07,Regular,Social Media,6
945,Pune,Maharashtra,2023-05-18,Inactive,Social Media,2
946,Bengaluru,Karnataka,2024-07-05,Inactive,Email,2
947,Agra,Uttar Pradesh,2023-04-09,New,Email,3
948,Bengaluru,Karnataka,2024-05-02,Inactive,Email,3
949,Agra,Uttar Pradesh,2023-04-18,Premium,Email,29
950,Kochi,Kerala,2023-12-23,New,App Install,3
951,Patna,Bihar,2024-07-21,Regular,Paid Ads,18
952,Agra,Uttar Pradesh,2023-10-03,Inactive,Email,1
953,Agra,Uttar Pradesh,2024-04-16,Regular,Email,18
954,Coimbatore,Tamil Nadu,2024-05-24,Regular,Email,17
955,Ahmedabad,Gujarat,2023-03-08,Premium,Paid Ads,16
956,Chandigarh,Punjab,2024-07-27,Premium,Referral,50
957,Mumbai,Maharashtra,2023-02-28,New,Social Media,2
958,Surat,Gujarat,2023-06-01,New,Organic Search,3
959,Lucknow,Uttar Pradesh,2023-12-29,Regular,Organic Search,12
960,Nagpur,Maharashtra,2024-08-06,Regular,Social Media,4
961,Nagpur,Maharashtra,2024-09-04,New,Referral,2
962,Indore,Madhya Pradesh,2023-05-17,Premium,Referral,28
963,Coimbatore,Tamil Nadu,2024-04-07,Premium,Social Media,49
964,Vadodara,Gujarat,2023-11-08,Regular,Social Media,11
965,Bengaluru,Karnataka,2024-08-06,Regular,Email,17
966,Chennai,Tamil Nadu,2023-05-28,Regular,Email,14
967,Mumbai,Maharashtra,2023-01-07,New,Email,1
968,Kochi,Kerala,2024-01-02,New,Email,1
969,Indore,Madhya Pradesh,2023-03-14,New,Email,1
970,Vadodara,Gujarat,2024-06-26,Inactive,Referral,2
971,Chennai,Tamil Nadu,2023-07-19,Premium,Paid Ads,53
972,Delhi,Delhi,2023-07-03,Regular,Paid Ads,4
973,Coimbatore,Tamil Nadu,2024-05-21,Regular,App Install,7
974,Vadodara,Gujarat,2023-12-06,Inactive,Organic Search,1
975,Pune,Maharashtra,2024-02-18,Regular,Email,16
976,Jaipur,Rajasthan,2024-02-22,Regular,Referral,19
977,Bengaluru,Karnataka,2023-05-22,Regular,Social Media,9
978,Vadodara,Gujarat,2023-04-09,New,Social Media,2
979,Pune,Maharashtra,2023-07-01,New,App Install,2
980,Lucknow,Uttar Pradesh,2023-09-16,New,Referral,1
981,Delhi,Delhi,2023-07-08,Inactive,Social Media,4
982,Kochi,Kerala,2023-07-25,New,Paid Ads,2
983,Bengaluru,Karnataka,2023-03-25,Premium,Social Media,43
984,Lucknow,Uttar Pradesh,2023-04-07,Regular,Email,12
985,Nagpur,Maharashtra,2023-01-21,Regular,Email,5
986,Patna,Bihar,2024-07-24,Inactive,Organic Search,3
987,Vadodara,Gujarat,2023-04-08,Regular,Paid Ads,4
988,Jaipur,Rajasthan,2024-06-25,Regular,Organic Search,4
989,Patna,Bihar,2023-12-01,Regular,Referral,13
990,Hyderabad,Telangana,2023-01-29,New,Email,3
991,Jaipur,Rajasthan,2024-01-19,Regular,Organic Search,9
992,Delhi,Delhi,2023-07-13,Regular,App Install,19
993,Lucknow,Uttar Pradesh,2023-07-06,Premium,Email,28
994,Jaipur,Rajasthan,2023-12-20,New,Organic Search,3
995,Agra,Uttar Pradesh,2023-06-08,New,Email,2
996,Mumbai,Maharashtra,2024-08-10,Regular,Paid Ads,18
997,Ahmedabad,Gujarat,2023-07-01,Inactive,Email,2
998,Jaipur,Rajasthan,2024-03-31,New,Organic Search,3
999,Agra,Uttar Pradesh,2023-02-09,New,Email,1
1000,Kochi,Kerala,2023-11-16,New,Social Media,1
1001,Delhi,Delhi,2023-12-24,Regular,App Install,9
1002,Nagpur,Maharashtra,2024-08-27,Inactive,Email,2
1003,Surat,Gujarat,2023-04-13,Regular,Referral,10
1004,Agra,Uttar Pradesh,2024-09-09,New,Paid Ads,3
1005,Ahmedabad,Gujarat,2023-12-12,Regular,Referral,16
1006,Ahmedabad,Gujarat,2024-04-03,Inactive,Organic Search,5
1007,Hyderabad,Telangana,2023-03-09,Regular,Social Media,11
1008,Bengaluru,Karnataka,2024-01-10,Premium,Paid Ads,30
1009,Coimbatore,Tamil Nadu,2024-05-17,New,Paid Ads,2
1010,Lucknow,Uttar Pradesh,2023-02-12,New,Social Media,1
1011,Nagpur,Maharashtra,2024-05-06,Premium,App Install,60
1012,Bhopal,Madhya Pradesh,2024-08-28,Regular,Organic Search,20
1013,Indore,Madhya Pradesh,2023-04-04,Inactive,App Install,3
1014,Mumbai,Maharashtra,2024-06-23,Premium,Email,51
1015,Chandigarh,Punjab,2024-06-28,Regular,Email,16
1016,Chennai,Tamil Nadu,2024-07-13,Regular,App Install,10
1017,Bengaluru,Karnataka,2023-10-17,Regular,Social Media,8
1018,Indore,Madhya Pradesh,2024-04-03,Regular,Paid Ads,13
1019,Delhi,Delhi,2024-03-12,New,Referral,2
1020,Chandigarh,Punjab,2024-01-22,Regular,Organic Search,19
1021,Chennai,Tamil Nadu,2023-01-25,Premium,Referral,21
1022,Chennai,Tamil Nadu,2023-11-26,New,Email,2
1023,Kochi,Kerala,2024-09-16,Regular,Referral,13
1024,Pune,Maharashtra,2024-05-24,Regular,Social Media,5
1025,Bengaluru,Karnataka,2024-06-24,Regular,Organic Search,10
1026,Vadodara,Gujarat,2023-04-02,Regular,Social Media,9
1027,Mumbai,Maharashtra,2023-11-18,Inactive,App Install,1
1028,Kochi,Kerala,2024-07-01,New,Organic Search,1
1029,Bengaluru,Karnataka,2023-11-07,New,Referral,1
1030,Bengaluru,Karnataka,2023-12-27,New,Email,1
1031,Kolkata,West Bengal,2024-03-20,New,App Install,3
1032,Hyderabad,Telangana,2024-06-20,Inactive,Paid Ads,5
1033,Nagpur,Maharashtra,2024-01-15,Regular,App Install,5
1034,Mumbai,Maharashtra,2023-08-08,Premium,Organic Search,44
1035,Mumbai,Maharashtra,2023-07-10,Regular,Paid Ads,14
1036,Chandigarh,Punjab,2023-03-16,Regular,App Install,10
1037,Chennai,Tamil Nadu,2024-05-22,Regular,Paid Ads,4
1038,Pune,Maharashtra,2023-02-16,Premium,Referral,28
1039,Hyderabad,Telangana,2023-04-30,New,Social Media,1
1040,Delhi,Delhi,2023-09-04,Regular,App Install,14
1041,Patna,Bihar,2023-07-01,New,Referral,1
1042,Surat,Gujarat,2024-01-16,Premium,Referral,17
1043,Patna,Bihar,2023-06-09,Inactive,Paid Ads,5
1044,Lucknow,Uttar Pradesh,2023-09-10,Regular,Email,12
1045,Chandigarh,Punjab,2024-03-08,Regular,App Install,13
1046,Surat,Gujarat,2023-07-29,Regular,App Install,12
1047,Bengaluru,Karnataka,2024-02-24,Premium,App Install,15
1048,Surat,Gujarat,2024-03-01,Inactive,Referral,4
1049,Vadodara,Gujarat,2023-10-12,Regular,Paid Ads,19
1050,Mumbai,Maharashtra,2023-09-17,Premium,Email,15
1051,Chandigarh,Punjab,2024-02-09,Regular,Organic Search,18
1052,Kochi,Kerala,2023-05-12,Premium,App Install,59
1053,Surat,Gujarat,2023-08-17,New,Organic Search,3
1054,Lucknow,Uttar Pradesh,2023-04-28,Premium,Organic Search,25
1055,Agra,Uttar Pradesh,2024-05-15,New,Organic Search,1
1056,Delhi,Delhi,2024-07-03,Inactive,Social Media,2
1057,Lucknow,Uttar Pradesh,2023-09-20,New,App Install,3
1058,Jaipur,Rajasthan,2024-02-12,New,Social Media,3
1059,Nagpur,Maharashtra,2023-10-21,New,Social Media,3
1060,Lucknow,Uttar Pradesh,2023-09-25,New,Organic Search,1
1061,Vadodara,Gujarat,2024-02-09,New,Paid Ads,1
1062,Delhi,Delhi,2024-07-22,Regular,Referral,10
1063,Delhi,Delhi,2023-05-11,Premium,Email,17
1064,Bhopal,Madhya Pradesh,2024-04-25,New,Referral,1
1065,Delhi,Delhi,2023-04-25,Premium,Paid Ads,17
1066,Kolkata,West Bengal,2024-02-02,Premium,Paid Ads,20
1067,Bhopal,Madhya Pradesh,2023-03-11,New,Paid Ads,2
1068,Surat,Gujarat,2024-09-22,New,Social Media,2
1069,Pune,Maharashtra,2023-05-27,Premium,Referral,53
1070,Agra,Uttar Pradesh,2023-02-12,Regular,App Install,20
1071,Surat,Gujarat,2023-07-13,New,Paid Ads,3
1072,Lucknow,Uttar Pradesh,2023-11-22,New,Organic Search,3
1073,Bhopal,Madhya Pradesh,2023-01-15,New,Paid Ads,2
1074,Delhi,Delhi,2023-09-14,New,Paid Ads,2
1075,Patna,Bihar,2024-04-18,Regular,Paid Ads,5
1076,Kochi,Kerala,2024-02-05,Premium,Referral,24
1077,Nagpur,Maharashtra,2023-10-26,Premium,Email,19
1078,Chandigarh,Punjab,2023-08-19,Inactive,Paid Ads,2
1079,Patna,Bihar,2023-12-10,New,App Install,3
1080,Chennai,Tamil Nadu,2024-03-25,Inactive,Organic Search,4
1081,Lucknow,Uttar Pradesh,2023-03-13,New,Paid Ads,3
1082,Chennai,Tamil Nadu,2024-06-25,Regular,Social Media,9
1083,Pune,Maharashtra,2023-05-27,New,Email,2
1084,Lucknow,Uttar Pradesh,2023-02-28,Premium,Organic Search,58
1085,Jaipur,Rajasthan,2023-03-08,Inactive,Referral,5
1086,Delhi,Delhi,2024-07-01,Inactive,Organic Search,5
1087,Jaipur,Rajasthan,2023-06-23,Regular,App Install,14
1088,Nagpur,Maharashtra,2024-01-15,New,Organic Search,1
1089,Ahmedabad,Gujarat,2023-04-17,Regular,App Install,11
1090,Hyderabad,Telangana,2023-01-07,Premium,Referral,15
1091,Vadodara,Gujarat,2024-07-30,New,Organic Search,2
1092,Delhi,Delhi,2024-08-03,Regular,Organic Search,11
1093,Coimbatore,Tamil Nadu,2023-02-06,New,Email,3
1094,Delhi,Delhi,2023-03-17,Regular,Organic Search,19
1095,Delhi,Delhi,2024-08-08,New,App Install,2
1096,Patna,Bihar,2023-10-17,New,App Install,3
1097,Coimbatore,Tamil Nadu,2024-02-01,New,Referral,3
1098,Indore,Madhya Pradesh,2023-09-01,New,App Install,2
1099,Indore,Madhya Pradesh,2024-09-19,Inactive,Social Media,3
1100,Indore,Madhya Pradesh,2024-04-10,Regular,Referral,8
1101,Pune,Maharashtra,2024-04-10,Inactive,Email,3
1102,Bengaluru,Karnataka,2023-08-18,New,Paid Ads,2
1103,Ahmedabad,Gujarat,2023-06-28,New,Referral,2
1104,Nagpur,Maharashtra,2023-06-14,Regular,Social Media,4
1105,Chandigarh,Punjab,2024-03-18,Premium,Social Media,24
1106,Kochi,Kerala,2023-02-13,Regular,Referral,17
1107,Patna,Bihar,2024-07-08,Regular,Paid Ads,16
1108,Agra,Uttar Pradesh,2023-05-09,Regular,App Install,15
1109,Bhopal,Madhya Pradesh,2023-08-02,Inactive,Referral,4
1110,Ahmedabad,Gujarat,2024-03-03,New,Referral,3
1111,Indore,Madhya Pradesh,2024-04-08,Regular,Referral,16
1112,Chennai,Tamil Nadu,2024-04-19,Regular,Social Media,14
1113,Nagpur,Maharashtra,2023-11-30,New,App Install,2
1114,Chennai,Tamil Nadu,2023-05-17,New,App Install,3
1115,Bengaluru,Karnataka,2023-07-30,New,Paid Ads,1
1116,Coimbatore,Tamil Nadu,2023-07-15,Inactive,Email,2
1117,Ahmedabad,Gujarat,2024-09-25,New,Social Media,2
1118,Chandigarh,Punjab,2024-07-15,New,Referral,2
1119,Indore,Madhya Pradesh,2023-11-11,New,Paid Ads,2
1120,Coimbatore,Tamil Nadu,2023-05-25,Premium,Referral,21
1121,Coimbatore,Tamil Nadu,2024-07-09,Premium,App Install,43
1122,Agra,Uttar Pradesh,2023-11-04,Regular,Email,17
1123,Coimbatore,Tamil Nadu,2023-02-22,New,Paid Ads,1
1124,Bhopal,Madhya Pradesh,2023-12-12,Regular,Email,9
1125,Bhopal,Madhya Pradesh,2024-01-29,New,Email,2
1126,Mumbai,Maharashtra,2023-07-04,New,Referral,1
1127,Vadodara,Gujarat,2023-07-31,Regular,Referral,9
1128,Coimbatore,Tamil Nadu,2023-10-07,Regular,App Install,8
1129,Kolkata,West Bengal,2024-02-16,Inactive,Email,2
1130,Hyderabad,Telangana,2023-06-04,Regular,Referral,14
1131,Patna,Bihar,2024-04-24,Regular,Paid Ads,8
1132,Pune,Maharashtra,2024-05-13,New,Social Media,3
1133,Pune,Maharashtra,2024-09-19,Inactive,Email,1
1134,Mumbai,Maharashtra,2023-04-10,New,Organic Search,1
1135,Kochi,Kerala,2023-01-22,New,Organic Search,1
1136,Indore,Madhya Pradesh,2023-12-06,Premium,Organic Search,35
1137,Jaipur,Rajasthan,2024-01-01,Regular,Paid Ads,8
1138,Bengaluru,Karnataka,2023-08-07,Regular,Social Media,6
1139,Bhopal,Madhya Pradesh,2024-01-07,New,Email,2
1140,Mumbai,Maharashtra,2024-08-20,Inactive,Referral,4
1141,Patna,Bihar,2023-12-13,Regular,App Install,9
1142,Chennai,Tamil Nadu,2023-10-24,New,Social Media,1
1143,Jaipur,Rajasthan,2024-07-29,Regular,Paid Ads,8
1144,Pune,Maharashtra,2023-06-17,Regular,Referral,7
1145,Ahmedabad,Gujarat,2024-06-29,New,Email,2
1146,Patna,Bihar,2023-06-12,New,Email,3
1147,Chandigarh,Punjab,2024-04-25,Regular,App Install,12
1148,Indore,Madhya Pradesh,2023-09-13,Regular,Organic Search,8
1149,Delhi,Delhi,2024-03-31,New,Organic Search,1
1150,Delhi,Delhi,2023-05-19,Inactive,Referral,4
1151,Hyderabad,Telangana,2024-01-24,Inactive,Referral,2
1152,Bhopal,Madhya Pradesh,2023-01-21,New,Email,3
1153,Nagpur,Maharashtra,2024-01-07,Inactive,Referral,5
1154,Kolkata,West Bengal,2024-08-08,Regular,Paid Ads,18
1155,Nagpur,Maharashtra,2023-01-21,Regular,Referral,15
1156,Lucknow,Uttar Pradesh,2023-12-14,Inactive,Organic Search,3
1157,Jaipur,Rajasthan,2023-03-12,New,Paid Ads,1
1158,Kolkata,West Bengal,2024-10-01,Premium,Social Media,58
1159,Chandigarh,Punjab,2024-02-08,Premium,Paid Ads,22
1160,Bengaluru,Karnataka,2023-07-21,New,App Install,2
1161,Jaipur,Rajasthan,2023-10-27,Premium,App Install,20
1162,Kolkata,West Bengal,2023-12-30,Regular,Email,19
1163,Nagpur,Maharashtra,2023-01-17,New,Email,3
1164,Lucknow,Uttar Pradesh,2024-03-03,Premium,Paid Ads,38
1165,Nagpur,Maharashtra,2023-09-16,Regular,Paid Ads,20
1166,Mumbai,Maharashtra,2023-10-14,Regular,Email,4
1167,Ahmedabad,Gujarat,2024-05-16,Regular,Social Media,9
1168,Indore,Madhya Pradesh,2023-02-23,Regular,App Install,11
1169,Mumbai,Maharashtra,2023-11-10,Regular,Social Media,18
1170,Pune,Maharashtra,2024-03-19,Regular,Social Media,5
1171,Chennai,Tamil Nadu,2023-10-07,New,App Install,3
1172,Bengaluru,Karnataka,2024-04-14,Premium,App Install,20
1173,Kolkata,West Bengal,2023-12-07,New,Email,1
1174,Pune,Maharashtra,2023-05-14,New,Email,1
1175,Mumbai,Maharashtra,2024-08-10,Regular,Organic Search,13
1176,Patna,Bihar,2024-01-25,Regular,Paid Ads,19
1177,Hyderabad,Telangana,2024-01-25,New,Referral,1
1178,Ahmedabad,Gujarat,2023-10-04,New,App Install,2
1179,Patna,Bihar,2023-12-10,New,Social Media,3
1180,Surat,Gujarat,2024-03-10,New,Referral,3
1181,Coimbatore,Tamil Nadu,2023-12-17,Regular,Paid Ads,15
1182,Coimbatore,Tamil Nadu,2023-09-25,Inactive,Email,2
1183,Delhi,Delhi,2024-05-15,Regular,Social Media,12
1184,Kochi,Kerala,2023-03-27,Regular,Referral,6
1185,Mumbai,Maharashtra,2023-11-23,New,Email,1
1186,Mumbai,Maharashtra,2023-01-24,Regular,Paid Ads,7
1187,Vadodara,Gujarat,2023-09-06,New,Organic Search,1
1188,Kochi,Kerala,2024-01-18,New,Organic Search,1
1189,Indore,Madhya Pradesh,2024-08-08,Premium,Paid Ads,20
1190,Indore,Madhya Pradesh,2023-03-19,Premium,Organic Search,15
1191,Patna,Bihar,2023-12-16,Premium,Email,19
1192,Jaipur,Rajasthan,2023-06-09,New,Email,3
1193,Bengaluru,Karnataka,2024-04-16,Regular,App Install,14
1194,Mumbai,Maharashtra,2023-04-19,Regular,Email,7
1195,Pune,Maharashtra,2023-02-27,New,App Install,1
1196,Coimbatore,Tamil Nadu,2023-07-24,Regular,App Install,6
1197,Bhopal,Madhya Pradesh,2023-07-10,Inactive,Organic Search,1
1198,Coimbatore,Tamil Nadu,2023-01-04,Regular,Referral,11
1199,Vadodara,Gujarat,2023-08-04,Inactive,Organic Search,1
1200,Delhi,Delhi,2024-02-01,New,Social Media,3
1201,Coimbatore,Tamil Nadu,2024-06-26,Regular,Paid Ads,19
1202,Chennai,Tamil Nadu,2023-07-22,Inactive,App Install,4
1203,Indore,Madhya Pradesh,2024-09-11,Regular,App Install,9
1204,Surat,Gujarat,2024-04-25,Regular,Social Media,5
1205,Ahmedabad,Gujarat,2024-03-29,Regular,Paid Ads,20
1206,Pune,Maharashtra,2023-01-07,Regular,Organic Search,9
1207,Pune,Maharashtra,2023-07-22,New,Social Media,1
1208,Pune,Maharashtra,2024-07-09,Regular,Email,10
1209,Hyderabad,Telangana,2023-05-07,Inactive,App Install,1
1210,Surat,Gujarat,2023-07-12,Regular,Paid Ads,14
1211,Bengaluru,Karnataka,2023-08-22,Premium,Paid Ads,40
1212,Surat,Gujarat,2024-08-29,Regular,Social Media,17
1213,Vadodara,Gujarat,2024-06-02,New,App Install,2
1214,Pune,Maharashtra,2023-08-12,Premium,Referral,31
1215,Patna,Bihar,2023-12-20,Regular,App Install,11
1216,Coimbatore,Tamil Nadu,2024-06-27,New,Organic Search,3
1217,Coimbatore,Tamil Nadu,2023-09-15,Regular,Social Media,9
1218,Chennai,Tamil Nadu,2023-03-08,Regular,Organic Search,6
1219,Bengaluru,Karnataka,2024-05-20,Regular,Social Media,5
1220,Hyderabad,Telangana,2024-09-26,Regular,Referral,6
1221,Bhopal,Madhya Pradesh,2024-04-01,Regular,Organic Search,6
1222,Chandigarh,Punjab,2023-11-23,Inactive,Email,3
1223,Nagpur,Maharashtra,2024-09-12,Regular,App Install,6
1224,Hyderabad,Telangana,2024-08-05,Regular,Social Media,14
1225,Chandigarh,Punjab,2024-04-06,Regular,Social Media,19
1226,Lucknow,Uttar Pradesh,2024-01-15,Inactive,Referral,3
1227,Chandigarh,Punjab,2024-05-15,Regular,Social Media,10
1228,Chandigarh,Punjab,2023-08-22,Regular,Email,9
1229,Jaipur,Rajasthan,2023-02-13,Inactive,App Install,3
1230,Vadodara,Gujarat,2024-02-24,Regular,Referral,18
1231,Indore,Madhya Pradesh,2023-11-29,New,Referral,2
1232,Bhopal,Madhya Pradesh,2024-04-20,New,Referral,1
1233,Bhopal,Madhya Pradesh,2023-05-26,Premium,App Install,39
1234,Kochi,Kerala,2024-03-05,Regular,Organic Search,8
1235,Bhopal,Madhya Pradesh,2023-11-21,Premium,Referral,55
1236,Hyderabad,Telangana,2023-06-02,New,Referral,2
1237,Delhi,Delhi,2023-01-15,Inactive,Referral,2
1238,Jaipur,Rajasthan,2023-06-04,Regular,Email,9
1239,Pune,Maharashtra,2023-08-11,New,Organic Search,1
1240,Kolkata,West Bengal,2024-02-05,Regular,Referral,8
1241,Delhi,Delhi,2023-10-05,Regular,Social Media,10
1242,Surat,Gujarat,2023-01-23,Regular,Referral,16
1243,Pune,Maharashtra,2023-06-12,Regular,Social Media,12
1244,Lucknow,Uttar Pradesh,2023-08-22,New,Paid Ads,2
1245,Delhi,Delhi,2024-09-13,Regular,App Install,19
1246,Coimbatore,Tamil Nadu,2024-03-19,Regular,Referral,9
1247,Delhi,Delhi,2024-05-14,Inactive,App Install,1
1248,Kochi,Kerala,2023-12-28,New,Organic Search,1
1249,Kochi,Kerala,2023-11-28,Regular,App Install,19
1250,Bhopal,Madhya Pradesh,2024-09-14,Regular,Social Media,8
1251,Surat,Gujarat,2023-08-29,New,Email,2
1252,Lucknow,Uttar Pradesh,2023-08-10,Regular,Referral,19
1253,Indore,Madhya Pradesh,2023-01-14,Regular,Social Media,9
1254,Chandigarh,Punjab,2023-12-13,Inactive,App Install,3
1255,Kochi,Kerala,2024-09-25,Regular,Referral,7
1256,Jaipur,Rajasthan,2024-09-05,Inactive,Paid Ads,5
1257,Coimbatore,Tamil Nadu,2023-10-16,New,Social Media,3
1258,Nagpur,Maharashtra,2024-01-18,Regular,App Install,8
1259,Pune,Maharashtra,2024-01-14,Regular,Email,19
1260,Lucknow,Uttar Pradesh,2023-03-06,Inactive,Organic Search,4
1261,Hyderabad,Telangana,2024-01-14,Regular,Referral,11
1262,Delhi,Delhi,2023-08-03,Regular,Social Media,11
1263,Bengaluru,Karnataka,2023-11-17,Regular,App Install,19
1264,Kochi,Kerala,2023-10-15,Premium,Email,36
1265,Pune,Maharashtra,2024-08-14,New,Social Media,3
1266,Patna,Bihar,2023-07-19,Regular,Paid Ads,14
1267,Surat,Gujarat,2024-08-09,Regular,Paid Ads,11
1268,Hyderabad,Telangana,2023-09-13,Regular,Referral,19
1269,Chennai,Tamil Nadu,2023-01-20,Premium,Social Media,47
1270,Jaipur,Rajasthan,2023-04-08,Regular,Referral,8
1271,Jaipur,Rajasthan,2024-09-30,Regular,Social Media,6
1272,Surat,Gujarat,2024-06-25,Regular,Referral,18
1273,Hyderabad,Telangana,2024-09-09,Regular,App Install,12
1274,Ahmedabad,Gujarat,2023-03-10,Regular,Referral,16
1275,Kolkata,West Bengal,2023-07-17,Premium,Social Media,60
1276,Jaipur,Rajasthan,2023-05-27,Premium,Social Media,18
1277,Pune,Maharashtra,2024-04-30,Premium,Paid Ads,29
1278,Indore,Madhya Pradesh,2023-01-04,Regular,Social Media,15
1279,Chandigarh,Punjab,2024-09-27,New,Referral,3
1280,Bhopal,Madhya Pradesh,2023-05-30,New,Social Media,2
1281,Delhi,Delhi,2024-05-11,Inactive,Social Media,5
1282,Delhi,Delhi,2024-07-03,Regular,Paid Ads,10
1283,Nagpur,Maharashtra,2024-09-03,New,Email,1
1284,Kolkata,West Bengal,2023-10-30,Premium,App Install,18
1285,Patna,Bihar,2023-07-19,New,Email,3
1286,Nagpur,Maharashtra,2023-10-17,Premium,Paid Ads,39
1287,Vadodara,Gujarat,2024-03-09,New,App Install,1
1288,Kochi,Kerala,2023-11-02,Regular,Social Media,10
1289,Pune,Maharashtra,2023-05-28,New,Social Media,1
1290,Indore,Madhya Pradesh,2023-01-30,Premium,App Install,56
1291,Bengaluru,Karnataka,2024-03-07,Regular,Organic Search,15
1292,Pune,Maharashtra,2024-04-21,New,Paid Ads,2
1293,Agra,Uttar Pradesh,2024-10-02,Premium,Referral,50
1294,Nagpur,Maharashtra,2023-06-10,Regular,Email,18
1295,Ahmedabad,Gujarat,2023-11-18,Regular,Organic Search,12
1296,Indore,Madhya Pradesh,2024-04-11,Premium,Social Media,27
1297,Vadodara,Gujarat,2024-09-13,Regular,Referral,13
1298,Pune,Maharashtra,2023-06-16,Regular,Email,8
1299,Ahmedabad,Gujarat,2023-11-27,New,Organic Search,1
1300,Chandigarh,Punjab,2023-02-23,Regular,Social Media,19
1301,Coimbatore,Tamil Nadu,2024-01-13,Regular,Paid Ads,14
1302,Nagpur,Maharashtra,2024-01-20,Regular,Email,4
1303,Coimbatore,Tamil Nadu,2024-03-20,Premium,App Install,35
1304,Patna,Bihar,2024-02-10,New,Paid Ads,2
1305,Nagpur,Maharashtra,2024-09-19,New,Organic Search,3
1306,Surat,Gujarat,2023-10-17,Premium,Social Media,51
1307,Bhopal,Madhya Pradesh,2024-08-05,Inactive,Organic Search,5
1308,Jaipur,Rajasthan,2023-02-27,Regular,App Install,8
1309,Ahmedabad,Gujarat,2024-05-23,New,Organic Search,1
1310,Ahmedabad,Gujarat,2023-05-24,Inactive,Paid Ads,1
1311,Hyderabad,Telangana,2024-06-19,Premium,Paid Ads,60
1312,Chennai,Tamil Nadu,2023-08-29,Regular,Organic Search,15
1313,Vadodara,Gujarat,2024-01-01,Inactive,Social Media,1
1314,Lucknow,Uttar Pradesh,2024-02-27,Regular,Social Media,6
1315,Chennai,Tamil Nadu,2024-05-19,Regular,Referral,5
1316,Bengaluru,Karnataka,2024-06-21,Premium,Referral,56
1317,Delhi,Delhi,2024-02-10,Regular,App Install,8
1318,Coimbatore,Tamil Nadu,2024-07-15,Regular,Organic Search,10
1319,Bengaluru,Karnataka,2024-04-04,Regular,Paid Ads,7
1320,Chandigarh,Punjab,2023-09-25,Regular,Paid Ads,11
1321,Coimbatore,Tamil Nadu,2023-02-27,Regular,App Install,4
1322,Kochi,Kerala,2023-02-23,New,App Install,3
1323,Mumbai,Maharashtra,2023-08-19,New,Referral,1
1324,Pune,Maharashtra,2023-02-13,Regular,Paid Ads,11
1325,Chandigarh,Punjab,2023-06-06,Regular,Paid Ads,20
1326,Bengaluru,Karnataka,2023-11-24,Regular,Social Media,16
1327,Ahmedabad,Gujarat,2024-02-10,Regular,Organic Search,20
1328,Hyderabad,Telangana,2023-10-24,Premium,Referral,16
1329,Coimbatore,Tamil Nadu,2024-02-29,New,Email,1
1330,Chandigarh,Punjab,2023-02-11,New,Paid Ads,3
1331,Coimbatore,Tamil Nadu,2023-02-06,Regular,Paid Ads,11
1332,Hyderabad,Telangana,2024-08-19,Premium,Referral,15
1333,Jaipur,Rajasthan,2023-12-24,Regular,App Install,6
1334,Jaipur,Rajasthan,2024-08-18,New,Social Media,3
1335,Nagpur,Maharashtra,2023-06-18,Regular,Referral,10
1336,Chennai,Tamil Nadu,2023-06-05,Regular,Email,4
1337,Jaipur,Rajasthan,2024-09-29,New,Social Media,2
1338,Kolkata,West Bengal,2024-07-23,New,Social Media,3
1339,Patna,Bihar,2024-02-02,New,Paid Ads,1
1340,Jaipur,Rajasthan,2024-09-14,Premium,Social Media,36
1341,Surat,Gujarat,2023-07-20,Regular,Social Media,12
1342,Pune,Maharashtra,2024-02-07,Regular,Organic Search,13
1343,Coimbatore,Tamil Nadu,2024-04-07,Regular,Organic Search,18
1344,Lucknow,Uttar Pradesh,2024-09-09,Regular,App Install,20
1345,Coimbatore,Tamil Nadu,2024-02-20,New,Paid Ads,1
1346,Ahmedabad,Gujarat,2023-04-26,New,Organic Search,2
1347,Vadodara,Gujarat,2023-04-20,New,App Install,1
1348,Agra,Uttar Pradesh,2023-07-24,New,Email,3
1349,Lucknow,Uttar Pradesh,2023-11-02,Premium,App Install,58
1350,Kolkata,West Bengal,2023-08-08,Regular,Email,13
1351,Ahmedabad,Gujarat,2024-01-05,New,Referral,1
1352,Surat,Gujarat,2023-08-24,Inactive,Email,3
1353,Agra,Uttar Pradesh,2023-08-11,Inactive,Email,1
1354,Coimbatore,Tamil Nadu,2023-11-14,Regular,Organic Search,10
1355,Coimbatore,Tamil Nadu,2023-07-05,New,Social Media,1
1356,Bengaluru,Karnataka,2024-05-26,Inactive,App Install,4
1357,Kolkata,West Bengal,2023-12-02,New,Referral,2
1358,Bhopal,Madhya Pradesh,2024-09-08,Regular,Paid Ads,19
1359,Kochi,Kerala,2024-05-06,Inactive,Email,5
1360,Indore,Madhya Pradesh,2023-10-20,Inactive,App Install,2
1361,Bengaluru,Karnataka,2023-03-21,Regular,Email,7
1362,Coimbatore,Tamil Nadu,2023-01-01,Regular,Organic Search,5
1363,Kochi,Kerala,2023-01-12,Regular,Social Media,4
1364,Kolkata,West Bengal,2023-11-07,New,Referral,2
1365,Chandigarh,Punjab,2024-08-04,Inactive,Paid Ads,1
1366,Kolkata,West Bengal,2023-02-24,Premium,Social Media,28
1367,Vadodara,Gujarat,2023-07-15,New,Referral,3
1368,Bengaluru,Karnataka,2024-01-17,New,Organic Search,2
1369,Jaipur,Rajasthan,2024-03-03,Premium,App Install,16
1370,Vadodara,Gujarat,2023-11-01,Inactive,Organic Search,1
1371,Chennai,Tamil Nadu,2023-11-06,Regular,Paid Ads,12
1372,Lucknow,Uttar Pradesh,2024-04-12,Premium,Paid Ads,22
1373,Pune,Maharashtra,2023-02-01,Inactive,Referral,2
1374,Mumbai,Maharashtra,2023-01-15,Inactive,Organic Search,1
1375,Delhi,Delhi,2023-08-29,New,Referral,3
1376,Surat,Gujarat,2024-07-24,Inactive,Social Media,3
1377,Chennai,Tamil Nadu,2023-01-24,New,App Install,3
1378,Agra,Uttar Pradesh,2024-05-06,New,Organic Search,3
1379,Ahmedabad,Gujarat,2023-06-06,Premium,Paid Ads,19
1380,Mumbai,Maharashtra,2024-02-12,Regular,App Install,16
1381,Vadodara,Gujarat,2023-01-31,Regular,Organic Search,19
1382,Coimbatore,Tamil Nadu,2024-03-18,Regular,Referral,17
1383,Bhopal,Madhya Pradesh,2023-06-29,Premium,Organic Search,51
1384,Chandigarh,Punjab,2023-02-15,New,App Install,1
1385,Bengaluru,Karnataka,2023-10-15,Regular,App Install,13
1386,Kolkata,West Bengal,2024-05-05,New,Paid Ads,2
1387,Coimbatore,Tamil Nadu,2023-01-25,New,App Install,2
1388,Nagpur,Maharashtra,2023-07-12,Inactive,Paid Ads,4
1389,Bengaluru,Karnataka,2023-01-02,Regular,App Install,5
1390,Patna,Bihar,2024-07-30,New,Referral,3
1391,Jaipur,Rajasthan,2024-05-15,Regular,Paid Ads,5
1392,Mumbai,Maharashtra,2023-10-21,Regular,Social Media,6
1393,Delhi,Delhi,2024-09-04,Regular,Social Media,18
1394,Kolkata,West Bengal,2024-04-28,Inactive,Email,2
1395,Coimbatore,Tamil Nadu,2024-01-18,Regular,App Install,15
1396,Surat,Gujarat,2024-07-18,Regular,Email,8
1397,Patna,Bihar,2023-11-25,Regular,App Install,15
1398,Surat,Gujarat,2024-02-21,Inactive,Paid Ads,5
1399,Bengaluru,Karnataka,2024-02-16,Inactive,Social Media,4
1400,Kolkata,West Bengal,2023-12-22,Inactive,Social Media,2
1401,Pune,Maharashtra,2024-05-21,Regular,App Install,17
1402,Mumbai,Maharashtra,2024-01-04,Premium,Referral,20
1403,Jaipur,Rajasthan,2024-09-08,Premium,Social Media,23
1404,Chandigarh,Punjab,2023-12-07,New,Social Media,3
1405,Lucknow,Uttar Pradesh,2024-04-22,Inactive,Referral,5
1406,Bengaluru,Karnataka,2023-06-18,Regular,Organic Search,14
1407,Vadodara,Gujarat,2024-06-02,Premium,App Install,24
1408,Indore,Madhya Pradesh,2024-09-05,Regular,Social Media,9
1409,Mumbai,Maharashtra,2024-08-10,Inactive,Paid Ads,2
1410,Surat,Gujarat,2024-02-10,Regular,Organic Search,17
1411,Chennai,Tamil Nadu,2023-04-25,Premium,Email,49
1412,Bengaluru,Karnataka,2023-02-12,New,Email,1
1413,Jaipur,Rajasthan,2024-08-12,Regular,Organic Search,12
1414,Bhopal,Madhya Pradesh,2024-07-17,Regular,App Install,9
1415,Chennai,Tamil Nadu,2023-08-21,Inactive,App Install,3
1416,Jaipur,Rajasthan,2024-05-15,Regular,Organic Search,14
1417,Nagpur,Maharashtra,2024-01-18,Premium,Email,40
1418,Delhi,Delhi,2024-06-19,New,App Install,2
1419,Agra,Uttar Pradesh,2023-08-13,Inactive,Email,3
1420,Delhi,Delhi,2024-02-22,Inactive,App Install,1
1421,Surat,Gujarat,2023-08-20,Regular,App Install,18
1422,Surat,Gujarat,2023-06-09,Inactive,App Install,2
1423,Agra,Uttar Pradesh,2023-01-01,Regular,Email,7
1424,Indore,Madhya Pradesh,2024-05-22,Inactive,Paid Ads,1
1425,Ahmedabad,Gujarat,2023-11-10,New,Paid Ads,2
1426,Lucknow,Uttar Pradesh,2023-11-07,New,Paid Ads,3
1427,Bhopal,Madhya Pradesh,2023-04-09,Premium,Paid Ads,16
1428,Agra,Uttar Pradesh,2023-01-17,New,Organic Search,2
1429,Kolkata,West Bengal,2023-05-04,New,Paid Ads,1
1430,Mumbai,Maharashtra,2023-03-15,Inactive,Organic Search,3
1431,Chandigarh,Punjab,2024-04-08,Inactive,Organic Search,4
1432,Pune,Maharashtra,2024-01-02,Regular,App Install,16
1433,Patna,Bihar,2023-01-11,Inactive,App Install,5
1434,Bhopal,Madhya Pradesh,2023-11-04,Premium,Social Media,39
1435,Chandigarh,Punjab,2024-01-19,Regular,Paid Ads,13
1436,Patna,Bihar,2024-03-14,New,Email,3
1437,Pune,Maharashtra,2024-05-04,Inactive,App Install,5
1438,Mumbai,Maharashtra,2024-08-30,Premium,Organic Search,58
1439,Surat,Gujarat,2024-05-18,Inactive,Organic Search,4
1440,Coimbatore,Tamil Nadu,2023-11-24,Regular,Social Media,4
1441,Hyderabad,Telangana,2023-09-19,Regular,App Install,19
1442,Chandigarh,Punjab,2024-01-28,Premium,Email,21
1443,Lucknow,Uttar Pradesh,2024-03-08,Premium,App Install,52
1444,Nagpur,Maharashtra,2024-09-27,Inactive,Social Media,4
1445,Bhopal,Madhya Pradesh,2023-01-28,Premium,Referral,17
1446,Coimbatore,Tamil Nadu,2024-05-14,Premium,Organic Search,45
1447,Delhi,Delhi,2023-09-16,Regular,Email,6
1448,Chandigarh,Punjab,2023-03-26,Regular,Paid Ads,7
1449,Lucknow,Uttar Pradesh,2024-04-10,Regular,Referral,14
1450,Kolkata,West Bengal,2023-09-05,Regular,Email,19
1451,Mumbai,Maharashtra,2023-02-05,Premium,Social Media,34
1452,Hyderabad,Telangana,2024-07-19,Premium,App Install,43
1453,Mumbai,Maharashtra,2023-08-10,Regular,Email,17
1454,Vadodara,Gujarat,2023-04-08,New,Organic Search,3
1455,Surat,Gujarat,2023-05-12,New,Email,3
1456,Agra,Uttar Pradesh,2023-01-29,Regular,Email,18
1457,Surat,Gujarat,2023-03-12,Regular,Email,9
1458,Kolkata,West Bengal,2024-04-19,Premium,Social Media,59
1459,Chandigarh,Punjab,2024-08-01,New,Referral,3
1460,Hyderabad,Telangana,2023-02-19,Regular,Social Media,7
1461,Ahmedabad,Gujarat,2024-06-13,Regular,Referral,9
1462,Chandigarh,Punjab,2024-04-07,Regular,Social Media,9
1463,Kochi,Kerala,2023-02-10,New,Social Media,3
1464,Pune,Maharashtra,2023-12-06,New,Referral,1
1465,Bengaluru,Karnataka,2023-06-08,Regular,Organic Search,10
1466,Ahmedabad,Gujarat,2024-05-08,Inactive,Referral,2
1467,Kochi,Kerala,2023-01-06,Premium,Referral,56
1468,Patna,Bihar,2023-06-30,Premium,Referral,17
1469,Kochi,Kerala,2023-11-06,Premium,Paid Ads,29
1470,Ahmedabad,Gujarat,2023-12-15,Regular,App Install,19
1471,Agra,Uttar Pradesh,2023-08-23,Premium,App Install,43
1472,Lucknow,Uttar Pradesh,2023-04-29,Regular,Organic Search,9
1473,Lucknow,Uttar Pradesh,2023-05-23,Regular,Paid Ads,4
1474,Vadodara,Gujarat,2024-03-24,Premium,Referral,38
1475,Surat,Gujarat,2024-03-16,New,Organic Search,3
1476,Coimbatore,Tamil Nadu,2024-06-21,Regular,App Install,15
1477,Patna,Bihar,2024-07-10,Premium,Organic Search,41
1478,Delhi,Delhi,2024-04-30,Premium,Organic Search,32
1479,Bhopal,Madhya Pradesh,2024-03-22,New,Email,3
1480,Coimbatore,Tamil Nadu,2024-03-08,Regular,Organic Search,6
1481,Surat,Gujarat,2023-03-31,New,Social Media,3
1482,Pune,Maharashtra,2024-01-02,Inactive,Referral,4
1483,Delhi,Delhi,2024-06-03,Inactive,Paid Ads,2
1484,Nagpur,Maharashtra,2023-05-04,Inactive,Organic Search,2
1485,Pune,Maharashtra,2023-03-30,New,Email,1
1486,Bhopal,Madhya Pradesh,2023-07-21,Inactive,Referral,5
1487,Jaipur,Rajasthan,2024-01-18,Inactive,Email,3
1488,Nagpur,Maharashtra,2024-05-04,Regular,Organic Search,9
1489,Ahmedabad,Gujarat,2024-08-19,Regular,Referral,7
1490,Mumbai,Maharashtra,2024-07-27,Inactive,Organic Search,2
1491,Kochi,Kerala,2023-07-27,Inactive,Paid Ads,3
1492,Ahmedabad,Gujarat,2023-05-17,New,App Install,3
1493,Agra,Uttar Pradesh,2024-02-05,Premium,Organic Search,38
1494,Kolkata,West Bengal,2023-03-03,New,Email,1
1495,Agra,Uttar Pradesh,2023-04-26,Regular,Email,12
1496,Vadodara,Gujarat,2024-08-22,Regular,Email,4
1497,Delhi,Delhi,2023-11-07,New,Paid Ads,2
1498,Bhopal,Madhya Pradesh,2023-09-07,New,Referral,1
1499,Ahmedabad,Gujarat,2023-07-13,Regular,App Install,19
1500,Coimbatore,Tamil Nadu,2024-05-04,Inactive,Referral,2
1501,Nagpur,Maharashtra,2023-04-12,New,Paid Ads,2
1502,Agra,Uttar Pradesh,2024-07-20,Premium,App Install,55
1503,Bengaluru,Karnataka,2024-07-08,Regular,Organic Search,8
1504,Bhopal,Madhya Pradesh,2023-05-11,Inactive,Email,2
1505,Chandigarh,Punjab,2023-03-11,Regular,Referral,20
1506,Mumbai,Maharashtra,2023-03-16,Regular,Email,9
1507,Delhi,Delhi,2023-09-10,New,App Install,2
1508,Chandigarh,Punjab,2024-10-02,Premium,Social Media,29
1509,Ahmedabad,Gujarat,2023-09-26,New,Referral,1
1510,Ahmedabad,Gujarat,2024-03-18,Inactive,Organic Search,3
1511,Indore,Madhya Pradesh,2024-02-09,Premium,Organic Search,27
1512,Bhopal,Madhya Pradesh,2024-01-18,New,Referral,2
1513,Nagpur,Maharashtra,2024-09-12,Regular,Paid Ads,8
1514,Vadodara,Gujarat,2024-05-05,New,Email,3
1515,Ahmedabad,Gujarat,2024-02-21,Inactive,App Install,2
1516,Chandigarh,Punjab,2023-09-05,Regular,Email,20
1517,Indore,Madhya Pradesh,2023-10-22,Inactive,Referral,1
1518,Surat,Gujarat,2024-03-19,New,Email,1
1519,Ahmedabad,Gujarat,2024-03-03,Regular,Organic Search,6
1520,Bhopal,Madhya Pradesh,2023-05-30,Regular,App Install,5
1521,Chennai,Tamil Nadu,2024-01-14,Regular,Social Media,16
1522,Bengaluru,Karnataka,2023-10-15,New,Referral,3
1523,Patna,Bihar,2023-12-16,New,Social Media,3
1524,Lucknow,Uttar Pradesh,2024-09-11,New,Social Media,2
1525,Ahmedabad,Gujarat,2024-04-26,Regular,Email,19
1526,Indore,Madhya Pradesh,2024-01-31,Inactive,App Install,5
1527,Kolkata,West Bengal,2024-07-27,Regular,App Install,8
1528,Kolkata,West Bengal,2024-04-25,Regular,Social Media,6
1529,Jaipur,Rajasthan,2024-05-16,Regular,Social Media,20
1530,Agra,Uttar Pradesh,2024-09-23,New,App Install,1
1531,Kolkata,West Bengal,2023-09-15,New,App Install,2
1532,Vadodara,Gujarat,2023-10-05,Regular,Social Media,20
1533,Lucknow,Uttar Pradesh,2023-08-22,Regular,Social Media,14
1534,Bengaluru,Karnataka,2023-09-03,Regular,Email,10
1535,Kochi,Kerala,2023-12-23,Premium,Social Media,27
1536,Lucknow,Uttar Pradesh,2023-12-10,Premium,Email,58
1537,Kochi,Kerala,2024-02-26,Premium,Social Media,31
1538,Jaipur,Rajasthan,2024-09-04,New,Referral,3
1539,Delhi,Delhi,2023-07-12,New,Email,1
1540,Nagpur,Maharashtra,2023-10-30,New,Paid Ads,3
1541,Coimbatore,Tamil Nadu,2024-01-06,Regular,App Install,14
1542,Pune,Maharashtra,2023-07-29,New,Referral,3
1543,Pune,Maharashtra,2024-06-16,Inactive,Paid Ads,1
1544,Delhi,Delhi,2023-10-26,Inactive,App Install,2
1545,Surat,Gujarat,2023-07-30,Inactive,Email,3
1546,Kochi,Kerala,2023-07-07,Inactive,App Install,4
1547,Kochi,Kerala,2024-01-19,Regular,Paid Ads,16
1548,Patna,Bihar,2024-05-10,Premium,App Install,32
1549,Vadodara,Gujarat,2024-08-04,New,Referral,3
1550,Bhopal,Madhya Pradesh,2023-12-16,New,Paid Ads,2
1551,Chandigarh,Punjab,2024-09-12,Regular,Organic Search,12
1552,Surat,Gujarat,2023-05-08,Regular,Referral,16
1553,Bengaluru,Karnataka,2023-01-04,Regular,Organic Search,10
1554,Chennai,Tamil Nadu,2023-09-18,Regular,Referral,18
1555,Bengaluru,Karnataka,2024-07-17,Inactive,Email,3
1556,Chandigarh,Punjab,2024-06-07,Regular,Email,17
1557,Mumbai,Maharashtra,2023-07-23,Regular,Social Media,5
1558,Indore,Madhya Pradesh,2024-03-13,New,App Install,2
1559,Ahmedabad,Gujarat,2024-09-01,Regular,Organic Search,19
1560,Coimbatore,Tamil Nadu,2024-03-23,Inactive,Referral,3
1561,Indore,Madhya Pradesh,2023-05-03,Inactive,Paid Ads,2
1562,Bhopal,Madhya Pradesh,2023-05-06,New,Social Media,1
1563,Delhi,Delhi,2023-02-12,Regular,Organic Search,12
1564,Pune,Maharashtra,2023-04-21,Regular,Email,12
1565,Agra,Uttar Pradesh,2023-05-11,New,Organic Search,3
1566,Patna,Bihar,2024-03-09,New,Paid Ads,1
1567,Surat,Gujarat,2024-08-03,New,Organic Search,1
1568,Chandigarh,Punjab,2023-04-25,New,Social Media,3
1569,Coimbatore,Tamil Nadu,2023-10-11,Inactive,Social Media,4
1570,Delhi,Delhi,2023-09-04,Premium,Paid Ads,29
1571,Agra,Uttar Pradesh,2024-09-25,Premium,Email,51
1572,Bhopal,Madhya Pradesh,2023-10-01,Inactive,Email,3
1573,Jaipur,Rajasthan,2023-08-31,New,Paid Ads,1
1574,Nagpur,Maharashtra,2024-07-20,Inactive,Email,3
1575,Pune,Maharashtra,2023-08-14,Regular,Paid Ads,16
1576,Kochi,Kerala,2023-07-28,Premium,Email,54
1577,Chandigarh,Punjab,2023-01-18,New,Paid Ads,1
1578,Bhopal,Madhya Pradesh,2024-08-07,Regular,App Install,12
1579,Hyderabad,Telangana,2024-05-12,Inactive,Organic Search,1
1580,Agra,Uttar Pradesh,2023-09-10,Regular,Referral,11
1581,Jaipur,Rajasthan,2023-09-05,Inactive,Referral,5
1582,Vadodara,Gujarat,2023-06-19,Premium,Paid Ads,29
1583,Delhi,Delhi,2023-10-14,New,Organic Search,1
1584,Bengaluru,Karnataka,2023-09-02,Inactive,App Install,3
1585,Hyderabad,Telangana,2024-03-21,Regular,Email,16
1586,Hyderabad,Telangana,2024-04-01,Premium,Paid Ads,29
1587,Pune,Maharashtra,2023-04-13,New,Organic Search,2
1588,Patna,Bihar,2024-03-30,New,Referral,1
1589,Pune,Maharashtra,2024-01-29,New,Email,2
1590,Vadodara,Gujarat,2023-01-24,New,Email,2
1591,Kochi,Kerala,2023-07-30,New,App Install,2
1592,Coimbatore,Tamil Nadu,2024-03-23,Premium,Email,36
1593,Kolkata,West Bengal,2023-11-26,Regular,Organic Search,19
1594,Bhopal,Madhya Pradesh,2024-06-03,Inactive,Email,4
1595,Indore,Madhya Pradesh,2024-03-28,Inactive,Email,2
1596,Bengaluru,Karnataka,2024-01-17,New,Paid Ads,3
1597,Pune,Maharashtra,2023-03-21,Regular,Email,16
1598,Surat,Gujarat,2023-06-22,Premium,Referral,28
1599,Surat,Gujarat,2023-08-12,Regular,Social Media,15
1600,Hyderabad,Telangana,2024-02-19,Regular,Social Media,11
1601,Vadodara,Gujarat,2023-10-25,Premium,Paid Ads,39
1602,Hyderabad,Telangana,2024-09-06,Inactive,Referral,1
1603,Nagpur,Maharashtra,2024-07-30,New,Paid Ads,3
1604,Patna,Bihar,2023-03-08,New,Referral,3
1605,Bhopal,Madhya Pradesh,2023-01-23,Inactive,Referral,5
1606,Coimbatore,Tamil Nadu,2023-12-20,New,Social Media,2
1607,Indore,Madhya Pradesh,2023-01-21,New,Referral,2
1608,Coimbatore,Tamil Nadu,2024-04-01,Regular,Referral,6
1609,Mumbai,Maharashtra,2024-03-23,New,Social Media,2
1610,Mumbai,Maharashtra,2023-08-23,Inactive,Social Media,3
1611,Bhopal,Madhya Pradesh,2023-09-24,Regular,Referral,9
1612,Indore,Madhya Pradesh,2023-06-22,Regular,Paid Ads,20
1613,Nagpur,Maharashtra,2024-09-05,Inactive,Email,2
1614,Chandigarh,Punjab,2023-02-07,Regular,Referral,15
1615,Jaipur,Rajasthan,2023-02-19,Regular,Paid Ads,6
1616,Bhopal,Madhya Pradesh,2023-06-12,Regular,Organic Search,5
1617,Lucknow,Uttar Pradesh,2023-09-14,New,Organic Search,3
1618,Bhopal,Madhya Pradesh,2023-09-19,Premium,Referral,24
1619,Kolkata,West Bengal,2023-10-28,Regular,Paid Ads,17
1620,Agra,Uttar Pradesh,2023-10-13,Inactive,Paid Ads,2
1621,Lucknow,Uttar Pradesh,2024-02-24,New,Social Media,1
1622,Coimbatore,Tamil Nadu,2024-06-17,Regular,Organic Search,11
1623,Nagpur,Maharashtra,2023-04-05,Regular,Email,5
1624,Kolkata,West Bengal,2024-08-09,Regular,App Install,9
1625,Delhi,Delhi,2023-10-23,Regular,Email,19
1626,Delhi,Delhi,2024-03-09,Inactive,Paid Ads,2
1627,Jaipur,Rajasthan,2023-01-18,Premium,Paid Ads,53
1628,Lucknow,Uttar Pradesh,2023-03-20,New,Organic Search,1
1629,Chennai,Tamil Nadu,2023-10-03,New,Paid Ads,3
1630,Bhopal,Madhya Pradesh,2023-05-08,Premium,Referral,50
1631,Pune,Maharashtra,2024-01-13,Regular,App Install,9
1632,Patna,Bihar,2023-06-06,Regular,Email,9
1633,Patna,Bihar,2023-09-09,Inactive,Organic Search,3
1634,Kochi,Kerala,2023-06-25,Regular,Social Media,20
1635,Agra,Uttar Pradesh,2023-01-22,New,Email,3
1636,Bengaluru,Karnataka,2023-02-28,Inactive,Referral,2
1637,Ahmedabad,Gujarat,2023-06-21,Regular,Organic Search,19
1638,Indore,Madhya Pradesh,2023-06-09,Inactive,Paid Ads,2
1639,Pune,Maharashtra,2024-09-15,Regular,Social Media,12
1640,Lucknow,Uttar Pradesh,2024-04-18,Premium,Paid Ads,44
1641,Kolkata,West Bengal,2023-06-29,Premium,App Install,22
1642,Chennai,Tamil Nadu,2023-09-12,Inactive,Paid Ads,5
1643,Delhi,Delhi,2023-02-13,Regular,Organic Search,16
1644,Kolkata,West Bengal,2023-05-20,New,Organic Search,2
1645,Ahmedabad,Gujarat,2024-04-16,New,Email,2
1646,Bhopal,Madhya Pradesh,2024-02-09,Regular,Email,16
1647,Chennai,Tamil Nadu,2024-06-21,Regular,Referral,20
1648,Kochi,Kerala,2023-12-29,New,Email,3
1649,Hyderabad,Telangana,2024-02-19,New,Social Media,3
1650,Pune,Maharashtra,2024-02-22,Inactive,Paid Ads,5
1651,Indore,Madhya Pradesh,2024-05-26,Regular,Paid Ads,5
1652,Pune,Maharashtra,2023-07-31,Regular,Organic Search,15
1653,Chandigarh,Punjab,2023-11-02,New,Organic Search,3
1654,Lucknow,Uttar Pradesh,2024-02-27,Inactive,Referral,4
1655,Surat,Gujarat,2023-11-03,Inactive,Social Media,1
1656,Lucknow,Uttar Pradesh,2023-11-19,New,Referral,1
1657,Pune,Maharashtra,2023-01-17,Inactive,Paid Ads,4
1658,Mumbai,Maharashtra,2023-05-31,New,Referral,3
1659,Vadodara,Gujarat,2023-05-24,Premium,App Install,34
1660,Surat,Gujarat,2024-02-10,New,Paid Ads,1
1661,Agra,Uttar Pradesh,2023-01-17,Premium,Paid Ads,43
1662,Chennai,Tamil Nadu,2023-09-16,Regular,Referral,16
1663,Ahmedabad,Gujarat,2024-04-22,New,App Install,2
1664,Delhi,Delhi,2024-01-16,Regular,Paid Ads,18
1665,Lucknow,Uttar Pradesh,2023-05-14,Regular,Referral,5
1666,Kochi,Kerala,2023-09-09,Premium,Paid Ads,55
1667,Nagpur,Maharashtra,2023-04-14,Regular,Social Media,15
1668,Lucknow,Uttar Pradesh,2023-02-24,Regular,Social Media,18
1669,Surat,Gujarat,2024-01-31,New,App Install,2
1670,Coimbatore,Tamil Nadu,2023-03-21,Regular,Email,13
1671,Jaipur,Rajasthan,2023-12-30,Premium,Email,50
1672,Kochi,Kerala,2024-05-03,Regular,Organic Search,19
1673,Patna,Bihar,2023-03-11,Regular,Social Media,14
1674,Chandigarh,Punjab,2023-07-18,Inactive,Social Media,5
1675,Ahmedabad,Gujarat,2023-06-19,Regular,Organic Search,7
1676,Jaipur,Rajasthan,2023-05-30,Regular,App Install,12
1677,Indore,Madhya Pradesh,2023-03-03,Regular,Organic Search,20
1678,Hyderabad,Telangana,2023-08-12,Premium,App Install,48
1679,Indore,Madhya Pradesh,2024-01-16,Premium,Organic Search,43
1680,Delhi,Delhi,2024-02-18,Regular,Social Media,18
1681,Surat,Gujarat,2023-12-22,Regular,Email,14
1682,Chandigarh,Punjab,2023-10-19,Regular,Social Media,5
1683,Kolkata,West Bengal,2024-06-13,New,Email,1
1684,Agra,Uttar Pradesh,2024-03-24,Regular,Referral,17
1685,Nagpur,Maharashtra,2024-06-10,Regular,Organic Search,20
1686,Bengaluru,Karnataka,2023-03-10,New,Paid Ads,2
1687,Agra,Uttar Pradesh,2023-12-05,Regular,App Install,18
1688,Ahmedabad,Gujarat,2023-10-01,New,Paid Ads,1
1689,Chandigarh,Punjab,2023-07-21,Regular,Organic Search,16
1690,Pune,Maharashtra,2023-10-10,Regular,Referral,11
1691,Vadodara,Gujarat,2023-02-12,Regular,Organic Search,13
1692,Chandigarh,Punjab,2023-01-13,New,Paid Ads,1
1693,Hyderabad,Telangana,2024-03-04,Regular,Email,10
1694,Surat,Gujarat,2024-03-03,Inactive,Paid Ads,4
1695,Surat,Gujarat,2024-07-14,Regular,Email,12
1696,Mumbai,Maharashtra,2023-08-04,New,Organic Search,1
1697,Bengaluru,Karnataka,2023-06-17,New,Organic Search,2
1698,Pune,Maharashtra,2024-05-09,Inactive,Organic Search,2
1699,Lucknow,Uttar Pradesh,2024-04-24,Premium,Paid Ads,58
1700,Lucknow,Uttar Pradesh,2024-05-20,Regular,Organic Search,6
1701,Bhopal,Madhya Pradesh,2024-04-15,New,Social Media,3
1702,Surat,Gujarat,2024-01-17,New,Referral,2
1703,Pune,Maharashtra,2024-08-13,New,Email,3
1704,Bhopal,Madhya Pradesh,2023-12-05,New,App Install,3
1705,Hyderabad,Telangana,2023-12-01,New,Email,1
1706,Agra,Uttar Pradesh,2024-08-26,Regular,Email,12
1707,Patna,Bihar,2024-08-31,New,Paid Ads,1
1708,Kolkata,West Bengal,2023-01-23,Regular,Referral,19
1709,Pune,Maharashtra,2023-10-06,Regular,Social Media,20
1710,Coimbatore,Tamil Nadu,2023-11-04,New,Referral,3
1711,Surat,Gujarat,2024-02-19,New,Organic Search,3
1712,Patna,Bihar,2023-11-04,New,Social Media,1
1713,Kolkata,West Bengal,2023-06-01,Regular,Email,11
1714,Coimbatore,Tamil Nadu,2023-08-13,New,Paid Ads,2
1715,Ahmedabad,Gujarat,2023-06-06,Regular,Organic Search,20
1716,Nagpur,Maharashtra,2024-01-07,New,Referral,3
1717,Agra,Uttar Pradesh,2024-02-14,New,Referral,3
1718,Indore,Madhya Pradesh,2023-12-06,Regular,Social Media,6
1719,Chandigarh,Punjab,2023-09-06,New,Paid Ads,3
1720,Patna,Bihar,2024-05-07,Inactive,App Install,1
1721,Nagpur,Maharashtra,2023-11-18,New,Organic Search,2
1722,Mumbai,Maharashtra,2024-02-20,Regular,Referral,8
1723,Lucknow,Uttar Pradesh,2024-02-29,Regular,Referral,4
1724,Agra,Uttar Pradesh,2023-12-08,Regular,Social Media,7
1725,Chandigarh,Punjab,2023-11-12,Regular,Paid Ads,19
1726,Chandigarh,Punjab,2024-05-18,New,Referral,3
1727,Indore,Madhya Pradesh,2023-08-08,Inactive,Referral,4
1728,Patna,Bihar,2023-08-29,Inactive,Social Media,2
1729,Indore,Madhya Pradesh,2024-09-17,New,Paid Ads,2
1730,Hyderabad,Telangana,2023-06-13,New,Email,2
1731,Bhopal,Madhya Pradesh,2024-08-30,Premium,Referral,20
1732,Bhopal,Madhya Pradesh,2023-04-14,Regular,Organic Search,6
1733,Coimbatore,Tamil Nadu,2023-01-09,Inactive,Paid Ads,5
1734,Bengaluru,Karnataka,2024-03-14,New,Referral,1
1735,Nagpur,Maharashtra,2023-06-05,Regular,Organic Search,4
1736,Mumbai,Maharashtra,2024-04-27,New,Paid Ads,1
1737,Vadodara,Gujarat,2023-05-17,New,Social Media,2
1738,Bengaluru,Karnataka,2024-01-01,New,App Install,3
1739,Mumbai,Maharashtra,2023-03-31,Regular,Organic Search,9
1740,Pune,Maharashtra,2023-11-14,Regular,Social Media,7
1741,Hyderabad,Telangana,2023-02-09,Inactive,Email,1
1742,Nagpur,Maharashtra,2023-02-10,Inactive,Email,1
1743,Jaipur,Rajasthan,2023-07-16,Regular,Paid Ads,16
1744,Chandigarh,Punjab,2024-05-17,Regular,Organic Search,12
1745,Vadodara,Gujarat,2024-08-30,Regular,Social Media,20
1746,Kochi,Kerala,2023-03-15,Inactive,Email,3
1747,Patna,Bihar,2023-05-22,Regular,Organic Search,18
1748,Delhi,Delhi,2024-09-12,Regular,Social Media,9
1749,Bengaluru,Karnataka,2024-06-11,Regular,Organic Search,19
1750,Chennai,Tamil Nadu,2024-09-13,Regular,Paid Ads,13
1751,Pune,Maharashtra,2023-02-02,Regular,Referral,14
1752,Nagpur,Maharashtra,2023-06-16,New,App Install,2
1753,Surat,Gujarat,2024-04-08,New,Social Media,3
1754,Pune,Maharashtra,2023-11-10,New,Social Media,3
1755,Hyderabad,Telangana,2024-02-15,New,Referral,1
1756,Vadodara,Gujarat,2023-11-13,Inactive,App Install,3
1757,Pune,Maharashtra,2023-08-04,Inactive,Paid Ads,4
1758,Ahmedabad,Gujarat,2023-06-02,New,App Install,1
1759,Chandigarh,Punjab,2023-02-07,Regular,Organic Search,5
1760,Patna,Bihar,2024-08-24,Regular,Organic Search,8
1761,Bhopal,Madhya Pradesh,2023-04-21,Regular,Referral,8
1762,Nagpur,Maharashtra,2023-06-02,Regular,App Install,6
1763,Bhopal,Madhya Pradesh,2023-10-17,Premium,Social Media,59
1764,Hyderabad,Telangana,2023-11-24,New,Email,1
1765,Chennai,Tamil Nadu,2024-05-08,Regular,Referral,17
1766,Indore,Madhya Pradesh,2023-05-06,Regular,App Install,13
1767,Chennai,Tamil Nadu,2023-08-03,Regular,Referral,5
1768,Agra,Uttar Pradesh,2024-01-08,New,Paid Ads,2
1769,Kolkata,West Bengal,2023-07-16,New,Social Media,1
1770,Kolkata,West Bengal,2023-02-20,New,Organic Search,2
1771,Chennai,Tamil Nadu,2024-02-03,Premium,Paid Ads,46
1772,Patna,Bihar,2024-04-19,Inactive,App Install,4
1773,Pune,Maharashtra,2023-11-28,Regular,Referral,8
1774,Pune,Maharashtra,2023-12-01,Inactive,App Install,4
1775,Vadodara,Gujarat,2023-11-19,Regular,Email,9
1776,Chandigarh,Punjab,2023-01-08,New,Paid Ads,2
1777,Kolkata,West Bengal,2024-03-01,Regular,Organic Search,19
1778,Bengaluru,Karnataka,2023-12-09,Premium,Paid Ads,17
1779,Nagpur,Maharashtra,2023-05-24,New,Paid Ads,3
1780,Ahmedabad,Gujarat,2024-09-10,New,Referral,2
1781,Agra,Uttar Pradesh,2023-07-27,Regular,App Install,9
1782,Coimbatore,Tamil Nadu,2024-03-03,Premium,Organic Search,15
1783,Agra,Uttar Pradesh,2024-01-05,Inactive,App Install,3
1784,Coimbatore,Tamil Nadu,2024-09-21,Premium,Social Media,36
1785,Kolkata,West Bengal,2023-01-03,Premium,Organic Search,45
1786,Kolkata,West Bengal,2024-05-28,Regular,Paid Ads,10
1787,Patna,Bihar,2023-06-01,Regular,Social Media,20
1788,Pune,Maharashtra,2023-10-08,New,Email,2
1789,Jaipur,Rajasthan,2024-06-25,Regular,Email,10
1790,Kolkata,West Bengal,2024-03-21,Regular,App Install,5
1791,Lucknow,Uttar Pradesh,2024-04-10,Regular,App Install,13
1792,Chennai,Tamil Nadu,2024-07-05,Regular,Referral,5
1793,Surat,Gujarat,2023-10-19,Regular,Social Media,4
1794,Vadodara,Gujarat,2024-02-22,Premium,Email,55
1795,Nagpur,Maharashtra,2023-03-06,Regular,Referral,17
1796,Bengaluru,Karnataka,2024-04-19,Premium,Email,51
1797,Bhopal,Madhya Pradesh,2023-08-25,Regular,Social Media,11
1798,Indore,Madhya Pradesh,2024-04-05,Regular,Social Media,13
1799,Chennai,Tamil Nadu,2023-02-09,Regular,Paid Ads,12
1800,Nagpur,Maharashtra,2024-02-09,New,Social Media,1
1801,Surat,Gujarat,2024-06-27,Inactive,Paid Ads,1
1802,Bhopal,Madhya Pradesh,2023-08-16,Regular,Referral,11
1803,Delhi,Delhi,2024-02-11,Regular,Organic Search,17
1804,Jaipur,Rajasthan,2023-02-18,Regular,Organic Search,12
1805,Patna,Bihar,2024-07-02,Inactive,Email,4
1806,Bengaluru,Karnataka,2023-01-17,Regular,Email,13
1807,Chandigarh,Punjab,2024-09-06,Regular,App Install,5
1808,Mumbai,Maharashtra,2024-05-23,New,Email,1
1809,Indore,Madhya Pradesh,2024-06-30,New,App Install,3
1810,Vadodara,Gujarat,2023-10-22,New,Organic Search,1
1811,Jaipur,Rajasthan,2024-02-03,Regular,Email,14
1812,Vadodara,Gujarat,2023-07-01,New,Email,3
1813,Kochi,Kerala,2023-07-25,New,Organic Search,3
1814,Lucknow,Uttar Pradesh,2024-03-15,Inactive,Organic Search,3
1815,Hyderabad,Telangana,2023-09-09,Regular,Referral,4
1816,Agra,Uttar Pradesh,2023-04-12,Regular,Paid Ads,12
1817,Pune,Maharashtra,2023-06-23,Premium,App Install,33
1818,Bhopal,Madhya Pradesh,2023-09-21,Regular,Referral,9
1819,Vadodara,Gujarat,2024-03-12,New,Paid Ads,3
1820,Delhi,Delhi,2023-06-17,New,Social Media,1
1821,Indore,Madhya Pradesh,2023-10-23,Premium,Social Media,49
1822,Surat,Gujarat,2024-07-15,Inactive,App Install,1
1823,Patna,Bihar,2023-03-20,Premium,Paid Ads,22
1824,Vadodara,Gujarat,2023-01-04,Regular,Paid Ads,6
1825,Vadodara,Gujarat,2023-10-04,Premium,Paid Ads,22
1826,Hyderabad,Telangana,2024-04-07,Premium,Social Media,22
1827,Kochi,Kerala,2024-05-27,Premium,Email,44
1828,Hyderabad,Telangana,2024-06-07,Premium,Organic Search,45
1829,Vadodara,Gujarat,2024-09-21,Regular,Social Media,6
1830,Agra,Uttar Pradesh,2023-12-31,New,Organic Search,2
1831,Ahmedabad,Gujarat,2023-06-30,Premium,Referral,27
1832,Lucknow,Uttar Pradesh,2024-07-12,Regular,Social Media,4
1833,Vadodara,Gujarat,2024-09-27,New,Organic Search,1
1834,Agra,Uttar Pradesh,2023-06-16,New,Paid Ads,2
1835,Vadodara,Gujarat,2023-06-14,Regular,Email,10
1836,Kochi,Kerala,2024-05-05,New,App Install,2
1837,Mumbai,Maharashtra,2023-01-31,Regular,Social Media,16
1838,Indore,Madhya Pradesh,2024-03-18,Inactive,Organic Search,5
1839,Bengaluru,Karnataka,2024-02-17,Regular,Paid Ads,9
1840,Agra,Uttar Pradesh,2023-07-14,New,Email,3
1841,Kolkata,West Bengal,2024-05-10,New,Email,3
1842,Agra,Uttar Pradesh,2023-03-10,New,App Install,1
1843,Surat,Gujarat,2024-05-21,Inactive,Email,4
1844,Lucknow,Uttar Pradesh,2024-02-01,Regular,Social Media,15
1845,Vadodara,Gujarat,2023-07-23,New,Organic Search,1
1846,Kochi,Kerala,2024-04-08,Premium,Paid Ads,15
1847,Lucknow,Uttar Pradesh,2024-08-07,Inactive,Social Media,1
1848,Hyderabad,Telangana,2024-01-17,New,App Install,2
1849,Bengaluru,Karnataka,2024-03-01,New,App Install,1
1850,Hyderabad,Telangana,2023-11-19,Regular,Referral,6
1851,Lucknow,Uttar Pradesh,2023-05-18,Regular,Organic Search,20
1852,Kolkata,West Bengal,2024-07-28,New,Organic Search,3
1853,Hyderabad,Telangana,2023-05-20,New,Referral,2
1854,Patna,Bihar,2024-07-20,New,Email,3
1855,Chandigarh,Punjab,2023-12-15,Regular,Organic Search,5
1856,Indore,Madhya Pradesh,2023-11-21,Regular,Paid Ads,13
1857,Chandigarh,Punjab,2024-07-03,New,Referral,2
1858,Hyderabad,Telangana,2023-02-09,Inactive,Organic Search,1
1859,Kochi,Kerala,2023-11-04,New,App Install,1
1860,Kochi,Kerala,2023-09-22,New,Referral,1
1861,Coimbatore,Tamil Nadu,2023-10-15,Regular,Social Media,17
1862,Surat,Gujarat,2023-03-18,Regular,Email,15
1863,Delhi,Delhi,2023-03-18,Regular,Referral,13
1864,Nagpur,Maharashtra,2023-11-04,Premium,Referral,16
1865,Hyderabad,Telangana,2023-01-27,Inactive,Social Media,3
1866,Bengaluru,Karnataka,2023-07-09,Regular,App Install,6
1867,Pune,Maharashtra,2023-05-21,Regular,Email,7
1868,Chennai,Tamil Nadu,2024-01-07,Premium,Organic Search,21
1869,Kolkata,West Bengal,2023-09-28,New,Social Media,2
1870,Chennai,Tamil Nadu,2023-05-07,New,Paid Ads,3
1871,Chandigarh,Punjab,2023-08-06,Regular,Email,6
1872,Agra,Uttar Pradesh,2023-08-26,Premium,Organic Search,32
1873,Pune,Maharashtra,2023-11-15,Inactive,Email,5
1874,Patna,Bihar,2023-03-23,Premium,App Install,50
1875,Mumbai,Maharashtra,2024-08-14,New,App Install,3
1876,Nagpur,Maharashtra,2023-11-01,New,Email,3
1877,Nagpur,Maharashtra,2023-11-01,Regular,Organic Search,16
1878,Delhi,Delhi,2023-02-11,Inactive,Social Media,4
1879,Bengaluru,Karnataka,2023-04-06,Inactive,App Install,3
1880,Pune,Maharashtra,2023-10-03,New,App Install,1
1881,Jaipur,Rajasthan,2023-05-21,New,Organic Search,1
1882,Surat,Gujarat,2024-08-25,Regular,Organic Search,7
1883,Kochi,Kerala,2024-05-03,Regular,Organic Search,19
1884,Patna,Bihar,2024-01-05,Premium,Referral,49
1885,Pune,Maharashtra,2023-04-20,New,Social Media,1
1886,Bengaluru,Karnataka,2024-08-28,Regular,Email,11
1887,Vadodara,Gujarat,2023-03-25,Regular,Social Media,9
1888,Kolkata,West Bengal,2023-07-09,New,App Install,3
1889,Bhopal,Madhya Pradesh,2023-04-17,Premium,App Install,16
1890,Chennai,Tamil Nadu,2024-04-26,Regular,Paid Ads,8
1891,Bengaluru,Karnataka,2023-06-23,Regular,App Install,20
1892,Hyderabad,Telangana,2023-09-02,Premium,Referral,15
1893,Patna,Bihar,2024-06-19,New,Social Media,3
1894,Bhopal,Madhya Pradesh,2023-07-12,Premium,Referral,50
1895,Jaipur,Rajasthan,2023-09-01,Regular,Organic Search,17
1896,Surat,Gujarat,2023-08-05,Regular,Email,16
1897,Lucknow,Uttar Pradesh,2023-07-17,New,Email,2
1898,Surat,Gujarat,2023-12-19,Regular,Paid Ads,16
1899,Nagpur,Maharashtra,2024-08-27,Premium,Referral,52
1900,Chennai,Tamil Nadu,2023-10-22,Regular,Social Media,11
1901,Chennai,Tamil Nadu,2024-09-23,Regular,Organic Search,17
1902,Chandigarh,Punjab,2023-09-19,New,App Install,3
1903,Kochi,Kerala,2024-05-24,Premium,Organic Search,22
1904,Delhi,Delhi,2024-02-20,Regular,Email,10
1905,Jaipur,Rajasthan,2023-09-17,New,App Install,1
1906,Patna,Bihar,2024-08-13,Premium,Paid Ads,56
1907,Delhi,Delhi,2024-08-17,Regular,Organic Search,11
1908,Indore,Madhya Pradesh,2023-05-16,Regular,App Install,5
1909,Delhi,Delhi,2023-08-25,Regular,Paid Ads,5
1910,Surat,Gujarat,2023-03-15,Inactive,App Install,4
1911,Surat,Gujarat,2023-05-17,Premium,Paid Ads,32
1912,Indore,Madhya Pradesh,2023-04-26,Regular,Email,4
1913,Bengaluru,Karnataka,2023-08-04,New,App Install,1
1914,Pune,Maharashtra,2023-01-15,New,Referral,1
1915,Surat,Gujarat,2023-12-16,New,Paid Ads,2
1916,Bengaluru,Karnataka,2023-05-28,Premium,Paid Ads,56
1917,Chennai,Tamil Nadu,2023-05-07,Inactive,Social Media,3
1918,Indore,Madhya Pradesh,2024-02-25,New,Referral,3
1919,Delhi,Delhi,2024-06-15,Regular,App Install,12
1920,Surat,Gujarat,2024-03-30,Inactive,App Install,2
1921,Coimbatore,Tamil Nadu,2023-05-30,New,Paid Ads,2
1922,Lucknow,Uttar Pradesh,2023-12-28,New,Paid Ads,3
1923,Surat,Gujarat,2023-09-06,Premium,Referral,46
1924,Lucknow,Uttar Pradesh,2023-10-08,Regular,Referral,5
1925,Delhi,Delhi,2023-09-16,Regular,Organic Search,17
1926,Lucknow,Uttar Pradesh,2024-04-19,Inactive,Paid Ads,1
1927,Coimbatore,Tamil Nadu,2023-03-03,New,App Install,2
1928,Patna,Bihar,2024-06-20,Regular,Social Media,10
1929,Ahmedabad,Gujarat,2024-02-28,Premium,Organic Search,33
1930,Coimbatore,Tamil Nadu,2023-05-25,Regular,Social Media,12
1931,Patna,Bihar,2023-07-01,Regular,Referral,4
1932,Indore,Madhya Pradesh,2024-04-29,New,Email,1
1933,Mumbai,Maharashtra,2024-08-23,Regular,Referral,15
1934,Pune,Maharashtra,2023-11-07,Regular,App Install,11
1935,Delhi,Delhi,2024-04-05,Regular,Paid Ads,12
1936,Agra,Uttar Pradesh,2024-05-03,Regular,Referral,12
1937,Vadodara,Gujarat,2023-06-14,Premium,Referral,29
1938,Delhi,Delhi,2024-03-24,Inactive,Paid Ads,1
1939,Vadodara,Gujarat,2023-08-29,New,App Install,2
1940,Mumbai,Maharashtra,2024-01-29,New,Paid Ads,3
1941,Jaipur,Rajasthan,2024-06-05,Regular,App Install,8
1942,Chandigarh,Punjab,2023-04-23,Inactive,Social Media,3
1943,Chandigarh,Punjab,2024-06-18,Premium,Social Media,59
1944,Agra,Uttar Pradesh,2023-04-12,Regular,Social Media,20
1945,Bhopal,Madhya Pradesh,2023-11-14,New,App Install,2
1946,Jaipur,Rajasthan,2023-01-21,Regular,Organic Search,7
1947,Agra,Uttar Pradesh,2023-09-05,Premium,Social Media,31
1948,Ahmedabad,Gujarat,2023-09-08,Regular,App Install,20
1949,Kochi,Kerala,2023-07-07,Regular,App Install,19
1950,Vadodara,Gujarat,2024-06-25,Inactive,Organic Search,2
1951,Ahmedabad,Gujarat,2023-01-21,Premium,Social Media,59
1952,Nagpur,Maharashtra,2024-07-21,Regular,Referral,14
1953,Nagpur,Maharashtra,2023-01-02,New,Referral,1
1954,Surat,Gujarat,2023-07-11,Regular,Organic Search,13
1955,Nagpur,Maharashtra,2024-03-11,New,Social Media,3
1956,Pune,Maharashtra,2023-10-06,Regular,Email,10
1957,Hyderabad,Telangana,2024-02-16,Premium,App Install,53
1958,Surat,Gujarat,2024-08-01,Premium,Email,37
1959,Surat,Gujarat,2023-04-09,New,Referral,2
1960,Patna,Bihar,2024-10-01,Inactive,Paid Ads,2
1961,Chennai,Tamil Nadu,2023-11-29,New,Organic Search,2
1962,Mumbai,Maharashtra,2024-01-01,New,Referral,1
1963,Mumbai,Maharashtra,2024-06-29,Regular,Social Media,19
1964,Kolkata,West Bengal,2023-08-22,Regular,Referral,4
1965,Nagpur,Maharashtra,2023-03-20,Premium,Organic Search,51
1966,Surat,Gujarat,2023-05-21,New,Paid Ads,2
1967,Surat,Gujarat,2023-02-14,New,Paid Ads,2
1968,Coimbatore,Tamil Nadu,2024-02-27,Premium,Email,19
1969,Chennai,Tamil Nadu,2023-04-16,Regular,App Install,18
1970,Pune,Maharashtra,2023-05-19,New,Paid Ads,3
1971,Kolkata,West Bengal,2023-08-08,Premium,Paid Ads,38
1972,Vadodara,Gujarat,2023-04-10,Premium,Organic Search,31
1973,Patna,Bihar,2023-01-12,Inactive,Email,4
1974,Bengaluru,Karnataka,2023-05-04,New,Social Media,3
1975,Coimbatore,Tamil Nadu,2024-08-25,New,Referral,1
1976,Jaipur,Rajasthan,2023-04-06,Regular,Social Media,11
1977,Chandigarh,Punjab,2024-09-18,Regular,Organic Search,6
1978,Kochi,Kerala,2023-09-14,Regular,Email,11
1979,Mumbai,Maharashtra,2023-02-15,New,Referral,3
1980,Chennai,Tamil Nadu,2023-10-11,Regular,Email,9
1981,Bengaluru,Karnataka,2023-01-07,New,Referral,1
1982,Mumbai,Maharashtra,2024-02-26,New,Social Media,1
1983,Indore,Madhya Pradesh,2023-04-01,Premium,Email,52
1984,Patna,Bihar,2023-08-23,Regular,Email,12
1985,Mumbai,Maharashtra,2023-01-01,Inactive,Referral,3
1986,Patna,Bihar,2024-01-01,Premium,Referral,50
1987,Jaipur,Rajasthan,2023-06-18,Inactive,Organic Search,1
1988,Chennai,Tamil Nadu,2024-08-08,Regular,Organic Search,12
1989,Chennai,Tamil Nadu,2023-07-17,Inactive,Paid Ads,2
1990,Kochi,Kerala,2023-08-28,Regular,App Install,5
1991,Delhi,Delhi,2023-07-03,Regular,Paid Ads,10
1992,Surat,Gujarat,2023-07-22,Regular,Paid Ads,13
1993,Kolkata,West Bengal,2024-04-16,Regular,Organic Search,18
1994,Coimbatore,Tamil Nadu,2023-08-20,New,Email,1
1995,Patna,Bihar,2023-02-02,Premium,Organic Search,28
1996,Pune,Maharashtra,2024-01-11,Premium,App Install,34
1997,Indore,Madhya Pradesh,2024-03-18,Regular,Paid Ads,6
1998,Nagpur,Maharashtra,2023-06-12,Premium,Referral,39
1999,Pune,Maharashtra,2023-01-08,Regular,Paid Ads,15
2000,Pune,Maharashtra,2023-02-05,New,Email,1
2001,Bengaluru,Karnataka,2024-03-06,Regular,Organic Search,6
2002,Nagpur,Maharashtra,2023-06-11,Regular,Paid Ads,6
2003,Chennai,Tamil Nadu,2023-06-07,Premium,Referral,21
2004,Pune,Maharashtra,2024-03-21,Regular,Paid Ads,9
2005,Delhi,Delhi,2023-09-30,New,App Install,3
2006,Vadodara,Gujarat,2024-07-22,Premium,App Install,48
2007,Kochi,Kerala,2024-08-28,Premium,Email,36
2008,Vadodara,Gujarat,2024-04-08,New,Paid Ads,3
2009,Bhopal,Madhya Pradesh,2024-06-29,New,App Install,3
2010,Jaipur,Rajasthan,2023-08-09,Inactive,Referral,4
2011,Lucknow,Uttar Pradesh,2023-06-26,Regular,Email,18
2012,Agra,Uttar Pradesh,2023-10-13,Regular,Social Media,12
2013,Vadodara,Gujarat,2024-09-12,Regular,Paid Ads,4
2014,Nagpur,Maharashtra,2023-07-20,Regular,Referral,13
2015,Chandigarh,Punjab,2024-01-20,Regular,Email,18
2016,Pune,Maharashtra,2023-04-04,Regular,Email,7
2017,Jaipur,Rajasthan,2023-05-10,Regular,Organic Search,11
2018,Bengaluru,Karnataka,2024-06-30,New,Organic Search,3
2019,Ahmedabad,Gujarat,2024-05-05,Regular,Referral,8
2020,Chandigarh,Punjab,2023-02-24,Regular,Email,9
2021,Lucknow,Uttar Pradesh,2024-07-05,Regular,Paid Ads,8
2022,Coimbatore,Tamil Nadu,2023-09-04,Inactive,Organic Search,5
2023,Pune,Maharashtra,2024-09-13,Regular,Email,6
2024,Patna,Bihar,2023-09-05,Inactive,Email,5
2025,Coimbatore,Tamil Nadu,2023-03-27,Premium,Social Media,48
2026,Vadodara,Gujarat,2024-07-04,New,Organic Search,2
2027,Indore,Madhya Pradesh,2023-09-25,New,Social Media,3
2028,Agra,Uttar Pradesh,2023-05-20,Premium,Paid Ads,17
2029,Indore,Madhya Pradesh,2024-03-13,New,Referral,1
2030,Bengaluru,Karnataka,2023-05-24,Premium,Paid Ads,59
2031,Chennai,Tamil Nadu,2023-04-02,Inactive,Email,2
2032,Chennai,Tamil Nadu,2024-10-01,New,Referral,1
2033,Bhopal,Madhya Pradesh,2024-03-08,New,App Install,3
2034,Vadodara,Gujarat,2024-07-13,Regular,Organic Search,14
2035,Coimbatore,Tamil Nadu,2024-04-16,Premium,Paid Ads,58
2036,Delhi,Delhi,2023-10-10,Inactive,Social Media,1
2037,Patna,Bihar,2023-02-03,Regular,Organic Search,4
2038,Hyderabad,Telangana,2023-01-25,Inactive,App Install,1
2039,Kolkata,West Bengal,2023-03-27,Regular,Social Media,9
2040,Nagpur,Maharashtra,2024-08-22,Regular,Organic Search,6
2041,Bhopal,Madhya Pradesh,2023-07-14,New,Referral,1
2042,Kochi,Kerala,2024-03-25,Regular,Email,15
2043,Hyderabad,Telangana,2023-02-28,New,App Install,3
2044,Chandigarh,Punjab,2024-09-11,New,Organic Search,3
2045,Patna,Bihar,2023-06-03,Regular,Social Media,14
2046,Indore,Madhya Pradesh,2024-01-24,Inactive,App Install,1
2047,Lucknow,Uttar Pradesh,2024-05-31,Regular,App Install,13
2048,Kochi,Kerala,2023-10-27,Regular,Social Media,9
2049,Pune,Maharashtra,2023-03-29,Premium,Email,24
2050,Agra,Uttar Pradesh,2024-09-06,New,App Install,3
2051,Mumbai,Maharashtra,2024-07-06,Regular,Referral,13
2052,Vadodara,Gujarat,2024-05-17,New,Email,1
2053,Agra,Uttar Pradesh,2023-06-04,Inactive,Paid Ads,3
2054,Bengaluru,Karnataka,2024-05-28,Inactive,Email,1
2055,Agra,Uttar Pradesh,2023-11-18,New,Referral,2
2056,Lucknow,Uttar Pradesh,2023-02-11,Premium,Email,42
2057,Chennai,Tamil Nadu,2024-04-23,Regular,Organic Search,5
2058,Bhopal,Madhya Pradesh,2024-09-05,New,Organic Search,1
2059,Chennai,Tamil Nadu,2023-09-25,Regular,Paid Ads,16
2060,Vadodara,Gujarat,2023-12-20,Inactive,App Install,3
2061,Indore,Madhya Pradesh,2023-04-01,Regular,Social Media,20
2062,Chandigarh,Punjab,2023-10-09,Regular,Email,8
2063,Ahmedabad,Gujarat,2024-02-19,Regular,Referral,7
2064,Surat,Gujarat,2023-08-30,Inactive,Referral,2
2065,Ahmedabad,Gujarat,2023-10-03,Premium,Email,29
2066,Kolkata,West Bengal,2023-11-26,Regular,Social Media,5
2067,Surat,Gujarat,2024-01-10,Premium,Social Media,25
2068,Lucknow,Uttar Pradesh,2024-08-13,Regular,Referral,5
2069,Delhi,Delhi,2024-07-19,Premium,App Install,17
2070,Agra,Uttar Pradesh,2024-10-02,Regular,Referral,5
2071,Lucknow,Uttar Pradesh,2024-02-21,Regular,Paid Ads,11
2072,Coimbatore,Tamil Nadu,2024-02-25,Regular,Email,18
2073,Vadodara,Gujarat,2024-09-24,Regular,Social Media,4
2074,Ahmedabad,Gujarat,2024-10-01,Inactive,App Install,5
2075,Jaipur,Rajasthan,2023-07-09,Regular,Paid Ads,6
2076,Indore,Madhya Pradesh,2023-03-04,Premium,Social Media,18
2077,Chennai,Tamil Nadu,2023-05-06,Regular,Referral,12
2078,Bengaluru,Karnataka,2024-06-25,Regular,Organic Search,20
2079,Kolkata,West Bengal,2023-01-06,New,Social Media,3
2080,Vadodara,Gujarat,2023-09-22,Regular,App Install,9
2081,Indore,Madhya Pradesh,2024-07-14,Regular,Referral,19
2082,Jaipur,Rajasthan,2023-09-12,Inactive,Email,2
2083,Hyderabad,Telangana,2024-01-23,Inactive,App Install,2
2084,Pune,Maharashtra,2024-06-25,Premium,App Install,19
2085,Ahmedabad,Gujarat,2024-02-14,Regular,Social Media,11
2086,Coimbatore,Tamil Nadu,2023-06-08,Inactive,App Install,1
2087,Lucknow,Uttar Pradesh,2023-05-25,Premium,App Install,40
2088,Nagpur,Maharashtra,2024-09-25,Regular,App Install,13
2089,Nagpur,Maharashtra,2023-06-24,Premium,Email,51
2090,Kolkata,West Bengal,2023-11-11,Premium,Referral,34
2091,Coimbatore,Tamil Nadu,2023-06-12,Regular,Organic Search,11
2092,Agra,Uttar Pradesh,2024-03-05,New,App Install,1
2093,Bhopal,Madhya Pradesh,2024-01-13,Regular,App Install,20
2094,Lucknow,Uttar Pradesh,2024-03-17,New,Paid Ads,1
2095,Hyderabad,Telangana,2023-11-14,Regular,Social Media,6
2096,Chandigarh,Punjab,2024-04-18,Regular,Organic Search,16
2097,Hyderabad,Telangana,2023-10-26,New,App Install,2
2098,Patna,Bihar,2023-06-10,Regular,Social Media,15
2099,Lucknow,Uttar Pradesh,2023-10-25,New,Organic Search,1
2100,Vadodara,Gujarat,2024-02-17,Regular,Paid Ads,15
2101,Surat,Gujarat,2023-12-15,Inactive,Email,2
2102,Bhopal,Madhya Pradesh,2023-10-28,New,Paid Ads,3
2103,Delhi,Delhi,2023-01-24,Inactive,App Install,1
2104,Mumbai,Maharashtra,2024-04-26,New,Referral,2
2105,Coimbatore,Tamil Nadu,2024-02-26,New,Social Media,2
2106,Vadodara,Gujarat,2024-06-09,Premium,Email,48
2107,Nagpur,Maharashtra,2024-06-01,New,Organic Search,1
2108,Chandigarh,Punjab,2023-04-22,Premium,Social Media,30
2109,Jaipur,Rajasthan,2024-07-23,Inactive,App Install,5
2110,Coimbatore,Tamil Nadu,2024-06-15,Regular,Paid Ads,12
2111,Chennai,Tamil Nadu,2023-12-06,Premium,App Install,23
2112,Patna,Bihar,2024-04-21,Regular,Email,5
2113,Mumbai,Maharashtra,2023-12-15,Regular,Organic Search,13
2114,Surat,Gujarat,2023-02-28,New,Social Media,1
2115,Ahmedabad,Gujarat,2023-07-29,Inactive,Paid Ads,2
2116,Bhopal,Madhya Pradesh,2023-12-30,New,Paid Ads,3
2117,Nagpur,Maharashtra,2023-09-21,Regular,Email,14
2118,Bhopal,Madhya Pradesh,2023-05-06,Regular,Referral,11
2119,Lucknow,Uttar Pradesh,2023-05-25,Inactive,Organic Search,1
2120,Lucknow,Uttar Pradesh,2023-04-07,Regular,App Install,18
2121,Mumbai,Maharashtra,2024-06-22,New,Referral,3
2122,Indore,Madhya Pradesh,2023-05-07,New,Email,1
2123,Mumbai,Maharashtra,2024-09-13,New,Paid Ads,1
2124,Surat,Gujarat,2024-08-30,New,Organic Search,3
2125,Kolkata,West Bengal,2023-07-22,New,Referral,1
2126,Agra,Uttar Pradesh,2023-05-18,New,Referral,3
2127,Mumbai,Maharashtra,2023-11-27,New,Paid Ads,1
2128,Coimbatore,Tamil Nadu,2024-02-21,Regular,Organic Search,6
2129,Nagpur,Maharashtra,2023-03-27,Regular,Email,20
2130,Coimbatore,Tamil Nadu,2024-05-23,New,Social Media,2
2131,Vadodara,Gujarat,2023-04-08,Regular,Referral,20
2132,Bengaluru,Karnataka,2024-02-21,Regular,Email,20
2133,Delhi,Delhi,2023-01-09,New,Organic Search,1
2134,Bengaluru,Karnataka,2023-08-02,New,Organic Search,1
2135,Hyderabad,Telangana,2024-08-23,Regular,Organic Search,14
2136,Surat,Gujarat,2024-02-29,Regular,Organic Search,8
2137,Coimbatore,Tamil Nadu,2024-09-03,Regular,Email,4
2138,Kolkata,West Bengal,2023-09-08,Regular,App Install,16
2139,Ahmedabad,Gujarat,2023-12-08,Regular,Referral,19
2140,Ahmedabad,Gujarat,2023-09-28,Premium,App Install,33
2141,Jaipur,Rajasthan,2024-09-02,New,Organic Search,3
2142,Indore,Madhya Pradesh,2024-03-01,New,Organic Search,3
2143,Agra,Uttar Pradesh,2023-08-07,Premium,Referral,38
2144,Chennai,Tamil Nadu,2024-09-16,Regular,Social Media,8
2145,Nagpur,Maharashtra,2023-03-01,Regular,Organic Search,13
2146,Coimbatore,Tamil Nadu,2024-09-10,Premium,Organic Search,22
2147,Nagpur,Maharashtra,2024-06-22,Regular,App Install,13
2148,Kochi,Kerala,2023-04-22,New,Email,2
2149,Chandigarh,Punjab,2023-08-20,New,Paid Ads,2
2150,Delhi,Delhi,2024-06-26,Regular,Referral,14
2151,Ahmedabad,Gujarat,2023-01-28,Regular,Email,8
2152,Indore,Madhya Pradesh,2024-02-22,Regular,Paid Ads,9
2153,Delhi,Delhi,2023-06-11,Regular,Paid Ads,20
2154,Mumbai,Maharashtra,2023-06-01,New,Organic Search,1
2155,Hyderabad,Telangana,2024-04-07,Inactive,Social Media,3
2156,Lucknow,Uttar Pradesh,2023-12-12,New,Referral,1
2157,Jaipur,Rajasthan,2023-04-05,Inactive,Social Media,1
2158,Chandigarh,Punjab,2023-10-29,Regular,Paid Ads,20
2159,Indore,Madhya Pradesh,2024-07-02,New,Referral,3
2160,Kochi,Kerala,2023-02-13,Regular,Social Media,4
2161,Delhi,Delhi,2023-12-12,Premium,Paid Ads,46
2162,Surat,Gujarat,2024-02-09,Regular,Referral,17
2163,Mumbai,Maharashtra,2023-02-17,Regular,Email,7
2164,Chennai,Tamil Nadu,2023-04-30,New,App Install,1
2165,Kochi,Kerala,2024-03-12,Regular,Organic Search,5
2166,Kochi,Kerala,2023-07-17,New,Organic Search,3
2167,Lucknow,Uttar Pradesh,2023-07-28,Inactive,Social Media,4
2168,Mumbai,Maharashtra,2024-02-12,Regular,Email,6
2169,Delhi,Delhi,2023-01-28,Inactive,Referral,2
2170,Vadodara,Gujarat,2024-04-11,Premium,Organic Search,35
2171,Kochi,Kerala,2023-08-06,Regular,Organic Search,9
2172,Indore,Madhya Pradesh,2023-08-12,Regular,Social Media,14
2173,Mumbai,Maharashtra,2023-12-31,Inactive,Organic Search,4
2174,Vadodara,Gujarat,2024-06-05,Regular,Email,9
2175,Pune,Maharashtra,2024-03-22,New,Email,1
2176,Agra,Uttar Pradesh,2024-05-12,Regular,App Install,19
2177,Indore,Madhya Pradesh,2024-03-10,Premium,Email,56
2178,Chandigarh,Punjab,2023-05-27,New,Email,1
2179,Patna,Bihar,2024-06-21,Inactive,Social Media,3
2180,Ahmedabad,Gujarat,2023-02-11,New,Organic Search,1
2181,Delhi,Delhi,2023-11-08,Inactive,Email,1
2182,Hyderabad,Telangana,2024-06-24,Regular,Referral,10
2183,Chennai,Tamil Nadu,2023-12-17,Regular,Social Media,11
2184,Coimbatore,Tamil Nadu,2024-05-03,Premium,App Install,50
2185,Ahmedabad,Gujarat,2024-06-25,Regular,Paid Ads,17
2186,Kochi,Kerala,2023-02-17,Regular,Paid Ads,11
2187,Pune,Maharashtra,2024-01-19,Regular,Email,7
2188,Chandigarh,Punjab,2023-02-24,Regular,Organic Search,15
2189,Bengaluru,Karnataka,2024-04-07,Regular,App Install,4
2190,Agra,Uttar Pradesh,2024-09-12,New,Organic Search,3
2191,Patna,Bihar,2024-01-13,Premium,Email,52
2192,Surat,Gujarat,2023-03-08,Regular,Social Media,13
2193,Agra,Uttar Pradesh,2024-08-10,Regular,Paid Ads,4
2194,Delhi,Delhi,2024-04-08,Regular,Social Media,9
2195,Jaipur,Rajasthan,2024-02-17,New,Email,3
2196,Coimbatore,Tamil Nadu,2024-08-09,New,Email,3
2197,Pune,Maharashtra,2024-03-06,Regular,Email,16
2198,Chandigarh,Punjab,2023-10-31,New,Email,3
2199,Agra,Uttar Pradesh,2024-09-11,Regular,Email,18
2200,Ahmedabad,Gujarat,2023-04-02,Regular,Email,13
2201,Chandigarh,Punjab,2023-05-29,Inactive,Email,3
2202,Mumbai,Maharashtra,2024-08-16,Regular,Referral,11
2203,Kolkata,West Bengal,2023-05-31,Regular,Social Media,7
2204,Agra,Uttar Pradesh,2023-10-29,Regular,Organic Search,20
2205,Lucknow,Uttar Pradesh,2023-11-14,New,Email,3
2206,Ahmedabad,Gujarat,2023-07-19,Premium,Paid Ads,27
2207,Vadodara,Gujarat,2023-04-21,Regular,Paid Ads,11
2208,Jaipur,Rajasthan,2023-10-29,New,Paid Ads,2
2209,Nagpur,Maharashtra,2024-02-18,Inactive,Email,5
2210,Nagpur,Maharashtra,2023-02-26,Regular,Referral,4
2211,Delhi,Delhi,2024-07-25,Regular,Referral,8
2212,Bhopal,Madhya Pradesh,2024-02-12,Regular,App Install,7
2213,Chandigarh,Punjab,2024-04-13,New,Referral,1
2214,Patna,Bihar,2024-03-28,Regular,Paid Ads,10
2215,Delhi,Delhi,2023-11-13,Regular,Email,11
2216,Hyderabad,Telangana,2024-06-16,New,Email,1
2217,Patna,Bihar,2023-11-30,Regular,App Install,15
2218,Bhopal,Madhya Pradesh,2023-09-07,Inactive,Email,2
2219,Patna,Bihar,2024-07-28,Regular,Organic Search,13
2220,Pune,Maharashtra,2023-01-04,Regular,Social Media,17
2221,Bengaluru,Karnataka,2023-05-01,Inactive,Paid Ads,5
2222,Mumbai,Maharashtra,2024-09-16,Premium,Referral,36
2223,Pune,Maharashtra,2023-01-31,Premium,Email,24
2224,Ahmedabad,Gujarat,2024-02-20,Regular,Email,15
2225,Kolkata,West Bengal,2024-07-11,Premium,App Install,24
2226,Bengaluru,Karnataka,2024-03-20,Regular,App Install,12
2227,Hyderabad,Telangana,2023-04-06,New,Email,2
2228,Jaipur,Rajasthan,2024-08-09,New,Referral,2
2229,Indore,Madhya Pradesh,2024-02-21,Premium,App Install,19
2230,Jaipur,Rajasthan,2023-08-10,Regular,Organic Search,19
2231,Mumbai,Maharashtra,2024-03-12,Regular,Organic Search,8
2232,Ahmedabad,Gujarat,2023-07-14,Regular,Email,14
2233,Delhi,Delhi,2024-08-08,Premium,Social Media,22
2234,Indore,Madhya Pradesh,2023-09-15,Premium,Paid Ads,32
2235,Pune,Maharashtra,2024-02-13,Regular,Email,8
2236,Ahmedabad,Gujarat,2023-09-04,New,Email,2
2237,Kolkata,West Bengal,2024-06-05,Premium,Social Media,55
2238,Ahmedabad,Gujarat,2023-02-11,Regular,Organic Search,9
2239,Delhi,Delhi,2024-05-04,New,Paid Ads,1
2240,Vadodara,Gujarat,2023-01-07,Regular,App Install,20
2241,Vadodara,Gujarat,2024-03-20,Inactive,Email,4
2242,Agra,Uttar Pradesh,2024-02-03,Regular,Organic Search,5
2243,Indore,Madhya Pradesh,2023-04-30,New,Referral,3
2244,Hyderabad,Telangana,2023-07-26,New,Organic Search,1
2245,Ahmedabad,Gujarat,2023-07-17,New,Email,2
2246,Bengaluru,Karnataka,2023-01-27,Inactive,Organic Search,1
2247,Pune,Maharashtra,2024-01-20,Regular,Email,5
2248,Lucknow,Uttar Pradesh,2024-09-18,New,App Install,2
2249,Delhi,Delhi,2023-03-24,Regular,Social Media,6
2250,Jaipur,Rajasthan,2023-11-26,Regular,Organic Search,18
2251,Jaipur,Rajasthan,2024-02-22,Premium,Paid Ads,55
2252,Lucknow,Uttar Pradesh,2024-06-18,New,Paid Ads,3
2253,Delhi,Delhi,2024-03-29,Regular,App Install,17
2254,Kolkata,West Bengal,2023-05-28,Regular,Organic Search,15
2255,Chennai,Tamil Nadu,2023-08-14,New,App Install,2
2256,Bhopal,Madhya Pradesh,2023-10-04,Inactive,Organic Search,4
2257,Indore,Madhya Pradesh,2024-03-27,Premium,Referral,53
2258,Hyderabad,Telangana,2023-10-16,New,Referral,1
2259,Bengaluru,Karnataka,2023-03-01,New,App Install,2
2260,Pune,Maharashtra,2023-05-24,Premium,App Install,40
2261,Vadodara,Gujarat,2024-02-26,Regular,App Install,8
2262,Pune,Maharashtra,2024-09-02,Inactive,Paid Ads,3
2263,Bhopal,Madhya Pradesh,2023-01-20,Regular,Email,6
2264,Coimbatore,Tamil Nadu,2024-05-18,Regular,App Install,19
2265,Pune,Maharashtra,2024-01-29,Regular,Organic Search,9
2266,Pune,Maharashtra,2024-08-01,Regular,App Install,6
2267,Coimbatore,Tamil Nadu,2023-09-27,Regular,Organic Search,16
2268,Kochi,Kerala,2024-06-20,Regular,App Install,12
2269,Agra,Uttar Pradesh,2023-03-10,Regular,Paid Ads,10
2270,Bengaluru,Karnataka,2023-07-27,New,Referral,1
2271,Pune,Maharashtra,2023-04-02,New,Paid Ads,2
2272,Vadodara,Gujarat,2024-01-02,New,App Install,1
2273,Chennai,Tamil Nadu,2023-07-27,New,Social Media,2
2274,Pune,Maharashtra,2023-04-22,Regular,Referral,6
2275,Agra,Uttar Pradesh,2024-04-20,New,Organic Search,1
2276,Agra,Uttar Pradesh,2023-06-18,Regular,App Install,7
2277,Kolkata,West Bengal,2023-03-22,Premium,Email,25
2278,Nagpur,Maharashtra,2023-01-01,New,Referral,1
2279,Lucknow,Uttar Pradesh,2023-08-13,Regular,Referral,11
2280,Indore,Madhya Pradesh,2024-06-09,Inactive,App Install,3
2281,Chennai,Tamil Nadu,2023-05-16,Regular,Referral,19
2282,Ahmedabad,Gujarat,2024-07-13,Regular,Email,15
2283,Coimbatore,Tamil Nadu,2024-01-21,New,Organic Search,1
2284,Ahmedabad,Gujarat,2023-08-12,Regular,Referral,6
2285,Bengaluru,Karnataka,2024-07-12,Regular,Social Media,13
2286,Indore,Madhya Pradesh,2023-09-28,Inactive,Email,1
2287,Indore,Madhya Pradesh,2023-06-22,Regular,Email,14
2288,Surat,Gujarat,2023-02-18,Inactive,Paid Ads,4
2289,Nagpur,Maharashtra,2023-10-29,New,Email,1
2290,Indore,Madhya Pradesh,2023-04-07,Inactive,Referral,3
2291,Agra,Uttar Pradesh,2023-10-19,Regular,Organic Search,11
2292,Lucknow,Uttar Pradesh,2024-04-07,Inactive,Paid Ads,3
2293,Patna,Bihar,2023-04-15,New,Referral,2
2294,Jaipur,Rajasthan,2024-07-01,Regular,Organic Search,8
2295,Kolkata,West Bengal,2024-04-19,Regular,App Install,19
2296,Nagpur,Maharashtra,2024-06-09,Regular,Paid Ads,9
2297,Coimbatore,Tamil Nadu,2023-03-18,Premium,Organic Search,25
2298,Chandigarh,Punjab,2023-04-05,Inactive,Referral,5
2299,Jaipur,Rajasthan,2024-07-03,New,Paid Ads,1
2300,Lucknow,Uttar Pradesh,2023-07-18,New,Social Media,3
2301,Bhopal,Madhya Pradesh,2024-03-05,Regular,Paid Ads,14
2302,Chennai,Tamil Nadu,2024-05-18,Regular,App Install,18
2303,Nagpur,Maharashtra,2023-08-28,New,Referral,1
2304,Patna,Bihar,2024-07-06,New,Paid Ads,1
2305,Chandigarh,Punjab,2024-06-11,New,Paid Ads,3
2306,Delhi,Delhi,2023-11-23,Regular,Referral,4
2307,Agra,Uttar Pradesh,2023-12-13,New,Paid Ads,3
2308,Lucknow,Uttar Pradesh,2024-04-05,Premium,App Install,16
2309,Jaipur,Rajasthan,2024-05-19,Inactive,App Install,5
2310,Surat,Gujarat,2024-07-11,Regular,App Install,17
2311,Vadodara,Gujarat,2024-02-17,New,App Install,1
2312,Nagpur,Maharashtra,2024-04-09,New,Referral,3
2313,Surat,Gujarat,2023-03-04,New,Referral,2
2314,Chandigarh,Punjab,2023-08-30,Regular,Referral,20
2315,Ahmedabad,Gujarat,2023-05-31,Regular,Organic Search,15
2316,Kochi,Kerala,2023-01-03,New,Referral,3
2317,Surat,Gujarat,2023-05-28,Regular,Organic Search,9
2318,Bhopal,Madhya Pradesh,2023-07-04,Premium,Paid Ads,55
2319,Delhi,Delhi,2023-12-24,Regular,Social Media,9
2320,Chandigarh,Punjab,2023-03-30,Regular,Referral,15
2321,Nagpur,Maharashtra,2023-01-16,Regular,Social Media,18
2322,Ahmedabad,Gujarat,2023-04-18,New,App Install,2
2323,Bhopal,Madhya Pradesh,2024-02-19,New,Email,1
2324,Mumbai,Maharashtra,2023-03-16,New,Email,3
2325,Agra,Uttar Pradesh,2023-06-28,Regular,Organic Search,8
2326,Nagpur,Maharashtra,2023-12-02,New,Email,2
2327,Ahmedabad,Gujarat,2024-04-12,Regular,Email,5
2328,Chandigarh,Punjab,2024-07-24,Premium,Email,49
2329,Agra,Uttar Pradesh,2023-10-02,Inactive,Paid Ads,4
2330,Jaipur,Rajasthan,2024-09-30,Premium,Email,49
2331,Mumbai,Maharashtra,2023-10-23,Regular,Email,4
2332,Kolkata,West Bengal,2023-06-12,Premium,Paid Ads,17
2333,Surat,Gujarat,2023-12-05,Regular,Organic Search,11
2334,Surat,Gujarat,2024-07-09,Regular,Referral,12
2335,Indore,Madhya Pradesh,2024-06-03,New,Social Media,3
2336,Indore,Madhya Pradesh,2023-05-14,New,Social Media,3
2337,Jaipur,Rajasthan,2023-12-12,New,App Install,3
2338,Ahmedabad,Gujarat,2024-06-08,Regular,Email,6
2339,Chandigarh,Punjab,2023-03-28,Premium,Social Media,37
2340,Indore,Madhya Pradesh,2024-04-07,New,App Install,3
2341,Surat,Gujarat,2024-06-03,New,Referral,1
2342,Pune,Maharashtra,2024-03-27,Inactive,Organic Search,3
2343,Mumbai,Maharashtra,2023-07-03,Regular,Paid Ads,16
2344,Bengaluru,Karnataka,2024-04-03,Regular,Referral,19
2345,Jaipur,Rajasthan,2023-07-20,Regular,Email,9
2346,Agra,Uttar Pradesh,2023-01-27,New,Email,2
2347,Bengaluru,Karnataka,2023-10-09,Regular,Referral,6
2348,Vadodara,Gujarat,2024-09-20,Regular,Organic Search,18
2349,Bengaluru,Karnataka,2024-05-21,New,Email,3
2350,Pune,Maharashtra,2024-05-19,Regular,Referral,8
2351,Lucknow,Uttar Pradesh,2024-09-30,New,Email,2
2352,Chennai,Tamil Nadu,2024-06-01,Premium,Referral,60
2353,Lucknow,Uttar Pradesh,2023-06-07,New,Paid Ads,2
2354,Lucknow,Uttar Pradesh,2024-06-12,Regular,Email,10
2355,Jaipur,Rajasthan,2024-05-20,Regular,App Install,5
2356,Nagpur,Maharashtra,2024-06-28,New,Social Media,3
2357,Pune,Maharashtra,2024-06-20,Regular,Organic Search,16
2358,Pune,Maharashtra,2023-07-10,Premium,App Install,55
2359,Coimbatore,Tamil Nadu,2023-09-01,Inactive,Social Media,1
2360,Bengaluru,Karnataka,2023-10-03,Regular,Organic Search,15
2361,Coimbatore,Tamil Nadu,2024-02-04,Regular,Referral,14
2362,Bhopal,Madhya Pradesh,2024-04-12,Inactive,Email,1
2363,Nagpur,Maharashtra,2023-02-01,Premium,App Install,22
2364,Hyderabad,Telangana,2023-06-21,Regular,Social Media,9
2365,Agra,Uttar Pradesh,2023-12-17,Regular,Social Media,12
2366,Chennai,Tamil Nadu,2023-09-15,New,Paid Ads,3
2367,Hyderabad,Telangana,2024-02-07,New,Referral,3
2368,Hyderabad,Telangana,2024-02-08,Regular,Paid Ads,8
2369,Indore,Madhya Pradesh,2023-12-28,New,Email,2
2370,Agra,Uttar Pradesh,2023-07-10,Premium,App Install,30
2371,Chennai,Tamil Nadu,2023-05-17,New,App Install,3
2372,Jaipur,Rajasthan,2024-08-12,Regular,Social Media,16
2373,Hyderabad,Telangana,2023-08-16,Regular,Paid Ads,7
2374,Bhopal,Madhya Pradesh,2023-12-15,New,Referral,1
2375,Jaipur,Rajasthan,2023-09-24,Regular,Organic Search,14
2376,Mumbai,Maharashtra,2023-07-11,Premium,Email,36
2377,Bhopal,Madhya Pradesh,2024-05-09,Regular,Paid Ads,14
2378,Hyderabad,Telangana,2024-02-03,New,Paid Ads,3
2379,Indore,Madhya Pradesh,2023-06-25,Premium,Referral,52
2380,Ahmedabad,Gujarat,2023-08-15,New,App Install,1
2381,Patna,Bihar,2023-12-18,Regular,Email,15
2382,Chennai,Tamil Nadu,2023-04-15,Regular,Paid Ads,20
2383,Chandigarh,Punjab,2023-04-19,Inactive,Email,4
2384,Coimbatore,Tamil Nadu,2024-01-14,Premium,Social Media,16
2385,Delhi,Delhi,2024-05-16,Regular,Email,12
2386,Bengaluru,Karnataka,2024-01-31,Inactive,Email,3
2387,Kochi,Kerala,2023-01-17,Premium,Email,35
2388,Hyderabad,Telangana,2024-05-14,New,App Install,2
2389,Pune,Maharashtra,2023-09-25,Regular,Paid Ads,4
2390,Lucknow,Uttar Pradesh,2023-07-18,Regular,Social Media,7
2391,Kolkata,West Bengal,2024-06-08,Regular,Email,6
2392,Kochi,Kerala,2023-04-26,New,Referral,3
2393,Surat,Gujarat,2024-05-10,Regular,Paid Ads,5
2394,Bhopal,Madhya Pradesh,2023-07-23,Regular,Email,14
2395,Indore,Madhya Pradesh,2024-08-18,New,Paid Ads,2
2396,Bhopal,Madhya Pradesh,2023-02-08,Regular,Organic Search,15
2397,Indore,Madhya Pradesh,2023-08-04,Premium,Referral,34
2398,Pune,Maharashtra,2023-04-01,Inactive,Social Media,3
2399,Coimbatore,Tamil Nadu,2024-04-09,Regular,Organic Search,14
2400,Bhopal,Madhya Pradesh,2023-12-02,New,Paid Ads,1
2401,Coimbatore,Tamil Nadu,2023-08-10,New,App Install,1
2402,Patna,Bihar,2024-01-10,Inactive,Email,2
2403,Kolkata,West Bengal,2024-03-05,Premium,Referral,48
2404,Bhopal,Madhya Pradesh,2023-04-10,Regular,Paid Ads,17
2405,Delhi,Delhi,2024-04-03,Regular,Social Media,5
2406,Bengaluru,Karnataka,2023-01-17,Regular,Email,12
2407,Bengaluru,Karnataka,2023-06-03,Inactive,App Install,1
2408,Pune,Maharashtra,2023-10-18,Regular,Organic Search,5
2409,Hyderabad,Telangana,2023-12-29,Regular,Paid Ads,18
2410,Nagpur,Maharashtra,2024-01-28,Regular,Email,20
2411,Surat,Gujarat,2023-05-05,Inactive,App Install,5
2412,Jaipur,Rajasthan,2024-06-20,Regular,Referral,5
2413,Bengaluru,Karnataka,2024-09-11,Regular,App Install,8
2414,Ahmedabad,Gujarat,2024-05-04,New,Organic Search,2
2415,Hyderabad,Telangana,2024-01-05,Regular,Paid Ads,11
2416,Bhopal,Madhya Pradesh,2024-06-10,Premium,Email,50
2417,Nagpur,Maharashtra,2023-12-23,New,Referral,1
2418,Bhopal,Madhya Pradesh,2023-05-21,New,Social Media,3
2419,Agra,Uttar Pradesh,2024-03-14,New,Referral,1
2420,Indore,Madhya Pradesh,2023-11-29,New,Email,3
2421,Lucknow,Uttar Pradesh,2024-03-01,New,Referral,3
2422,Bengaluru,Karnataka,2024-03-28,Regular,Social Media,13
2423,Pune,Maharashtra,2023-06-21,New,Paid Ads,2
2424,Lucknow,Uttar Pradesh,2023-12-12,Premium,Email,36
2425,Delhi,Delhi,2023-10-14,Inactive,Email,3
2426,Ahmedabad,Gujarat,2024-08-25,Regular,Referral,15
2427,Mumbai,Maharashtra,2023-11-21,Premium,App Install,54
2428,Bengaluru,Karnataka,2023-10-22,New,Paid Ads,3
2429,Coimbatore,Tamil Nadu,2023-05-12,New,Social Media,3
2430,Agra,Uttar Pradesh,2023-05-02,Inactive,Organic Search,4
2431,Surat,Gujarat,2023-12-07,Regular,Organic Search,8
2432,Lucknow,Uttar Pradesh,2023-01-07,New,Organic Search,1
2433,Nagpur,Maharashtra,2023-06-09,New,Social Media,2
2434,Jaipur,Rajasthan,2023-08-24,New,Email,3
2435,Coimbatore,Tamil Nadu,2023-08-26,New,Organic Search,1
2436,Lucknow,Uttar Pradesh,2023-05-15,New,App Install,1
2437,Delhi,Delhi,2023-11-30,Regular,Social Media,6
2438,Mumbai,Maharashtra,2023-08-02,Premium,Organic Search,35
2439,Chandigarh,Punjab,2023-12-15,New,Referral,1
2440,Kolkata,West Bengal,2024-06-18,New,Paid Ads,3
2441,Kolkata,West Bengal,2024-03-11,New,Email,3
2442,Surat,Gujarat,2023-07-06,New,App Install,1
2443,Hyderabad,Telangana,2023-10-18,Inactive,Social Media,3
2444,Lucknow,Uttar Pradesh,2024-06-16,Premium,Email,54
2445,Patna,Bihar,2024-01-28,Regular,Referral,19
2446,Chandigarh,Punjab,2023-05-28,Regular,Referral,11
2447,Surat,Gujarat,2024-03-09,New,Referral,3
2448,Bengaluru,Karnataka,2024-03-27,New,App Install,2
2449,Bengaluru,Karnataka,2024-02-28,Premium,Paid Ads,15
2450,Chandigarh,Punjab,2023-05-13,Inactive,Social Media,5
2451,Coimbatore,Tamil Nadu,2023-06-21,New,Social Media,2
2452,Ahmedabad,Gujarat,2023-08-03,Regular,Organic Search,20
2453,Coimbatore,Tamil Nadu,2023-08-12,Regular,Paid Ads,7
2454,Mumbai,Maharashtra,2023-05-17,Premium,Paid Ads,19
2455,Patna,Bihar,2023-05-10,New,Paid Ads,3
2456,Surat,Gujarat,2023-05-27,Inactive,App Install,1
2457,Agra,Uttar Pradesh,2023-11-09,Regular,Email,6
2458,Bengaluru,Karnataka,2023-03-02,New,Referral,3
2459,Coimbatore,Tamil Nadu,2023-01-09,Premium,Organic Search,48
2460,Chandigarh,Punjab,2023-09-08,Regular,Referral,12
2461,Kolkata,West Bengal,2024-05-16,Inactive,Paid Ads,2
2462,Agra,Uttar Pradesh,2024-07-20,Inactive,Referral,3
2463,Jaipur,Rajasthan,2023-01-25,Inactive,Email,2
2464,Pune,Maharashtra,2024-04-27,Inactive,Referral,5
2465,Coimbatore,Tamil Nadu,2023-03-31,Inactive,App Install,4
2466,Jaipur,Rajasthan,2023-07-01,New,Paid Ads,2
2467,Agra,Uttar Pradesh,2024-05-06,New,Referral,2
2468,Chandigarh,Punjab,2023-09-24,Inactive,App Install,3
2469,Chennai,Tamil Nadu,2024-07-29,Premium,App Install,32
2470,Coimbatore,Tamil Nadu,2024-05-10,New,Paid Ads,2
2471,Indore,Madhya Pradesh,2023-06-08,Regular,Email,5
2472,Ahmedabad,Gujarat,2023-11-30,Regular,Paid Ads,6
2473,Patna,Bihar,2024-06-07,Regular,App Install,18
2474,Bhopal,Madhya Pradesh,2024-01-27,Inactive,App Install,5
2475,Hyderabad,Telangana,2023-09-04,New,App Install,1
2476,Bengaluru,Karnataka,2024-02-06,New,Organic Search,3
2477,Chennai,Tamil Nadu,2023-07-06,Regular,App Install,18
2478,Chennai,Tamil Nadu,2023-05-04,New,App Install,2
2479,Delhi,Delhi,2023-06-29,Regular,Organic Search,18
2480,Ahmedabad,Gujarat,2023-08-09,Premium,Paid Ads,43
2481,Kolkata,West Bengal,2023-08-11,Regular,Email,9
2482,Surat,Gujarat,2023-01-30,New,Social Media,1
2483,Pune,Maharashtra,2023-06-26,Premium,Paid Ads,51
2484,Patna,Bihar,2024-08-03,Inactive,Email,2
2485,Kolkata,West Bengal,2024-02-26,Inactive,Paid Ads,1
2486,Kolkata,West Bengal,2024-03-13,Inactive,Social Media,5
2487,Kochi,Kerala,2023-03-19,Inactive,App Install,3
2488,Agra,Uttar Pradesh,2023-08-30,New,Email,3
2489,Nagpur,Maharashtra,2023-05-28,New,Paid Ads,1
2490,Delhi,Delhi,2023-11-29,Regular,App Install,15
2491,Agra,Uttar Pradesh,2023-09-08,Regular,Email,10
2492,Chandigarh,Punjab,2023-11-24,New,Email,2
2493,Vadodara,Gujarat,2023-10-01,Regular,Referral,7
2494,Agra,Uttar Pradesh,2024-05-15,Premium,App Install,56
2495,Kochi,Kerala,2024-04-19,Regular,App Install,19
2496,Bengaluru,Karnataka,2023-08-13,Regular,Paid Ads,16
2497,Kochi,Kerala,2023-10-24,Regular,Paid Ads,4
2498,Chennai,Tamil Nadu,2024-08-07,Regular,Social Media,12
2499,Patna,Bihar,2023-09-17,Regular,Email,19
2500,Coimbatore,Tamil Nadu,2024-09-17,Regular,App Install,7
2501,Chandigarh,Punjab,2023-07-04,Regular,Referral,18
2502,Nagpur,Maharashtra,2023-01-03,Premium,Paid Ads,51
2503,Lucknow,Uttar Pradesh,2023-06-28,Regular,Referral,6
2504,Indore,Madhya Pradesh,2023-06-15,New,Organic Search,2
2505,Kolkata,West Bengal,2023-09-10,Regular,App Install,18
2506,Jaipur,Rajasthan,2024-06-23,Inactive,Referral,1
2507,Lucknow,Uttar Pradesh,2023-08-08,Regular,Referral,14
2508,Bhopal,Madhya Pradesh,2023-05-22,New,Email,3
2509,Kochi,Kerala,2024-06-15,New,Paid Ads,1
2510,Delhi,Delhi,2023-06-02,New,Organic Search,3
2511,Surat,Gujarat,2023-04-11,Inactive,Paid Ads,3
2512,Kolkata,West Bengal,2024-02-11,Regular,App Install,5
2513,Vadodara,Gujarat,2024-07-15,Regular,Paid Ads,9
2514,Ahmedabad,Gujarat,2023-02-08,Inactive,Organic Search,3
2515,Agra,Uttar Pradesh,2024-07-21,Regular,Referral,18
2516,Pune,Maharashtra,2024-06-15,Inactive,Email,5
2517,Mumbai,Maharashtra,2024-08-05,Regular,Referral,15
2518,Chandigarh,Punjab,2023-08-04,Regular,App Install,15
2519,Patna,Bihar,2024-06-10,New,Social Media,1
2520,Patna,Bihar,2023-08-31,New,App Install,3
2521,Lucknow,Uttar Pradesh,2024-02-08,Regular,Organic Search,5
2522,Nagpur,Maharashtra,2023-07-26,Regular,Organic Search,12
2523,Ahmedabad,Gujarat,2023-11-06,Regular,Paid Ads,16
2524,Delhi,Delhi,2023-03-25,Regular,Email,14
2525,Surat,Gujarat,2023-04-23,Regular,Referral,6
2526,Chennai,Tamil Nadu,2023-12-22,Regular,Paid Ads,10
2527,Jaipur,Rajasthan,2024-08-07,Regular,Organic Search,4
2528,Chennai,Tamil Nadu,2023-06-02,Regular,App Install,9
2529,Kolkata,West Bengal,2024-08-23,Premium,App Install,37
2530,Coimbatore,Tamil Nadu,2023-01-25,Regular,Organic Search,13
2531,Pune,Maharashtra,2023-07-23,Regular,Referral,12
2532,Indore,Madhya Pradesh,2024-06-07,New,Paid Ads,1
2533,Indore,Madhya Pradesh,2024-09-18,New,Paid Ads,1
2534,Lucknow,Uttar Pradesh,2024-08-13,Regular,Referral,19
2535,Pune,Maharashtra,2023-03-26,Regular,Paid Ads,19
2536,Nagpur,Maharashtra,2023-04-06,New,Email,1
2537,Mumbai,Maharashtra,2023-05-29,Premium,Referral,18
2538,Delhi,Delhi,2023-06-04,Regular,App Install,8
2539,Chandigarh,Punjab,2023-04-29,Regular,Paid Ads,9
2540,Lucknow,Uttar Pradesh,2023-05-01,Premium,App Install,59
2541,Bengaluru,Karnataka,2024-04-16,Inactive,Referral,4
2542,Kochi,Kerala,2023-05-23,New,Organic Search,1
2543,Jaipur,Rajasthan,2024-09-12,New,App Install,3
2544,Mumbai,Maharashtra,2023-04-02,New,Organic Search,1
2545,Agra,Uttar Pradesh,2024-01-27,New,Referral,1
2546,Chennai,Tamil Nadu,2023-05-13,New,Paid Ads,1
2547,Nagpur,Maharashtra,2023-05-04,Regular,Email,5
2548,Bengaluru,Karnataka,2024-04-02,Regular,Paid Ads,14
2549,Bhopal,Madhya Pradesh,2024-06-25,Premium,Referral,30
2550,Hyderabad,Telangana,2023-07-22,Regular,Email,10
2551,Vadodara,Gujarat,2023-02-07,New,Social Media,3
2552,Kolkata,West Bengal,2023-07-17,Premium,Referral,39
2553,Nagpur,Maharashtra,2023-12-12,Inactive,Paid Ads,5
2554,Kolkata,West Bengal,2023-01-14,Inactive,App Install,2
2555,Ahmedabad,Gujarat,2024-04-11,Premium,App Install,57
2556,Vadodara,Gujarat,2023-11-05,Premium,Email,21
2557,Hyderabad,Telangana,2023-06-03,Inactive,Social Media,2
2558,Ahmedabad,Gujarat,2023-04-13,New,Organic Search,2
2559,Pune,Maharashtra,2023-01-24,New,Email,3
2560,Nagpur,Maharashtra,2024-02-09,Premium,App Install,48
2561,Chennai,Tamil Nadu,2023-05-24,Premium,Social Media,15
2562,Nagpur,Maharashtra,2024-08-13,Regular,App Install,14
2563,Patna,Bihar,2023-05-18,Regular,Paid Ads,13
2564,Mumbai,Maharashtra,2024-01-20,Regular,Paid Ads,4
2565,Lucknow,Uttar Pradesh,2024-08-28,Regular,Paid Ads,15
2566,Bengaluru,Karnataka,2023-12-25,Regular,App Install,16
2567,Chennai,Tamil Nadu,2023-03-09,Regular,App Install,4
2568,Nagpur,Maharashtra,2023-08-08,Premium,App Install,57
2569,Mumbai,Maharashtra,2024-08-05,New,Email,2
2570,Nagpur,Maharashtra,2023-05-12,Regular,App Install,19
2571,Coimbatore,Tamil Nadu,2023-01-18,New,Organic Search,1
2572,Agra,Uttar Pradesh,2024-04-09,Premium,Organic Search,24
2573,Jaipur,Rajasthan,2023-10-10,Regular,Paid Ads,17
2574,Bengaluru,Karnataka,2024-01-03,Regular,Email,14
2575,Delhi,Delhi,2024-07-06,Premium,Social Media,39
2576,Ahmedabad,Gujarat,2023-11-11,Premium,Paid Ads,28
2577,Patna,Bihar,2023-01-28,Premium,Social Media,19
2578,Bengaluru,Karnataka,2023-06-09,Regular,Organic Search,8
2579,Pune,Maharashtra,2024-05-08,Premium,Organic Search,42
2580,Kochi,Kerala,2023-05-07,Regular,Social Media,9
2581,Bengaluru,Karnataka,2024-05-05,New,Paid Ads,3
2582,Chandigarh,Punjab,2024-05-21,Premium,Social Media,18
2583,Chandigarh,Punjab,2023-06-20,Regular,Email,5
2584,Bengaluru,Karnataka,2024-03-29,New,App Install,3
2585,Agra,Uttar Pradesh,2023-03-29,Regular,Referral,17
2586,Bengaluru,Karnataka,2024-08-27,Regular,Organic Search,17
2587,Surat,Gujarat,2023-08-22,Regular,Paid Ads,8
2588,Mumbai,Maharashtra,2023-10-16,Regular,Email,7
2589,Nagpur,Maharashtra,2023-12-17,New,Social Media,2
2590,Jaipur,Rajasthan,2023-06-12,Inactive,App Install,1
2591,Patna,Bihar,2023-08-16,New,App Install,3
2592,Bhopal,Madhya Pradesh,2023-10-20,Premium,Organic Search,30
2593,Hyderabad,Telangana,2023-03-02,Premium,Organic Search,16
2594,Jaipur,Rajasthan,2024-09-22,Regular,Social Media,16
2595,Nagpur,Maharashtra,2024-05-23,Regular,Email,18
2596,Kochi,Kerala,2024-01-13,Regular,Referral,13
2597,Delhi,Delhi,2024-09-29,Regular,Organic Search,15
2598,Bengaluru,Karnataka,2024-03-29,Premium,Email,58
2599,Chandigarh,Punjab,2023-12-23,Regular,Social Media,13
2600,Indore,Madhya Pradesh,2024-03-11,Regular,Paid Ads,11
2601,Ahmedabad,Gujarat,2023-09-15,New,Referral,1
2602,Agra,Uttar Pradesh,2023-05-21,Premium,Social Media,44
2603,Pune,Maharashtra,2024-03-20,Inactive,Organic Search,1
2604,Bengaluru,Karnataka,2023-02-15,New,Email,1
2605,Kolkata,West Bengal,2023-05-02,Inactive,Email,1
2606,Delhi,Delhi,2023-02-09,Regular,Paid Ads,4
2607,Indore,Madhya Pradesh,2024-02-27,Regular,Email,11
2608,Bhopal,Madhya Pradesh,2023-04-13,Regular,Referral,16
2609,Bhopal,Madhya Pradesh,2023-10-10,Regular,Organic Search,19
2610,Chandigarh,Punjab,2023-06-15,Inactive,Referral,5
2611,Nagpur,Maharashtra,2023-02-13,Inactive,Email,1
2612,Coimbatore,Tamil Nadu,2024-06-13,New,Organic Search,3
2613,Nagpur,Maharashtra,2024-01-11,Regular,Referral,7
2614,Pune,Maharashtra,2023-06-01,Regular,Email,4
2615,Surat,Gujarat,2023-04-21,New,Social Media,3
2616,Surat,Gujarat,2023-03-04,New,Referral,1
2617,Patna,Bihar,2023-07-20,Regular,Email,5
2618,Kolkata,West Bengal,2024-02-23,Regular,Referral,7
2619,Delhi,Delhi,2023-09-10,Inactive,Organic Search,4
2620,Kochi,Kerala,2023-08-23,New,Social Media,1
2621,Agra,Uttar Pradesh,2023-02-18,New,Social Media,2
2622,Lucknow,Uttar Pradesh,2024-06-27,Regular,Social Media,19
2623,Bengaluru,Karnataka,2023-11-04,New,Paid Ads,2
2624,Lucknow,Uttar Pradesh,2023-06-29,Regular,Organic Search,10
2625,Indore,Madhya Pradesh,2023-01-26,Regular,Organic Search,17
2626,Surat,Gujarat,2023-07-06,New,Social Media,3
2627,Agra,Uttar Pradesh,2024-06-24,New,App Install,2
2628,Agra,Uttar Pradesh,2024-04-02,Inactive,Referral,4
2629,Vadodara,Gujarat,2024-09-02,New,Social Media,2
2630,Bengaluru,Karnataka,2023-01-31,New,Paid Ads,1
2631,Kochi,Kerala,2024-07-28,Regular,Organic Search,14
2632,Indore,Madhya Pradesh,2023-07-23,New,App Install,1
2633,Ahmedabad,Gujarat,2024-09-13,New,Referral,1
2634,Nagpur,Maharashtra,2024-03-26,Regular,Social Media,17
2635,Chandigarh,Punjab,2024-02-08,New,Referral,1
2636,Agra,Uttar Pradesh,2023-03-22,Inactive,Social Media,5
2637,Chandigarh,Punjab,2023-03-07,Regular,Email,11
2638,Mumbai,Maharashtra,2023-05-22,New,App Install,2
2639,Delhi,Delhi,2023-01-20,New,Organic Search,1
2640,Kolkata,West Bengal,2023-09-30,Regular,Referral,17
2641,Mumbai,Maharashtra,2024-03-11,Regular,Organic Search,13
2642,Delhi,Delhi,2023-12-05,New,App Install,3
2643,Chandigarh,Punjab,2023-01-26,Inactive,Organic Search,1
2644,Surat,Gujarat,2023-02-21,Inactive,Referral,5
2645,Bhopal,Madhya Pradesh,2024-05-12,New,App Install,2
2646,Surat,Gujarat,2023-05-08,New,Social Media,1
2647,Jaipur,Rajasthan,2023-01-21,Regular,App Install,12
2648,Patna,Bihar,2024-08-22,Premium,Paid Ads,49
2649,Delhi,Delhi,2024-07-19,Regular,Organic Search,12
2650,Surat,Gujarat,2024-08-10,Regular,Organic Search,14
2651,Bhopal,Madhya Pradesh,2023-09-13,Inactive,App Install,1
2652,Kolkata,West Bengal,2023-11-21,Regular,Paid Ads,5
2653,Pune,Maharashtra,2023-09-19,Regular,Email,20
2654,Surat,Gujarat,2023-02-08,Regular,Email,13
2655,Chennai,Tamil Nadu,2024-09-04,New,Referral,2
2656,Coimbatore,Tamil Nadu,2024-09-12,New,Email,2
2657,Surat,Gujarat,2023-08-18,New,App Install,1
2658,Ahmedabad,Gujarat,2023-07-23,New,Referral,3
2659,Bhopal,Madhya Pradesh,2024-03-25,Regular,App Install,7
2660,Coimbatore,Tamil Nadu,2024-02-29,Premium,Referral,53
2661,Nagpur,Maharashtra,2024-07-23,Regular,App Install,13
2662,Delhi,Delhi,2023-04-15,Inactive,Referral,4
2663,Nagpur,Maharashtra,2023-04-12,Inactive,Paid Ads,2
2664,Patna,Bihar,2024-05-11,Regular,Social Media,5
2665,Coimbatore,Tamil Nadu,2024-05-11,Regular,Referral,12
2666,Delhi,Delhi,2023-09-12,Premium,Paid Ads,26
2667,Delhi,Delhi,2023-11-27,New,Referral,1
2668,Jaipur,Rajasthan,2023-08-04,Inactive,App Install,5
2669,Lucknow,Uttar Pradesh,2024-08-28,Regular,Email,13
2670,Bhopal,Madhya Pradesh,2024-08-19,Premium,Email,22
2671,Pune,Maharashtra,2024-09-17,Premium,Referral,15
2672,Patna,Bihar,2023-03-10,New,App Install,2
2673,Patna,Bihar,2023-06-19,Regular,Referral,8
2674,Bengaluru,Karnataka,2023-01-27,Premium,Paid Ads,44
2675,Patna,Bihar,2023-02-22,New,Email,2
2676,Patna,Bihar,2024-07-07,New,Paid Ads,1
2677,Hyderabad,Telangana,2023-04-02,Inactive,Referral,1
2678,Agra,Uttar Pradesh,2023-06-12,Premium,App Install,57
2679,Surat,Gujarat,2023-01-29,Regular,App Install,12
2680,Chandigarh,Punjab,2023-04-08,Inactive,Email,1
2681,Patna,Bihar,2023-08-29,New,Social Media,3
2682,Hyderabad,Telangana,2024-09-21,Regular,Email,20
2683,Bengaluru,Karnataka,2024-09-01,Regular,Email,18
2684,Chandigarh,Punjab,2023-05-31,Inactive,Organic Search,1
2685,Kolkata,West Bengal,2024-03-31,New,Organic Search,3
2686,Kochi,Kerala,2024-07-04,Inactive,Email,5
2687,Chandigarh,Punjab,2023-10-24,New,App Install,3
2688,Mumbai,Maharashtra,2023-02-01,Regular,Organic Search,16
2689,Coimbatore,Tamil Nadu,2023-09-24,New,Social Media,3
2690,Kolkata,West Bengal,2023-05-22,Inactive,Paid Ads,1
2691,Delhi,Delhi,2024-04-07,Regular,Social Media,20
2692,Patna,Bihar,2024-06-09,Premium,App Install,29
2693,Indore,Madhya Pradesh,2024-08-07,New,Referral,3
2694,Delhi,Delhi,2024-01-18,Regular,Referral,4
2695,Lucknow,Uttar Pradesh,2024-07-06,Inactive,Paid Ads,1
2696,Ahmedabad,Gujarat,2023-01-27,Regular,Social Media,5
2697,Lucknow,Uttar Pradesh,2024-03-04,Inactive,Referral,3
2698,Indore,Madhya Pradesh,2024-04-29,New,App Install,1
2699,Ahmedabad,Gujarat,2023-07-04,New,Paid Ads,2
2700,Kolkata,West Bengal,2024-07-30,Premium,Organic Search,34
2701,Bengaluru,Karnataka,2024-09-01,Regular,Referral,6
2702,Indore,Madhya Pradesh,2023-03-28,Regular,Paid Ads,20
2703,Patna,Bihar,2024-05-26,New,App Install,3
2704,Chennai,Tamil Nadu,2023-10-04,Regular,Paid Ads,17
2705,Surat,Gujarat,2024-07-27,Regular,Email,8
2706,Mumbai,Maharashtra,2024-04-19,New,App Install,2
2707,Kochi,Kerala,2024-08-15,Regular,App Install,19
2708,Chennai,Tamil Nadu,2023-02-21,Premium,Social Media,17
2709,Lucknow,Uttar Pradesh,2024-08-25,Regular,Social Media,11
2710,Ahmedabad,Gujarat,2023-05-01,Premium,Social Media,20
2711,Hyderabad,Telangana,2024-08-17,Inactive,Referral,1
2712,Vadodara,Gujarat,2023-12-30,Regular,Referral,5
2713,Kochi,Kerala,2024-05-21,New,Email,3
2714,Indore,Madhya Pradesh,2023-09-12,New,Paid Ads,2
2715,Vadodara,Gujarat,2023-10-18,Inactive,App Install,5
2716,Patna,Bihar,2024-07-25,Regular,Paid Ads,14
2717,Jaipur,Rajasthan,2024-01-22,Premium,Social Media,21
2718,Pune,Maharashtra,2024-04-16,Regular,Email,16
2719,Jaipur,Rajasthan,2023-07-06,New,Social Media,3
2720,Patna,Bihar,2023-02-16,Regular,Email,17
2721,Kolkata,West Bengal,2023-10-17,New,Email,2
2722,Delhi,Delhi,2024-01-28,Inactive,Email,2
2723,Ahmedabad,Gujarat,2023-09-29,New,Email,2
2724,Surat,Gujarat,2023-01-27,Premium,Social Media,43
2725,Vadodara,Gujarat,2024-06-07,Premium,Social Media,24
2726,Hyderabad,Telangana,2023-03-08,New,Referral,1
2727,Coimbatore,Tamil Nadu,2023-06-06,New,Email,2
2728,Agra,Uttar Pradesh,2023-04-15,New,Referral,1
2729,Agra,Uttar Pradesh,2023-06-13,New,Social Media,3
2730,Delhi,Delhi,2023-09-06,Regular,App Install,17
2731,Lucknow,Uttar Pradesh,2023-10-09,Regular,Email,8
2732,Kolkata,West Bengal,2023-01-01,New,Email,3
2733,Coimbatore,Tamil Nadu,2023-08-16,Premium,Social Media,49
2734,Pune,Maharashtra,2024-02-14,Regular,Email,20
2735,Indore,Madhya Pradesh,2023-08-22,New,Email,1
2736,Mumbai,Maharashtra,2024-03-22,Regular,Paid Ads,12
2737,Chennai,Tamil Nadu,2024-02-09,New,Referral,1
2738,Indore,Madhya Pradesh,2024-06-23,New,Referral,3
2739,Pune,Maharashtra,2024-08-12,Regular,Organic Search,17
2740,Bhopal,Madhya Pradesh,2023-01-23,New,Email,1
2741,Lucknow,Uttar Pradesh,2023-04-02,Regular,Social Media,6
2742,Indore,Madhya Pradesh,2023-08-08,Premium,Organic Search,52
2743,Lucknow,Uttar Pradesh,2023-09-12,Premium,Social Media,57
2744,Chandigarh,Punjab,2024-09-06,Regular,App Install,9
2745,Hyderabad,Telangana,2023-07-29,Premium,App Install,41
2746,Vadodara,Gujarat,2023-04-21,Inactive,Paid Ads,2
2747,Chandigarh,Punjab,2024-05-01,Regular,App Install,17
2748,Chennai,Tamil Nadu,2023-01-01,Regular,Social Media,9
2749,Mumbai,Maharashtra,2023-09-12,New,Organic Search,2
2750,Jaipur,Rajasthan,2023-11-25,New,Email,3
2751,Chennai,Tamil Nadu,2023-04-07,Premium,Referral,36
2752,Pune,Maharashtra,2023-01-23,Premium,Paid Ads,38
2753,Coimbatore,Tamil Nadu,2023-10-13,Inactive,Social Media,4
2754,Kochi,Kerala,2023-05-29,Regular,Social Media,7
2755,Agra,Uttar Pradesh,2024-09-23,New,Organic Search,2
2756,Mumbai,Maharashtra,2023-11-22,New,App Install,1
2757,Nagpur,Maharashtra,2023-07-17,Regular,App Install,13
2758,Coimbatore,Tamil Nadu,2023-10-08,Inactive,Organic Search,5
2759,Patna,Bihar,2024-03-02,Regular,Referral,6
2760,Bengaluru,Karnataka,2024-04-26,New,App Install,2
2761,Surat,Gujarat,2023-03-08,Regular,Email,8
2762,Chennai,Tamil Nadu,2023-09-22,New,Email,3
2763,Lucknow,Uttar Pradesh,2024-08-09,Inactive,Email,1
2764,Delhi,Delhi,2024-07-13,Premium,Email,15
2765,Agra,Uttar Pradesh,2024-02-15,Premium,Referral,50
2766,Patna,Bihar,2023-05-29,New,Organic Search,2
2767,Delhi,Delhi,2023-03-23,New,Referral,2
2768,Vadodara,Gujarat,2024-02-28,Regular,Email,7
2769,Kochi,Kerala,2023-08-20,New,Social Media,3
2770,Surat,Gujarat,2023-07-09,Regular,Referral,16
2771,Patna,Bihar,2023-09-29,Regular,Email,17
2772,Ahmedabad,Gujarat,2024-09-23,New,App Install,3
2773,Agra,Uttar Pradesh,2024-09-24,New,Paid Ads,3
2774,Delhi,Delhi,2024-08-18,Regular,Referral,18
2775,Delhi,Delhi,2023-11-16,Inactive,Email,4
2776,Bengaluru,Karnataka,2024-08-03,New,Social Media,3
2777,Coimbatore,Tamil Nadu,2023-04-03,New,Social Media,2
2778,Delhi,Delhi,2024-08-25,Regular,Social Media,14
2779,Indore,Madhya Pradesh,2023-02-20,New,Organic Search,1
2780,Jaipur,Rajasthan,2024-09-20,Regular,Paid Ads,9
2781,Agra,Uttar Pradesh,2023-03-01,Regular,App Install,19
2782,Chennai,Tamil Nadu,2024-01-05,Regular,Paid Ads,16
2783,Kolkata,West Bengal,2023-02-15,Regular,Social Media,7
2784,Pune,Maharashtra,2023-03-14,New,Referral,1
2785,Coimbatore,Tamil Nadu,2024-03-08,Premium,App Install,18
2786,Patna,Bihar,2023-08-21,Regular,Email,16
2787,Patna,Bihar,2023-08-01,Regular,Referral,14
2788,Pune,Maharashtra,2023-09-12,New,Referral,3
2789,Kolkata,West Bengal,2023-05-09,New,Organic Search,3
2790,Delhi,Delhi,2024-08-16,Regular,Social Media,14
2791,Chennai,Tamil Nadu,2024-01-17,Regular,Email,5
2792,Chandigarh,Punjab,2024-01-24,Inactive,Referral,1
2793,Indore,Madhya Pradesh,2023-02-20,New,Organic Search,3
2794,Hyderabad,Telangana,2024-08-09,Regular,Social Media,8
2795,Hyderabad,Telangana,2023-11-02,Inactive,Email,5
2796,Lucknow,Uttar Pradesh,2023-09-14,Inactive,Paid Ads,1
2797,Jaipur,Rajasthan,2023-10-28,New,Referral,2
2798,Surat,Gujarat,2023-10-08,Inactive,App Install,5
2799,Agra,Uttar Pradesh,2024-09-20,Regular,Referral,17
2800,Chennai,Tamil Nadu,2024-05-24,Inactive,Referral,1
2801,Pune,Maharashtra,2023-12-01,Regular,Referral,12
2802,Kolkata,West Bengal,2023-06-15,Regular,Organic Search,13
2803,Bengaluru,Karnataka,2023-11-19,Inactive,Referral,3
2804,Hyderabad,Telangana,2024-05-16,Regular,Referral,14
2805,Nagpur,Maharashtra,2024-07-04,Regular,Organic Search,18
2806,Coimbatore,Tamil Nadu,2023-11-12,Regular,Social Media,11
2807,Nagpur,Maharashtra,2023-07-16,Inactive,Email,5
2808,Mumbai,Maharashtra,2023-01-30,Regular,Referral,8
2809,Coimbatore,Tamil Nadu,2023-09-06,Inactive,Social Media,3
2810,Pune,Maharashtra,2024-02-19,Regular,Referral,8
2811,Delhi,Delhi,2023-07-08,Regular,Referral,14
2812,Chennai,Tamil Nadu,2023-10-24,Regular,Organic Search,7
2813,Ahmedabad,Gujarat,2024-02-11,Regular,App Install,14
2814,Surat,Gujarat,2024-09-10,Regular,Email,15
2815,Nagpur,Maharashtra,2023-08-23,Regular,Organic Search,4
2816,Kolkata,West Bengal,2024-03-11,New,Paid Ads,1
2817,Agra,Uttar Pradesh,2023-05-02,Regular,Paid Ads,8
2818,Mumbai,Maharashtra,2023-10-29,Inactive,Paid Ads,4
2819,Jaipur,Rajasthan,2024-03-14,New,Referral,3
2820,Lucknow,Uttar Pradesh,2024-04-30,Regular,Social Media,16
2821,Patna,Bihar,2023-05-18,Inactive,Social Media,5
2822,Chennai,Tamil Nadu,2023-03-10,Regular,Referral,4
2823,Lucknow,Uttar Pradesh,2023-04-17,Premium,Organic Search,26
2824,Coimbatore,Tamil Nadu,2023-10-15,Premium,App Install,21
2825,Bengaluru,Karnataka,2023-04-05,Regular,Social Media,20
2826,Mumbai,Maharashtra,2023-09-15,New,Email,3
2827,Coimbatore,Tamil Nadu,2024-02-02,Regular,Organic Search,4
2828,Agra,Uttar Pradesh,2024-07-03,New,Organic Search,1
2829,Bengaluru,Karnataka,2024-04-30,New,Email,3
2830,Coimbatore,Tamil Nadu,2024-02-10,New,Referral,3
2831,Ahmedabad,Gujarat,2024-05-21,New,Email,1
2832,Bhopal,Madhya Pradesh,2023-07-20,Inactive,Organic Search,2
2833,Bhopal,Madhya Pradesh,2024-08-14,Regular,Email,15
2834,Indore,Madhya Pradesh,2024-03-30,Inactive,Organic Search,3
2835,Kolkata,West Bengal,2024-04-01,Premium,Paid Ads,60
2836,Coimbatore,Tamil Nadu,2024-02-23,Regular,Social Media,9
2837,Mumbai,Maharashtra,2024-03-11,New,Organic Search,1
2838,Delhi,Delhi,2023-04-24,Regular,Paid Ads,5
2839,Vadodara,Gujarat,2023-07-28,Premium,Email,31
2840,Jaipur,Rajasthan,2023-08-23,Regular,App Install,19
2841,Bengaluru,Karnataka,2023-12-17,Inactive,Paid Ads,4
2842,Vadodara,Gujarat,2023-12-21,Regular,App Install,16
2843,Coimbatore,Tamil Nadu,2024-06-29,New,Organic Search,2
2844,Pune,Maharashtra,2024-07-21,New,Social Media,3
2845,Mumbai,Maharashtra,2023-06-22,Premium,Social Media,31
2846,Lucknow,Uttar Pradesh,2024-06-10,Regular,Paid Ads,13
2847,Hyderabad,Telangana,2023-05-11,New,Organic Search,3
2848,Indore,Madhya Pradesh,2024-07-24,Regular,App Install,11
2849,Coimbatore,Tamil Nadu,2024-05-30,Inactive,Social Media,3
2850,Ahmedabad,Gujarat,2024-01-06,Regular,Social Media,5
2851,Mumbai,Maharashtra,2023-02-02,New,App Install,2
2852,Nagpur,Maharashtra,2023-09-18,Regular,Social Media,15
2853,Hyderabad,Telangana,2023-10-20,Premium,App Install,44
2854,Chennai,Tamil Nadu,2023-12-13,Regular,App Install,8
2855,Hyderabad,Telangana,2023-07-21,Regular,Organic Search,7
2856,Kolkata,West Bengal,2023-05-24,Regular,Paid Ads,8
2857,Kochi,Kerala,2024-04-03,Regular,Social Media,19
2858,Mumbai,Maharashtra,2024-09-27,New,App Install,1
2859,Bhopal,Madhya Pradesh,2024-04-06,Inactive,Referral,4
2860,Chennai,Tamil Nadu,2023-07-31,New,Paid Ads,3
2861,Kolkata,West Bengal,2023-10-28,New,App Install,3
2862,Jaipur,Rajasthan,2023-06-20,Regular,Referral,9
2863,Indore,Madhya Pradesh,2023-02-01,New,Paid Ads,3
2864,Delhi,Delhi,2024-07-05,New,Referral,3
2865,Kolkata,West Bengal,2023-06-23,New,Organic Search,2
2866,Bengaluru,Karnataka,2023-12-29,Regular,App Install,4
2867,Hyderabad,Telangana,2024-07-09,Premium,Organic Search,19
2868,Kochi,Kerala,2024-09-13,Inactive,Referral,2
2869,Surat,Gujarat,2023-02-12,New,Social Media,2
2870,Bhopal,Madhya Pradesh,2023-07-19,New,Organic Search,2
2871,Coimbatore,Tamil Nadu,2024-09-15,Premium,Paid Ads,35
2872,Chandigarh,Punjab,2024-07-12,Regular,Email,8
2873,Agra,Uttar Pradesh,2023-10-01,Premium,Email,29
2874,Chandigarh,Punjab,2023-12-05,New,Paid Ads,2
2875,Ahmedabad,Gujarat,2023-01-13,New,Organic Search,3
2876,Surat,Gujarat,2023-04-17,New,Email,1
2877,Lucknow,Uttar Pradesh,2024-02-10,New,Referral,2
2878,Vadodara,Gujarat,2024-06-01,Regular,Social Media,20
2879,Surat,Gujarat,2023-03-10,Regular,Referral,15
2880,Ahmedabad,Gujarat,2023-06-26,New,Social Media,2
2881,Hyderabad,Telangana,2023-09-18,Premium,App Install,38
2882,Pune,Maharashtra,2023-09-25,New,Social Media,2
2883,Chennai,Tamil Nadu,2023-02-24,Inactive,Email,2
2884,Kochi,Kerala,2024-07-01,Regular,Social Media,6
2885,Chandigarh,Punjab,2024-05-01,New,Email,3
2886,Delhi,Delhi,2023-08-11,Regular,Referral,7
2887,Agra,Uttar Pradesh,2023-01-16,Regular,App Install,14
2888,Surat,Gujarat,2023-09-04,Premium,App Install,53
2889,Chandigarh,Punjab,2023-05-07,Premium,Paid Ads,49
2890,Agra,Uttar Pradesh,2024-04-12,Premium,Email,47
2891,Agra,Uttar Pradesh,2023-09-19,Premium,Email,39
2892,Bengaluru,Karnataka,2024-09-29,New,Email,3
2893,Nagpur,Maharashtra,2024-03-11,Regular,Email,20
2894,Kolkata,West Bengal,2024-06-10,Inactive,Paid Ads,5
2895,Coimbatore,Tamil Nadu,2023-03-04,Premium,Social Media,35
2896,Vadodara,Gujarat,2024-05-07,Inactive,Email,2
2897,Delhi,Delhi,2024-05-05,Regular,Organic Search,12
2898,Agra,Uttar Pradesh,2024-04-05,New,App Install,1
2899,Chennai,Tamil Nadu,2023-09-17,Premium,Referral,29
2900,Coimbatore,Tamil Nadu,2023-02-07,New,Organic Search,3
2901,Chandigarh,Punjab,2024-09-04,Regular,Email,16
2902,Ahmedabad,Gujarat,2023-09-16,Regular,Paid Ads,12
2903,Coimbatore,Tamil Nadu,2023-05-16,Regular,Paid Ads,11
2904,Coimbatore,Tamil Nadu,2024-08-29,Regular,Referral,9
2905,Hyderabad,Telangana,2024-06-17,New,Paid Ads,1
2906,Indore,Madhya Pradesh,2024-08-04,New,Organic Search,1
2907,Coimbatore,Tamil Nadu,2023-04-26,Regular,App Install,19
2908,Nagpur,Maharashtra,2023-01-31,New,Referral,1
2909,Vadodara,Gujarat,2024-08-03,New,Paid Ads,1
2910,Mumbai,Maharashtra,2024-06-13,New,Email,1
2911,Patna,Bihar,2024-08-14,Regular,Email,10
2912,Vadodara,Gujarat,2023-06-21,Premium,Paid Ads,22
2913,Indore,Madhya Pradesh,2023-02-15,Regular,Organic Search,4
2914,Indore,Madhya Pradesh,2023-07-09,Inactive,Paid Ads,2
2915,Hyderabad,Telangana,2023-01-03,Inactive,Organic Search,1
2916,Agra,Uttar Pradesh,2024-06-18,Inactive,Referral,4
2917,Kochi,Kerala,2024-03-20,Regular,Referral,7
2918,Lucknow,Uttar Pradesh,2023-02-16,Regular,Organic Search,20
2919,Pune,Maharashtra,2024-09-03,Regular,App Install,19
2920,Lucknow,Uttar Pradesh,2024-01-31,Regular,Organic Search,4
2921,Delhi,Delhi,2024-07-14,Regular,Organic Search,13
2922,Chennai,Tamil Nadu,2023-07-13,New,Social Media,2
2923,Chennai,Tamil Nadu,2023-04-06,Inactive,Social Media,1
2924,Surat,Gujarat,2023-08-29,Regular,Email,13
2925,Mumbai,Maharashtra,2023-11-23,Regular,App Install,11
2926,Vadodara,Gujarat,2023-03-29,New,Email,3
2927,Chennai,Tamil Nadu,2023-02-18,Regular,Referral,12
2928,Bengaluru,Karnataka,2024-03-07,New,Email,3
2929,Patna,Bihar,2023-05-22,Inactive,Paid Ads,3
2930,Vadodara,Gujarat,2023-11-13,Premium,Referral,52
2931,Coimbatore,Tamil Nadu,2023-11-20,Regular,App Install,7
2932,Pune,Maharashtra,2023-02-05,Regular,Organic Search,10
2933,Mumbai,Maharashtra,2023-01-18,Regular,Referral,16
2934,Indore,Madhya Pradesh,2023-07-06,Regular,Organic Search,15
2935,Vadodara,Gujarat,2023-10-13,Regular,Social Media,16
2936,Chandigarh,Punjab,2024-03-24,Inactive,Organic Search,3
2937,Coimbatore,Tamil Nadu,2023-01-21,Premium,App Install,17
2938,Kochi,Kerala,2024-03-22,New,Referral,3
2939,Agra,Uttar Pradesh,2024-02-04,New,Referral,2
2940,Ahmedabad,Gujarat,2023-04-05,Premium,Organic Search,15
2941,Vadodara,Gujarat,2024-02-07,Regular,Social Media,13
2942,Ahmedabad,Gujarat,2023-03-30,Regular,App Install,6
2943,Bengaluru,Karnataka,2023-08-19,Regular,Social Media,4
2944,Pune,Maharashtra,2024-04-02,Regular,Email,14
2945,Bengaluru,Karnataka,2023-04-13,New,Referral,3
2946,Hyderabad,Telangana,2024-08-28,Regular,Social Media,19
2947,Vadodara,Gujarat,2023-02-12,Regular,Email,4
2948,Chandigarh,Punjab,2024-01-12,New,Email,1
2949,Agra,Uttar Pradesh,2024-03-16,Regular,Referral,10
2950,Bhopal,Madhya Pradesh,2023-10-29,Inactive,Email,2
2951,Hyderabad,Telangana,2024-01-22,Premium,Email,51
2952,Agra,Uttar Pradesh,2024-08-01,New,Email,2
2953,Nagpur,Maharashtra,2023-06-13,Premium,Referral,53
2954,Vadodara,Gujarat,2024-04-15,Regular,Organic Search,20
2955,Chandigarh,Punjab,2023-08-28,Inactive,Email,4
2956,Chennai,Tamil Nadu,2024-07-25,Regular,Email,20
2957,Indore,Madhya Pradesh,2024-08-02,Regular,Organic Search,19
2958,Hyderabad,Telangana,2024-06-25,Inactive,App Install,4
2959,Pune,Maharashtra,2024-09-21,Regular,Organic Search,15
2960,Nagpur,Maharashtra,2023-02-01,New,Social Media,3
2961,Bengaluru,Karnataka,2024-03-15,Regular,Paid Ads,15
2962,Patna,Bihar,2024-04-09,Premium,Organic Search,51
2963,Vadodara,Gujarat,2024-04-10,New,Referral,1
2964,Vadodara,Gujarat,2024-08-31,Regular,Paid Ads,8
2965,Ahmedabad,Gujarat,2023-01-23,Inactive,Organic Search,2
2966,Agra,Uttar Pradesh,2024-03-17,Regular,App Install,15
2967,Agra,Uttar Pradesh,2024-04-10,Regular,App Install,20
2968,Mumbai,Maharashtra,2024-08-14,Regular,Email,9
2969,Bhopal,Madhya Pradesh,2024-01-25,Regular,Organic Search,13
2970,Vadodara,Gujarat,2023-03-22,Inactive,Email,1
2971,Agra,Uttar Pradesh,2024-08-08,Premium,Social Media,23
2972,Chennai,Tamil Nadu,2023-03-16,New,Referral,2
2973,Indore,Madhya Pradesh,2023-12-10,Regular,Email,14
2974,Vadodara,Gujarat,2023-05-01,Premium,Referral,46
2975,Bengaluru,Karnataka,2024-04-12,Regular,Social Media,6
2976,Patna,Bihar,2023-05-22,New,Referral,2
2977,Chennai,Tamil Nadu,2024-01-30,Premium,Email,26
2978,Agra,Uttar Pradesh,2023-03-18,Inactive,Organic Search,5
2979,Hyderabad,Telangana,2024-07-18,Regular,Paid Ads,12
2980,Kochi,Kerala,2023-04-05,Regular,Email,16
2981,Delhi,Delhi,2023-05-22,Inactive,Referral,3
2982,Patna,Bihar,2023-07-01,Premium,Paid Ads,24
2983,Bhopal,Madhya Pradesh,2024-09-09,New,Referral,2
2984,Kochi,Kerala,2024-06-08,New,Email,1
2985,Jaipur,Rajasthan,2024-04-05,Regular,Organic Search,12
2986,Kolkata,West Bengal,2024-01-11,Regular,Social Media,8
2987,Chennai,Tamil Nadu,2023-04-18,Regular,Email,15
2988,Delhi,Delhi,2023-10-28,Premium,Social Media,46
2989,Kolkata,West Bengal,2023-02-16,New,Social Media,2
2990,Bengaluru,Karnataka,2024-06-01,Regular,Paid Ads,4
2991,Mumbai,Maharashtra,2024-08-14,Premium,Paid Ads,23
2992,Ahmedabad,Gujarat,2024-01-11,New,Referral,1
2993,Patna,Bihar,2024-08-11,New,Organic Search,3
2994,Agra,Uttar Pradesh,2023-02-20,Inactive,Organic Search,4
2995,Kochi,Kerala,2023-08-13,Regular,App Install,14
2996,Lucknow,Uttar Pradesh,2024-02-24,Premium,Social Media,18
2997,Ahmedabad,Gujarat,2024-04-15,New,Paid Ads,1
2998,Surat,Gujarat,2023-05-20,New,Social Media,2
2999,Bengaluru,Karnataka,2023-07-01,New,Email,1
3000,Lucknow,Uttar Pradesh,2024-07-27,Premium,Email,35
3001,Kochi,Kerala,2023-10-14,New,Organic Search,1
3002,Nagpur,Maharashtra,2023-04-02,Inactive,Referral,5
3003,Nagpur,Maharashtra,2024-06-13,Regular,Paid Ads,9
3004,Hyderabad,Telangana,2023-09-26,Regular,App Install,18
3005,Delhi,Delhi,2023-09-04,Regular,Organic Search,8
3006,Coimbatore,Tamil Nadu,2024-03-05,Inactive,Organic Search,4
3007,Kolkata,West Bengal,2024-07-09,New,Social Media,1
3008,Pune,Maharashtra,2024-05-08,New,Organic Search,1
3009,Agra,Uttar Pradesh,2023-12-26,Regular,Email,5
3010,Delhi,Delhi,2023-04-04,New,Organic Search,3
3011,Hyderabad,Telangana,2024-01-16,Regular,Organic Search,9
3012,Ahmedabad,Gujarat,2024-04-19,Regular,Organic Search,6
3013,Patna,Bihar,2023-11-19,Regular,Paid Ads,17
3014,Surat,Gujarat,2023-03-24,Regular,App Install,5
3015,Kochi,Kerala,2024-01-07,New,Paid Ads,2
3016,Delhi,Delhi,2023-02-24,New,Email,1
3017,Indore,Madhya Pradesh,2023-07-24,Premium,Organic Search,17
3018,Bhopal,Madhya Pradesh,2024-04-18,New,Organic Search,2
3019,Lucknow,Uttar Pradesh,2024-08-30,Regular,Social Media,4
3020,Mumbai,Maharashtra,2023-01-05,Inactive,Referral,3
3021,Vadodara,Gujarat,2023-03-30,New,Email,3
3022,Hyderabad,Telangana,2023-11-16,Regular,Email,14
3023,Kochi,Kerala,2023-10-28,New,Paid Ads,3
3024,Hyderabad,Telangana,2023-05-25,Regular,Email,20
3025,Bengaluru,Karnataka,2024-04-24,Inactive,Referral,5
3026,Chennai,Tamil Nadu,2024-07-22,Premium,Email,28
3027,Hyderabad,Telangana,2024-02-27,Inactive,Social Media,2
3028,Nagpur,Maharashtra,2024-09-01,Regular,Social Media,12
3029,Patna,Bihar,2024-04-28,Regular,Organic Search,17
3030,Patna,Bihar,2023-04-01,Regular,Email,20
3031,Kolkata,West Bengal,2023-05-25,Regular,Referral,10
3032,Kolkata,West Bengal,2023-11-15,Inactive,Email,1
3033,Chennai,Tamil Nadu,2023-08-07,Inactive,App Install,1
3034,Mumbai,Maharashtra,2023-02-06,Premium,Social Media,36
3035,Indore,Madhya Pradesh,2023-02-16,Inactive,Paid Ads,3
3036,Coimbatore,Tamil Nadu,2024-07-28,Regular,App Install,16
3037,Hyderabad,Telangana,2023-08-16,Regular,App Install,9
3038,Ahmedabad,Gujarat,2023-03-12,New,Referral,2
3039,Jaipur,Rajasthan,2023-08-07,Regular,App Install,15
3040,Kolkata,West Bengal,2024-03-24,Regular,Social Media,20
3041,Nagpur,Maharashtra,2023-09-05,New,Social Media,1
3042,Bhopal,Madhya Pradesh,2024-03-06,Regular,Email,5
3043,Hyderabad,Telangana,2024-02-20,Regular,Social Media,17
3044,Mumbai,Maharashtra,2023-02-09,Premium,App Install,42
3045,Hyderabad,Telangana,2024-04-03,Inactive,Paid Ads,5
3046,Kolkata,West Bengal,2024-07-15,New,Paid Ads,3
3047,Delhi,Delhi,2023-09-15,Regular,Social Media,20
3048,Coimbatore,Tamil Nadu,2023-07-19,Inactive,Email,3
3049,Pune,Maharashtra,2023-07-01,New,Social Media,1
3050,Ahmedabad,Gujarat,2024-01-27,Regular,App Install,13
3051,Lucknow,Uttar Pradesh,2024-02-20,Premium,Paid Ads,49
3052,Nagpur,Maharashtra,2023-02-18,Regular,Social Media,14
3053,Delhi,Delhi,2023-02-24,Regular,Referral,18
3054,Surat,Gujarat,2023-10-11,Regular,App Install,5
3055,Hyderabad,Telangana,2024-02-07,Regular,Social Media,18
3056,Kochi,Kerala,2024-09-26,Regular,Social Media,15
3057,Ahmedabad,Gujarat,2023-03-23,New,Social Media,2
3058,Jaipur,Rajasthan,2023-06-13,Inactive,Paid Ads,5
3059,Kolkata,West Bengal,2023-07-07,Inactive,App Install,1
3060,Lucknow,Uttar Pradesh,2024-08-31,Premium,Organic Search,49
3061,Chennai,Tamil Nadu,2023-12-08,New,Social Media,1
3062,Kolkata,West Bengal,2023-02-13,Regular,Referral,13
3063,Delhi,Delhi,2023-01-29,New,App Install,3
3064,Chandigarh,Punjab,2023-04-15,Premium,Paid Ads,21
3065,Nagpur,Maharashtra,2023-03-27,Regular,Organic Search,18
3066,Delhi,Delhi,2024-06-03,Regular,Referral,7
3067,Pune,Maharashtra,2024-09-07,Regular,App Install,4
3068,Surat,Gujarat,2023-05-26,Regular,Social Media,13
3069,Agra,Uttar Pradesh,2024-03-31,Regular,App Install,16
3070,Indore,Madhya Pradesh,2023-02-25,New,App Install,3
3071,Indore,Madhya Pradesh,2023-07-01,Regular,Paid Ads,4
3072,Coimbatore,Tamil Nadu,2024-02-20,Inactive,App Install,5
3073,Coimbatore,Tamil Nadu,2024-01-15,Inactive,Paid Ads,3
3074,Jaipur,Rajasthan,2023-10-02,Inactive,App Install,1
3075,Surat,Gujarat,2023-07-01,Inactive,Organic Search,1
3076,Kochi,Kerala,2023-05-19,Inactive,Paid Ads,4
3077,Lucknow,Uttar Pradesh,2023-11-18,Premium,Email,37
3078,Kochi,Kerala,2023-03-02,New,Organic Search,1
3079,Lucknow,Uttar Pradesh,2024-03-03,New,App Install,1
3080,Delhi,Delhi,2023-03-22,New,Social Media,1
3081,Vadodara,Gujarat,2023-12-12,Regular,Paid Ads,9
3082,Patna,Bihar,2023-12-22,Regular,App Install,12
3083,Surat,Gujarat,2024-03-26,Inactive,App Install,5
3084,Vadodara,Gujarat,2023-12-14,Regular,Organic Search,18
3085,Coimbatore,Tamil Nadu,2023-10-17,New,Organic Search,2
3086,Nagpur,Maharashtra,2023-04-13,Premium,Referral,60
3087,Bhopal,Madhya Pradesh,2023-07-15,Regular,Paid Ads,18
3088,Bengaluru,Karnataka,2024-09-01,Regular,Email,5
3089,Chandigarh,Punjab,2023-12-29,Regular,App Install,15
3090,Hyderabad,Telangana,2023-01-29,Inactive,Paid Ads,1
3091,Agra,Uttar Pradesh,2023-02-19,New,Organic Search,2
3092,Agra,Uttar Pradesh,2023-10-22,Regular,App Install,10
3093,Coimbatore,Tamil Nadu,2023-11-08,New,App Install,1
3094,Bengaluru,Karnataka,2023-07-28,Regular,App Install,7
3095,Jaipur,Rajasthan,2023-01-04,New,Social Media,2
3096,Agra,Uttar Pradesh,2023-05-10,New,Organic Search,1
3097,Jaipur,Rajasthan,2024-03-14,Premium,Organic Search,47
3098,Agra,Uttar Pradesh,2024-09-18,Regular,App Install,13
3099,Bhopal,Madhya Pradesh,2023-03-07,New,Organic Search,3
3100,Coimbatore,Tamil Nadu,2023-11-04,Regular,App Install,7
3101,Kolkata,West Bengal,2023-08-15,Premium,App Install,36
3102,Vadodara,Gujarat,2024-09-22,New,Email,1
3103,Vadodara,Gujarat,2024-07-12,Inactive,Social Media,3
3104,Delhi,Delhi,2023-09-07,Inactive,Social Media,5
3105,Ahmedabad,Gujarat,2023-12-15,Premium,Paid Ads,17
3106,Ahmedabad,Gujarat,2024-01-06,New,Referral,1
3107,Pune,Maharashtra,2023-02-04,New,Organic Search,2
3108,Kolkata,West Bengal,2024-05-13,Regular,Email,4
3109,Lucknow,Uttar Pradesh,2023-01-20,Inactive,Referral,5
3110,Kochi,Kerala,2024-03-14,New,Email,1
3111,Chandigarh,Punjab,2023-03-17,New,Email,2
3112,Bhopal,Madhya Pradesh,2024-03-25,Regular,Referral,12
3113,Surat,Gujarat,2023-02-15,Premium,App Install,30
3114,Jaipur,Rajasthan,2024-05-05,New,Email,2
3115,Jaipur,Rajasthan,2023-05-09,Regular,App Install,10
3116,Bengaluru,Karnataka,2023-07-18,Inactive,Email,3
3117,Indore,Madhya Pradesh,2023-11-11,Inactive,Email,3
3118,Chandigarh,Punjab,2023-08-19,Premium,Organic Search,15
3119,Vadodara,Gujarat,2024-02-07,Regular,Referral,18
3120,Vadodara,Gujarat,2024-01-22,Regular,Paid Ads,14
3121,Indore,Madhya Pradesh,2023-12-02,Regular,Organic Search,10
3122,Bengaluru,Karnataka,2023-06-14,Premium,App Install,37
3123,Kolkata,West Bengal,2023-01-12,Premium,Organic Search,46
3124,Surat,Gujarat,2023-08-06,Regular,Referral,14
3125,Pune,Maharashtra,2023-09-19,Regular,Paid Ads,16
3126,Jaipur,Rajasthan,2023-07-08,Regular,Social Media,7
3127,Ahmedabad,Gujarat,2024-04-15,Inactive,Email,3
3128,Lucknow,Uttar Pradesh,2023-07-08,Premium,Email,18
3129,Bhopal,Madhya Pradesh,2023-07-11,New,App Install,3
3130,Mumbai,Maharashtra,2023-06-03,New,Paid Ads,1
3131,Kolkata,West Bengal,2023-11-12,New,Social Media,1
3132,Bengaluru,Karnataka,2023-03-13,New,Organic Search,3
3133,Bhopal,Madhya Pradesh,2023-02-02,Premium,Email,17
3134,Nagpur,Maharashtra,2024-03-07,Inactive,App Install,1
3135,Mumbai,Maharashtra,2023-12-31,Premium,Paid Ads,15
3136,Kochi,Kerala,2024-07-07,New,Email,2
3137,Pune,Maharashtra,2024-06-06,Regular,Social Media,11
3138,Chennai,Tamil Nadu,2023-01-15,Inactive,Paid Ads,1
3139,Patna,Bihar,2023-04-01,Inactive,Referral,4
3140,Vadodara,Gujarat,2024-03-30,Regular,Paid Ads,8
3141,Kochi,Kerala,2024-09-23,New,Organic Search,2
3142,Mumbai,Maharashtra,2023-12-09,New,Referral,2
3143,Coimbatore,Tamil Nadu,2024-07-30,Regular,Email,18
3144,Pune,Maharashtra,2023-11-28,Premium,Email,26
3145,Kolkata,West Bengal,2023-03-31,Inactive,Paid Ads,5
3146,Lucknow,Uttar Pradesh,2024-08-30,Regular,Referral,13
3147,Nagpur,Maharashtra,2023-06-21,Regular,Referral,5
3148,Delhi,Delhi,2023-08-25,Regular,Paid Ads,17
3149,Kochi,Kerala,2023-07-03,Premium,Organic Search,59
3150,Bengaluru,Karnataka,2023-05-25,Regular,Referral,15
3151,Agra,Uttar Pradesh,2023-12-29,Regular,Email,9
3152,Jaipur,Rajasthan,2023-03-21,New,Social Media,2
3153,Coimbatore,Tamil Nadu,2024-04-19,Regular,Organic Search,8
3154,Kolkata,West Bengal,2023-01-02,Regular,Referral,7
3155,Jaipur,Rajasthan,2023-04-04,Regular,Social Media,9
3156,Bhopal,Madhya Pradesh,2023-08-20,New,App Install,3
3157,Hyderabad,Telangana,2023-01-07,Inactive,Paid Ads,2
3158,Chennai,Tamil Nadu,2024-03-17,Premium,App Install,25
3159,Coimbatore,Tamil Nadu,2023-04-12,Regular,App Install,9
3160,Patna,Bihar,2023-03-11,Regular,Social Media,20
3161,Chandigarh,Punjab,2023-05-08,Regular,Email,19
3162,Kochi,Kerala,2023-01-05,New,App Install,2
3163,Coimbatore,Tamil Nadu,2024-08-02,Regular,Organic Search,17
3164,Surat,Gujarat,2023-04-19,Premium,Organic Search,47
3165,Hyderabad,Telangana,2024-03-23,Premium,Paid Ads,49
3166,Pune,Maharashtra,2024-01-16,Regular,Social Media,6
3167,Surat,Gujarat,2024-08-25,Regular,Social Media,18
3168,Bengaluru,Karnataka,2024-04-26,Inactive,Paid Ads,1
3169,Kochi,Kerala,2024-01-26,New,Email,3
3170,Kochi,Kerala,2023-02-15,Inactive,App Install,1
3171,Mumbai,Maharashtra,2023-12-14,Premium,Paid Ads,45
3172,Hyderabad,Telangana,2024-07-01,Regular,App Install,10
3173,Coimbatore,Tamil Nadu,2023-03-10,Premium,Email,39
3174,Coimbatore,Tamil Nadu,2024-09-15,Regular,Paid Ads,20
3175,Chennai,Tamil Nadu,2024-08-18,Premium,Referral,26
3176,Lucknow,Uttar Pradesh,2024-06-05,Regular,Social Media,14
3177,Vadodara,Gujarat,2023-11-15,Inactive,Organic Search,1
3178,Patna,Bihar,2024-06-10,Regular,Paid Ads,9
3179,Kolkata,West Bengal,2024-05-03,Premium,Paid Ads,15
3180,Coimbatore,Tamil Nadu,2023-02-25,New,Paid Ads,3
3181,Surat,Gujarat,2023-08-07,Premium,Email,33
3182,Bhopal,Madhya Pradesh,2024-07-03,Premium,Paid Ads,55
3183,Bengaluru,Karnataka,2023-08-23,Premium,Paid Ads,57
3184,Mumbai,Maharashtra,2023-06-09,New,Organic Search,2
3185,Ahmedabad,Gujarat,2023-04-01,Inactive,Social Media,3
3186,Indore,Madhya Pradesh,2024-05-13,New,Social Media,3
3187,Hyderabad,Telangana,2023-08-05,Regular,App Install,8
3188,Kochi,Kerala,2024-06-21,Regular,App Install,7
3189,Indore,Madhya Pradesh,2023-03-09,Inactive,Referral,3
3190,Pune,Maharashtra,2024-08-14,Regular,Email,10
3191,Hyderabad,Telangana,2023-01-11,Premium,App Install,23
3192,Kochi,Kerala,2023-01-14,Inactive,Paid Ads,1
3193,Patna,Bihar,2023-08-01,Regular,Organic Search,12
3194,Nagpur,Maharashtra,2023-06-02,Regular,Paid Ads,8
3195,Kolkata,West Bengal,2023-05-14,Regular,App Install,18
3196,Ahmedabad,Gujarat,2024-05-24,Inactive,Social Media,2
3197,Hyderabad,Telangana,2023-04-16,Premium,Paid Ads,38
3198,Indore,Madhya Pradesh,2023-07-18,Regular,Organic Search,8
3199,Agra,Uttar Pradesh,2024-05-30,Regular,Organic Search,17
3200,Kochi,Kerala,2023-12-10,New,Organic Search,2
3201,Bhopal,Madhya Pradesh,2023-09-17,Regular,Referral,10
3202,Nagpur,Maharashtra,2023-01-03,New,App Install,1
3203,Kolkata,West Bengal,2023-12-19,Inactive,App Install,5
3204,Jaipur,Rajasthan,2023-08-25,Regular,Referral,18
3205,Mumbai,Maharashtra,2024-04-15,New,Social Media,2
3206,Chandigarh,Punjab,2024-08-21,Premium,Organic Search,54
3207,Chandigarh,Punjab,2024-07-04,Regular,Paid Ads,8
3208,Mumbai,Maharashtra,2023-03-14,Premium,App Install,16
3209,Vadodara,Gujarat,2023-06-15,Premium,Email,20
3210,Bhopal,Madhya Pradesh,2024-03-01,Premium,App Install,58
3211,Bhopal,Madhya Pradesh,2023-03-17,Regular,Referral,13
3212,Mumbai,Maharashtra,2024-01-23,New,Email,1
3213,Kolkata,West Bengal,2023-06-12,New,Email,3
3214,Coimbatore,Tamil Nadu,2024-06-27,Regular,Paid Ads,7
3215,Pune,Maharashtra,2023-01-30,New,Social Media,1
3216,Agra,Uttar Pradesh,2024-07-08,New,Social Media,1
3217,Bhopal,Madhya Pradesh,2024-09-26,New,Referral,2
3218,Jaipur,Rajasthan,2023-06-16,Premium,Paid Ads,51
3219,Ahmedabad,Gujarat,2023-03-25,Premium,Paid Ads,22
3220,Pune,Maharashtra,2024-03-05,New,Referral,1
3221,Kolkata,West Bengal,2024-05-28,Premium,Organic Search,38
3222,Lucknow,Uttar Pradesh,2024-02-20,Regular,Email,15
3223,Nagpur,Maharashtra,2024-03-03,Regular,Referral,18
3224,Coimbatore,Tamil Nadu,2023-02-11,Inactive,Referral,2
3225,Ahmedabad,Gujarat,2024-02-08,New,Paid Ads,1
3226,Bengaluru,Karnataka,2024-08-07,Inactive,Email,4
3227,Surat,Gujarat,2024-01-06,Regular,Social Media,5
3228,Nagpur,Maharashtra,2023-11-07,Premium,Email,33
3229,Coimbatore,Tamil Nadu,2023-09-18,Inactive,Social Media,1
3230,Ahmedabad,Gujarat,2024-03-27,New,Referral,2
3231,Bhopal,Madhya Pradesh,2023-07-21,Inactive,App Install,3
3232,Bhopal,Madhya Pradesh,2024-09-11,New,Paid Ads,3
3233,Kolkata,West Bengal,2023-08-19,New,Email,2
3234,Bengaluru,Karnataka,2023-12-19,Inactive,Organic Search,3
3235,Delhi,Delhi,2024-09-11,Regular,Referral,9
3236,Agra,Uttar Pradesh,2024-04-09,Regular,Paid Ads,8
3237,Bhopal,Madhya Pradesh,2023-06-22,Inactive,Referral,2
3238,Kochi,Kerala,2024-03-20,Regular,Organic Search,6
3239,Kolkata,West Bengal,2023-10-30,Regular,Paid Ads,12
3240,Patna,Bihar,2023-08-10,New,Referral,3
3241,Kochi,Kerala,2023-05-21,New,App Install,2
3242,Kolkata,West Bengal,2024-07-22,Regular,App Install,14
3243,Bengaluru,Karnataka,2023-09-30,Regular,App Install,8
3244,Chandigarh,Punjab,2023-04-14,Inactive,App Install,5
3245,Kochi,Kerala,2024-06-09,Regular,App Install,5
3246,Coimbatore,Tamil Nadu,2024-06-30,Regular,App Install,19
3247,Coimbatore,Tamil Nadu,2024-08-31,Regular,App Install,7
3248,Bhopal,Madhya Pradesh,2024-09-29,Premium,Referral,24
3249,Nagpur,Maharashtra,2023-09-03,Regular,App Install,13
3250,Nagpur,Maharashtra,2023-03-28,Premium,App Install,53
3251,Patna,Bihar,2024-08-07,Inactive,App Install,4
3252,Nagpur,Maharashtra,2023-09-27,Regular,Paid Ads,10
3253,Agra,Uttar Pradesh,2024-07-27,New,Social Media,1
3254,Kolkata,West Bengal,2023-05-18,Regular,App Install,13
3255,Jaipur,Rajasthan,2024-04-16,Regular,Paid Ads,15
3256,Ahmedabad,Gujarat,2023-02-28,New,Social Media,3
3257,Mumbai,Maharashtra,2023-08-30,New,Paid Ads,1
3258,Patna,Bihar,2023-09-24,Regular,Paid Ads,5
3259,Indore,Madhya Pradesh,2023-09-04,Regular,Organic Search,6
3260,Hyderabad,Telangana,2024-01-10,Regular,App Install,20
3261,Patna,Bihar,2024-05-26,New,Referral,1
3262,Chennai,Tamil Nadu,2024-01-18,Regular,App Install,12
3263,Surat,Gujarat,2024-01-14,Regular,Referral,16
3264,Chandigarh,Punjab,2024-07-31,New,App Install,2
3265,Vadodara,Gujarat,2024-05-26,Premium,Social Media,44
3266,Nagpur,Maharashtra,2024-02-16,Premium,Email,60
3267,Surat,Gujarat,2023-10-02,New,App Install,3
3268,Coimbatore,Tamil Nadu,2023-12-10,Regular,Paid Ads,15
3269,Coimbatore,Tamil Nadu,2023-09-03,Regular,Referral,15
3270,Kochi,Kerala,2024-07-31,Regular,Referral,12
3271,Hyderabad,Telangana,2024-02-07,Regular,Referral,20
3272,Delhi,Delhi,2024-01-27,New,Organic Search,2
3273,Bengaluru,Karnataka,2023-08-02,New,Social Media,1
3274,Kolkata,West Bengal,2023-03-22,Inactive,Paid Ads,3
3275,Coimbatore,Tamil Nadu,2023-10-20,Premium,Social Media,16
3276,Chandigarh,Punjab,2024-07-02,New,App Install,1
3277,Hyderabad,Telangana,2024-08-09,Premium,Social Media,54
3278,Nagpur,Maharashtra,2023-11-10,New,Email,1
3279,Pune,Maharashtra,2023-12-16,Regular,Paid Ads,16
3280,Delhi,Delhi,2024-09-02,Regular,Paid Ads,14
3281,Ahmedabad,Gujarat,2024-01-16,Premium,Email,39
3282,Patna,Bihar,2024-02-11,Regular,Social Media,18
3283,Pune,Maharashtra,2023-07-06,Regular,Organic Search,11
3284,Chandigarh,Punjab,2023-01-14,Regular,Referral,12
3285,Pune,Maharashtra,2023-05-20,Premium,Paid Ads,38
3286,Kolkata,West Bengal,2024-08-25,Premium,Organic Search,32
3287,Kolkata,West Bengal,2023-07-05,New,Referral,1
3288,Kochi,Kerala,2023-10-20,Premium,Organic Search,57
3289,Lucknow,Uttar Pradesh,2023-09-29,Inactive,App Install,5
3290,Kochi,Kerala,2024-08-20,Inactive,Paid Ads,2
3291,Indore,Madhya Pradesh,2023-06-11,New,Referral,1
3292,Vadodara,Gujarat,2023-11-05,Regular,Social Media,13
3293,Delhi,Delhi,2023-08-07,New,App Install,1
3294,Kochi,Kerala,2024-04-08,Regular,Email,17
3295,Surat,Gujarat,2023-08-14,Premium,App Install,44
3296,Kochi,Kerala,2023-08-20,New,Organic Search,3
3297,Ahmedabad,Gujarat,2023-01-19,New,Organic Search,3
3298,Kolkata,West Bengal,2023-05-05,New,Referral,3
3299,Delhi,Delhi,2023-12-31,New,Paid Ads,1
3300,Kochi,Kerala,2023-05-04,Regular,Organic Search,15
3301,Bengaluru,Karnataka,2024-07-16,Inactive,Referral,1
3302,Chennai,Tamil Nadu,2024-07-24,New,Social Media,2
3303,Jaipur,Rajasthan,2023-06-10,Inactive,Paid Ads,3
3304,Indore,Madhya Pradesh,2023-10-14,Regular,App Install,9
3305,Vadodara,Gujarat,2024-03-19,Regular,Email,18
3306,Lucknow,Uttar Pradesh,2023-09-23,Regular,Social Media,19
3307,Pune,Maharashtra,2023-02-19,Regular,Organic Search,19
3308,Patna,Bihar,2023-07-18,Inactive,App Install,2
3309,Chandigarh,Punjab,2023-01-26,New,App Install,3
3310,Lucknow,Uttar Pradesh,2024-02-25,Regular,Social Media,8
3311,Bhopal,Madhya Pradesh,2023-08-16,Inactive,Referral,4
3312,Hyderabad,Telangana,2024-04-08,Regular,Paid Ads,17
3313,Bhopal,Madhya Pradesh,2024-02-14,Premium,App Install,35
3314,Mumbai,Maharashtra,2024-02-21,Regular,Paid Ads,10
3315,Kolkata,West Bengal,2024-04-24,Regular,Organic Search,7
3316,Chandigarh,Punjab,2023-10-13,Regular,Organic Search,5
3317,Hyderabad,Telangana,2024-01-01,Regular,Paid Ads,18
3318,Chandigarh,Punjab,2024-07-03,Regular,Organic Search,4
3319,Lucknow,Uttar Pradesh,2024-01-12,Inactive,Social Media,5
3320,Chandigarh,Punjab,2023-02-16,Regular,Organic Search,4
3321,Delhi,Delhi,2023-06-05,Regular,Referral,9
3322,Bhopal,Madhya Pradesh,2023-05-12,New,Organic Search,2
3323,Bhopal,Madhya Pradesh,2023-07-10,New,Social Media,2
3324,Jaipur,Rajasthan,2023-07-19,Premium,Organic Search,42
3325,Agra,Uttar Pradesh,2023-01-28,New,Email,2
3326,Ahmedabad,Gujarat,2023-08-21,New,Email,3
3327,Mumbai,Maharashtra,2023-05-07,New,Paid Ads,2
3328,Hyderabad,Telangana,2024-06-25,Premium,App Install,59
3329,Ahmedabad,Gujarat,2023-03-30,Inactive,Referral,2
3330,Mumbai,Maharashtra,2023-02-05,Regular,Paid Ads,7
3331,Pune,Maharashtra,2023-07-22,New,Referral,3
3332,Coimbatore,Tamil Nadu,2023-12-21,Regular,Social Media,8
3333,Hyderabad,Telangana,2024-06-14,New,Referral,1
3334,Nagpur,Maharashtra,2023-01-28,Regular,Email,9
3335,Bhopal,Madhya Pradesh,2024-08-12,New,App Install,3
3336,Chennai,Tamil Nadu,2024-05-11,New,Paid Ads,2
3337,Nagpur,Maharashtra,2023-05-11,Regular,App Install,15
3338,Pune,Maharashtra,2024-09-22,Inactive,Social Media,2
3339,Bengaluru,Karnataka,2023-08-29,Regular,Paid Ads,9
3340,Ahmedabad,Gujarat,2023-06-04,New,App Install,3
3341,Indore,Madhya Pradesh,2024-03-29,New,Paid Ads,3
3342,Hyderabad,Telangana,2024-09-22,Regular,Paid Ads,20
3343,Coimbatore,Tamil Nadu,2024-09-09,Regular,Email,9
3344,Kolkata,West Bengal,2023-01-02,Regular,Social Media,15
3345,Kolkata,West Bengal,2024-04-30,New,App Install,3
3346,Patna,Bihar,2023-08-16,Premium,Social Media,29
3347,Indore,Madhya Pradesh,2023-05-13,Inactive,Paid Ads,4
3348,Pune,Maharashtra,2024-03-13,Regular,Organic Search,20
3349,Kochi,Kerala,2023-12-25,New,Organic Search,2
3350,Agra,Uttar Pradesh,2024-02-11,Regular,Organic Search,5
3351,Pune,Maharashtra,2024-07-18,Regular,Referral,5
3352,Vadodara,Gujarat,2024-06-07,Premium,Paid Ads,39
3353,Ahmedabad,Gujarat,2024-09-13,Regular,Referral,7
3354,Hyderabad,Telangana,2024-06-01,Regular,Paid Ads,10
3355,Vadodara,Gujarat,2024-01-26,New,Organic Search,1
3356,Vadodara,Gujarat,2023-01-15,Inactive,Referral,1
3357,Jaipur,Rajasthan,2023-06-09,Regular,Referral,7
3358,Chennai,Tamil Nadu,2023-12-29,New,App Install,3
3359,Patna,Bihar,2023-08-16,Regular,Email,9
3360,Bengaluru,Karnataka,2023-04-02,New,Referral,3
3361,Patna,Bihar,2024-03-21,New,App Install,2
3362,Indore,Madhya Pradesh,2024-06-30,New,Social Media,2
3363,Hyderabad,Telangana,2024-05-04,Regular,Paid Ads,14
3364,Ahmedabad,Gujarat,2024-03-29,New,Social Media,1
3365,Nagpur,Maharashtra,2023-05-29,Regular,Paid Ads,10
3366,Mumbai,Maharashtra,2023-06-06,Regular,Paid Ads,9
3367,Kochi,Kerala,2024-06-04,Regular,Organic Search,7
3368,Kolkata,West Bengal,2024-09-14,New,Social Media,2
3369,Surat,Gujarat,2023-06-07,Inactive,Social Media,5
3370,Mumbai,Maharashtra,2024-08-02,New,Paid Ads,3
3371,Agra,Uttar Pradesh,2023-07-08,New,Paid Ads,3
3372,Nagpur,Maharashtra,2023-12-29,Regular,Referral,5
3373,Nagpur,Maharashtra,2024-01-22,Inactive,Paid Ads,5
3374,Mumbai,Maharashtra,2023-12-12,Regular,Paid Ads,15
3375,Nagpur,Maharashtra,2023-02-20,New,Referral,1
3376,Jaipur,Rajasthan,2024-05-05,Inactive,Paid Ads,1
3377,Ahmedabad,Gujarat,2023-04-28,New,Email,1
3378,Surat,Gujarat,2023-10-06,Premium,Referral,58
3379,Lucknow,Uttar Pradesh,2024-05-18,Regular,Social Media,7
3380,Hyderabad,Telangana,2023-08-30,Premium,Organic Search,46
3381,Nagpur,Maharashtra,2023-11-19,Regular,Paid Ads,13
3382,Bhopal,Madhya Pradesh,2023-05-05,Regular,App Install,14
3383,Pune,Maharashtra,2023-06-02,Premium,Organic Search,57
3384,Nagpur,Maharashtra,2023-03-15,Inactive,Paid Ads,4
3385,Nagpur,Maharashtra,2023-06-28,Regular,Referral,5
3386,Kolkata,West Bengal,2024-06-04,Regular,Social Media,16
3387,Bhopal,Madhya Pradesh,2023-08-23,Inactive,Email,4
3388,Bengaluru,Karnataka,2024-01-10,New,Referral,1
3389,Coimbatore,Tamil Nadu,2023-11-18,Inactive,App Install,3
3390,Bengaluru,Karnataka,2024-05-02,Regular,Organic Search,15
3391,Patna,Bihar,2023-11-23,Regular,Social Media,6
3392,Bengaluru,Karnataka,2023-06-28,Premium,App Install,57
3393,Bengaluru,Karnataka,2023-03-10,Inactive,Social Media,1
3394,Bengaluru,Karnataka,2024-03-14,Regular,App Install,12
3395,Hyderabad,Telangana,2023-03-15,Regular,Organic Search,14
3396,Hyderabad,Telangana,2023-12-04,Premium,Referral,32
3397,Kolkata,West Bengal,2023-01-18,Regular,Email,6
3398,Surat,Gujarat,2024-08-13,New,App Install,2
3399,Chennai,Tamil Nadu,2024-08-29,New,Paid Ads,3
3400,Patna,Bihar,2023-11-25,Regular,Referral,19
3401,Kolkata,West Bengal,2024-01-02,New,Paid Ads,1
3402,Mumbai,Maharashtra,2024-05-03,New,Organic Search,1
3403,Lucknow,Uttar Pradesh,2023-01-19,Regular,Social Media,9
3404,Chennai,Tamil Nadu,2024-03-21,Premium,Paid Ads,57
3405,Vadodara,Gujarat,2023-01-16,New,Organic Search,3
3406,Pune,Maharashtra,2024-05-23,Premium,Organic Search,23
3407,Mumbai,Maharashtra,2023-04-02,Inactive,Paid Ads,3
3408,Nagpur,Maharashtra,2023-03-17,Premium,Paid Ads,51
3409,Vadodara,Gujarat,2023-09-07,New,App Install,2
3410,Coimbatore,Tamil Nadu,2024-09-27,Regular,Referral,18
3411,Nagpur,Maharashtra,2024-06-28,Premium,Email,56
3412,Bengaluru,Karnataka,2024-04-09,New,Referral,1
3413,Delhi,Delhi,2024-08-02,Inactive,Email,4
3414,Surat,Gujarat,2023-08-09,Premium,Organic Search,25
3415,Patna,Bihar,2024-03-12,Regular,Referral,19
3416,Bengaluru,Karnataka,2023-08-25,New,Organic Search,3
3417,Kolkata,West Bengal,2023-07-09,Regular,Paid Ads,18
3418,Chennai,Tamil Nadu,2024-02-03,Inactive,App Install,1
3419,Agra,Uttar Pradesh,2024-04-16,Inactive,Social Media,5
3420,Kolkata,West Bengal,2024-06-27,Premium,Email,54
3421,Lucknow,Uttar Pradesh,2024-05-01,Regular,App Install,17
3422,Delhi,Delhi,2023-12-27,Inactive,Paid Ads,2
3423,Hyderabad,Telangana,2024-08-08,Inactive,App Install,3
3424,Mumbai,Maharashtra,2023-07-27,Regular,Organic Search,6
3425,Kolkata,West Bengal,2024-01-27,Regular,Social Media,13
3426,Coimbatore,Tamil Nadu,2023-07-12,New,Organic Search,3
3427,Pune,Maharashtra,2024-08-15,New,App Install,2
3428,Patna,Bihar,2023-07-06,Premium,Paid Ads,22
3429,Delhi,Delhi,2023-05-29,Inactive,Organic Search,2
3430,Chandigarh,Punjab,2023-05-04,New,Email,1
3431,Mumbai,Maharashtra,2023-12-27,New,Organic Search,2
3432,Kochi,Kerala,2024-05-12,Premium,Referral,32
3433,Nagpur,Maharashtra,2023-10-17,Regular,Email,18
3434,Hyderabad,Telangana,2023-10-18,Regular,Referral,4
3435,Ahmedabad,Gujarat,2023-02-21,Inactive,Organic Search,2
3436,Jaipur,Rajasthan,2024-03-06,Inactive,Email,4
3437,Bhopal,Madhya Pradesh,2024-02-10,Regular,Social Media,13
3438,Kochi,Kerala,2024-07-11,Regular,App Install,17
3439,Delhi,Delhi,2024-05-23,Premium,Referral,34
3440,Coimbatore,Tamil Nadu,2024-08-09,Regular,Referral,18
3441,Hyderabad,Telangana,2023-11-13,Regular,Organic Search,17
3442,Jaipur,Rajasthan,2023-07-26,Inactive,Referral,3
3443,Agra,Uttar Pradesh,2024-03-12,Inactive,App Install,1
3444,Kolkata,West Bengal,2023-09-21,Regular,Social Media,5
3445,Ahmedabad,Gujarat,2023-01-24,Regular,Referral,11
3446,Kochi,Kerala,2023-12-28,Regular,Social Media,11
3447,Chandigarh,Punjab,2024-04-26,Inactive,Paid Ads,1
3448,Bhopal,Madhya Pradesh,2024-08-25,Premium,App Install,39
3449,Chandigarh,Punjab,2023-10-06,Premium,Email,42
3450,Bengaluru,Karnataka,2024-09-23,Premium,Paid Ads,44
3451,Nagpur,Maharashtra,2024-03-27,Premium,Organic Search,22
3452,Delhi,Delhi,2024-08-02,New,App Install,2
3453,Vadodara,Gujarat,2023-05-21,Premium,Email,59
3454,Hyderabad,Telangana,2024-01-25,Inactive,Paid Ads,3
3455,Jaipur,Rajasthan,2023-07-30,Premium,Organic Search,59
3456,Indore,Madhya Pradesh,2024-01-15,Inactive,Email,4
3457,Coimbatore,Tamil Nadu,2023-01-09,Regular,Paid Ads,15
3458,Nagpur,Maharashtra,2023-12-25,Regular,Organic Search,9
3459,Hyderabad,Telangana,2024-06-25,Regular,Paid Ads,18
3460,Ahmedabad,Gujarat,2024-02-28,Inactive,App Install,2
3461,Ahmedabad,Gujarat,2024-03-12,Regular,Social Media,11
3462,Mumbai,Maharashtra,2023-03-22,Inactive,Social Media,5
3463,Nagpur,Maharashtra,2023-10-24,Regular,Email,14
3464,Coimbatore,Tamil Nadu,2024-09-18,New,Referral,2
3465,Agra,Uttar Pradesh,2023-10-16,New,Referral,3
3466,Bengaluru,Karnataka,2024-03-21,Premium,Paid Ads,34
3467,Vadodara,Gujarat,2023-12-05,Regular,Social Media,13
3468,Bengaluru,Karnataka,2023-08-15,Inactive,Social Media,3
3469,Jaipur,Rajasthan,2023-03-16,Regular,Social Media,7
3470,Mumbai,Maharashtra,2024-02-10,Regular,Email,11
3471,Kolkata,West Bengal,2024-09-14,Regular,Paid Ads,12
3472,Pune,Maharashtra,2023-10-10,New,Email,2
3473,Patna,Bihar,2023-10-19,Inactive,Paid Ads,5
3474,Nagpur,Maharashtra,2023-10-04,New,Referral,2
3475,Chandigarh,Punjab,2023-01-18,Regular,Email,9
3476,Indore,Madhya Pradesh,2023-05-30,Premium,Paid Ads,18
3477,Indore,Madhya Pradesh,2024-08-30,New,Social Media,3
3478,Agra,Uttar Pradesh,2024-03-06,New,Paid Ads,3
3479,Nagpur,Maharashtra,2024-05-03,New,App Install,1
3480,Pune,Maharashtra,2024-08-12,New,App Install,3
3481,Surat,Gujarat,2024-06-18,Premium,Email,32
3482,Patna,Bihar,2023-04-13,Regular,Paid Ads,9
3483,Delhi,Delhi,2023-04-17,New,Organic Search,3
3484,Nagpur,Maharashtra,2024-04-01,Regular,Paid Ads,5
3485,Chennai,Tamil Nadu,2023-06-27,Inactive,Organic Search,4
3486,Pune,Maharashtra,2023-02-14,Regular,Referral,14
3487,Nagpur,Maharashtra,2023-11-05,Premium,Email,37
3488,Ahmedabad,Gujarat,2023-07-17,New,Social Media,3
3489,Coimbatore,Tamil Nadu,2024-02-27,Regular,Social Media,14
3490,Indore,Madhya Pradesh,2024-04-28,Regular,Email,8
3491,Agra,Uttar Pradesh,2023-05-09,Regular,Organic Search,11
3492,Delhi,Delhi,2023-01-11,Regular,Organic Search,13
3493,Bhopal,Madhya Pradesh,2023-10-12,Regular,Email,17
3494,Hyderabad,Telangana,2023-11-08,Regular,Referral,6
3495,Coimbatore,Tamil Nadu,2023-06-01,Regular,App Install,11
3496,Kochi,Kerala,2024-08-03,New,Organic Search,1
3497,Kochi,Kerala,2023-05-25,Inactive,App Install,3
3498,Delhi,Delhi,2023-04-20,New,Paid Ads,1
3499,Lucknow,Uttar Pradesh,2023-07-28,Regular,App Install,18
3500,Chennai,Tamil Nadu,2023-12-08,New,Referral,2
3501,Agra,Uttar Pradesh,2024-06-25,Regular,App Install,16
3502,Delhi,Delhi,2023-07-14,New,Social Media,3
3503,Chennai,Tamil Nadu,2023-12-12,Regular,App Install,19
3504,Bhopal,Madhya Pradesh,2023-01-03,New,Email,2
3505,Jaipur,Rajasthan,2023-03-22,New,Email,3
3506,Chennai,Tamil Nadu,2023-08-12,Regular,Organic Search,12
3507,Lucknow,Uttar Pradesh,2024-01-05,New,Email,2
3508,Coimbatore,Tamil Nadu,2023-07-13,Regular,Social Media,14
3509,Jaipur,Rajasthan,2024-02-11,New,Referral,1
3510,Kochi,Kerala,2023-03-28,Regular,Organic Search,11
3511,Jaipur,Rajasthan,2024-07-09,New,Email,2
3512,Bengaluru,Karnataka,2023-02-19,Regular,Paid Ads,13
3513,Lucknow,Uttar Pradesh,2023-07-07,New,Paid Ads,2
3514,Nagpur,Maharashtra,2023-06-11,Premium,App Install,23
3515,Bengaluru,Karnataka,2023-02-04,New,Paid Ads,1
3516,Jaipur,Rajasthan,2023-11-14,Regular,Referral,13
3517,Indore,Madhya Pradesh,2023-07-07,Premium,Social Media,41
3518,Mumbai,Maharashtra,2023-08-01,New,App Install,1
3519,Delhi,Delhi,2023-01-20,Regular,Social Media,11
3520,Bhopal,Madhya Pradesh,2024-04-06,Regular,App Install,17
3521,Bhopal,Madhya Pradesh,2024-05-31,Regular,App Install,16
3522,Pune,Maharashtra,2024-07-07,Inactive,Organic Search,1
3523,Surat,Gujarat,2024-07-19,New,App Install,2
3524,Chennai,Tamil Nadu,2023-05-25,New,Email,2
3525,Nagpur,Maharashtra,2024-01-26,New,Email,1
3526,Agra,Uttar Pradesh,2023-06-06,Regular,App Install,6
3527,Ahmedabad,Gujarat,2024-05-13,Premium,Referral,33
3528,Delhi,Delhi,2023-03-07,Inactive,Referral,3
3529,Chennai,Tamil Nadu,2023-07-12,New,Organic Search,2
3530,Lucknow,Uttar Pradesh,2023-08-01,New,Social Media,1
3531,Indore,Madhya Pradesh,2023-06-08,Regular,Paid Ads,15
3532,Bhopal,Madhya Pradesh,2023-02-18,Regular,Paid Ads,9
3533,Lucknow,Uttar Pradesh,2024-07-26,New,Email,2
3534,Nagpur,Maharashtra,2024-03-08,Regular,Referral,14
3535,Patna,Bihar,2023-07-05,Regular,Referral,14
3536,Bengaluru,Karnataka,2023-06-13,Premium,Paid Ads,27
3537,Chandigarh,Punjab,2023-05-17,Premium,Email,24
3538,Chennai,Tamil Nadu,2024-09-30,Regular,Paid Ads,4
3539,Pune,Maharashtra,2023-05-20,Premium,Organic Search,23
3540,Coimbatore,Tamil Nadu,2023-12-05,Inactive,Referral,5
3541,Agra,Uttar Pradesh,2023-04-21,Regular,Paid Ads,10
3542,Kolkata,West Bengal,2023-01-11,Inactive,Paid Ads,1
3543,Surat,Gujarat,2023-08-13,Premium,Paid Ads,31
3544,Patna,Bihar,2024-02-23,Regular,Referral,18
3545,Mumbai,Maharashtra,2023-03-11,New,App Install,3
3546,Hyderabad,Telangana,2023-05-06,New,App Install,2
3547,Bengaluru,Karnataka,2024-04-12,New,Social Media,1
3548,Patna,Bihar,2024-03-24,New,Referral,1
3549,Patna,Bihar,2024-05-04,Regular,Email,15
3550,Bengaluru,Karnataka,2023-11-19,Premium,Paid Ads,18
3551,Bhopal,Madhya Pradesh,2023-06-27,New,Social Media,3
3552,Hyderabad,Telangana,2024-01-15,Regular,Paid Ads,5
3553,Vadodara,Gujarat,2023-03-22,Regular,Paid Ads,11
3554,Ahmedabad,Gujarat,2024-08-18,Inactive,Email,3
3555,Lucknow,Uttar Pradesh,2024-05-14,Premium,Paid Ads,30
3556,Chandigarh,Punjab,2023-01-30,Regular,Paid Ads,12
3557,Patna,Bihar,2023-05-15,New,Organic Search,1
3558,Bengaluru,Karnataka,2024-07-07,Regular,Social Media,18
3559,Jaipur,Rajasthan,2023-03-11,Premium,Email,16
3560,Vadodara,Gujarat,2023-04-04,New,Referral,3
3561,Coimbatore,Tamil Nadu,2023-06-16,New,Paid Ads,3
3562,Indore,Madhya Pradesh,2023-05-16,Regular,Social Media,5
3563,Chandigarh,Punjab,2024-01-18,New,Organic Search,2
3564,Lucknow,Uttar Pradesh,2024-02-28,Premium,Social Media,57
3565,Nagpur,Maharashtra,2024-07-13,Inactive,Referral,1
3566,Agra,Uttar Pradesh,2024-05-02,Inactive,App Install,4
3567,Bengaluru,Karnataka,2023-11-25,New,Social Media,2
3568,Lucknow,Uttar Pradesh,2023-04-19,Premium,Email,53
3569,Surat,Gujarat,2023-07-07,New,Social Media,1
3570,Mumbai,Maharashtra,2024-01-31,Premium,Social Media,55
3571,Vadodara,Gujarat,2024-07-08,Premium,Paid Ads,49
3572,Coimbatore,Tamil Nadu,2024-03-27,Premium,Paid Ads,58
3573,Lucknow,Uttar Pradesh,2024-04-25,Regular,App Install,8
3574,Surat,Gujarat,2023-12-14,New,Email,1
3575,Vadodara,Gujarat,2023-07-04,Inactive,Paid Ads,3
3576,Hyderabad,Telangana,2024-09-05,Regular,Organic Search,14
3577,Indore,Madhya Pradesh,2024-01-30,Regular,Referral,13
3578,Patna,Bihar,2023-09-18,New,Email,3
3579,Bengaluru,Karnataka,2023-05-31,New,Paid Ads,2
3580,Ahmedabad,Gujarat,2023-09-13,New,App Install,1
3581,Bhopal,Madhya Pradesh,2024-04-07,Inactive,Email,1
3582,Kochi,Kerala,2023-07-10,Inactive,Organic Search,2
3583,Surat,Gujarat,2023-03-28,Regular,Organic Search,5
3584,Ahmedabad,Gujarat,2023-05-03,Regular,Email,18
3585,Agra,Uttar Pradesh,2024-06-09,New,Organic Search,1
3586,Vadodara,Gujarat,2023-12-21,New,App Install,3
3587,Chandigarh,Punjab,2024-03-01,Regular,App Install,5
3588,Kolkata,West Bengal,2023-03-17,Regular,Referral,5
3589,Agra,Uttar Pradesh,2024-05-11,Regular,Social Media,5
3590,Agra,Uttar Pradesh,2023-08-19,New,Email,1
3591,Lucknow,Uttar Pradesh,2023-12-27,Regular,Organic Search,12
3592,Bengaluru,Karnataka,2023-12-30,Regular,Paid Ads,14
3593,Jaipur,Rajasthan,2023-04-23,Regular,Referral,7
3594,Patna,Bihar,2023-06-26,Regular,Paid Ads,8
3595,Patna,Bihar,2024-05-19,Regular,Referral,12
3596,Kolkata,West Bengal,2023-09-13,New,Paid Ads,3
3597,Patna,Bihar,2024-04-10,New,Paid Ads,1
3598,Kochi,Kerala,2023-01-22,Regular,Social Media,13
3599,Patna,Bihar,2023-06-03,Regular,Paid Ads,7
3600,Vadodara,Gujarat,2024-01-20,Regular,Paid Ads,16
3601,Bhopal,Madhya Pradesh,2023-11-25,New,App Install,2
3602,Chennai,Tamil Nadu,2024-08-28,New,App Install,2
3603,Bhopal,Madhya Pradesh,2023-07-16,New,Paid Ads,3
3604,Kolkata,West Bengal,2023-01-02,Premium,App Install,49
3605,Pune,Maharashtra,2023-07-20,New,Paid Ads,2
3606,Nagpur,Maharashtra,2023-10-29,Regular,Social Media,18
3607,Agra,Uttar Pradesh,2023-01-19,Inactive,Social Media,5
3608,Nagpur,Maharashtra,2024-06-15,New,Referral,3
3609,Agra,Uttar Pradesh,2024-09-05,New,Email,2
3610,Surat,Gujarat,2023-01-13,Inactive,Social Media,4
3611,Nagpur,Maharashtra,2023-01-22,Regular,Paid Ads,4
3612,Pune,Maharashtra,2024-01-19,Regular,Email,16
3613,Bengaluru,Karnataka,2024-06-03,New,App Install,2
3614,Ahmedabad,Gujarat,2023-03-15,New,Email,2
3615,Lucknow,Uttar Pradesh,2023-07-14,Regular,App Install,18
3616,Indore,Madhya Pradesh,2024-05-23,Inactive,Social Media,5
3617,Nagpur,Maharashtra,2023-07-06,Regular,Referral,17
3618,Jaipur,Rajasthan,2023-08-03,Premium,Paid Ads,53
3619,Patna,Bihar,2023-11-21,Regular,Referral,11
3620,Coimbatore,Tamil Nadu,2023-10-02,Premium,Paid Ads,43
3621,Kolkata,West Bengal,2024-05-24,Regular,Referral,14
3622,Coimbatore,Tamil Nadu,2023-06-24,Regular,Paid Ads,15
3623,Coimbatore,Tamil Nadu,2024-08-03,Regular,Paid Ads,4
3624,Surat,Gujarat,2024-03-04,New,Organic Search,2
3625,Mumbai,Maharashtra,2023-12-24,Regular,Email,6
3626,Bengaluru,Karnataka,2023-05-26,Inactive,Email,2
3627,Nagpur,Maharashtra,2023-01-29,New,App Install,2
3628,Hyderabad,Telangana,2024-08-09,Premium,App Install,25
3629,Chandigarh,Punjab,2023-06-04,New,Email,2
3630,Hyderabad,Telangana,2023-04-30,Regular,Organic Search,14
3631,Kolkata,West Bengal,2024-02-25,Inactive,Paid Ads,1
3632,Kolkata,West Bengal,2023-06-05,Regular,Email,14
3633,Coimbatore,Tamil Nadu,2023-11-20,New,App Install,3
3634,Nagpur,Maharashtra,2024-08-18,Premium,Referral,29
3635,Kolkata,West Bengal,2024-03-22,Inactive,Paid Ads,4
3636,Chandigarh,Punjab,2023-06-07,New,App Install,2
3637,Mumbai,Maharashtra,2023-06-26,Regular,Email,13
3638,Coimbatore,Tamil Nadu,2023-07-04,Regular,Organic Search,17
3639,Bengaluru,Karnataka,2024-01-22,Premium,Organic Search,36
3640,Kochi,Kerala,2023-09-23,Inactive,Email,5
3641,Patna,Bihar,2023-01-28,New,App Install,3
3642,Kochi,Kerala,2024-07-18,Premium,Social Media,21
3643,Patna,Bihar,2023-07-19,New,Paid Ads,3
3644,Indore,Madhya Pradesh,2023-04-20,New,Paid Ads,3
3645,Chennai,Tamil Nadu,2024-07-05,Regular,Organic Search,5
3646,Chandigarh,Punjab,2023-10-07,New,Email,3
3647,Chandigarh,Punjab,2023-08-18,Inactive,App Install,2
3648,Kolkata,West Bengal,2023-03-07,Inactive,App Install,1
3649,Nagpur,Maharashtra,2023-07-01,Inactive,Paid Ads,1
3650,Vadodara,Gujarat,2023-06-27,Inactive,Organic Search,3
3651,Ahmedabad,Gujarat,2023-10-31,Inactive,Email,1
3652,Agra,Uttar Pradesh,2024-01-17,Regular,Email,8
3653,Agra,Uttar Pradesh,2024-03-21,Premium,Email,41
3654,Pune,Maharashtra,2024-07-02,Inactive,Referral,4
3655,Indore,Madhya Pradesh,2023-11-02,New,Organic Search,1
3656,Mumbai,Maharashtra,2024-08-19,Regular,Organic Search,20
3657,Kolkata,West Bengal,2023-12-01,Inactive,Social Media,5
3658,Bhopal,Madhya Pradesh,2024-07-04,Regular,Organic Search,16
3659,Chandigarh,Punjab,2023-11-13,New,Social Media,1
3660,Kochi,Kerala,2023-01-01,Regular,Organic Search,16
3661,Coimbatore,Tamil Nadu,2023-07-01,Regular,Email,20
3662,Vadodara,Gujarat,2024-05-24,New,Referral,3
3663,Patna,Bihar,2024-06-21,New,Referral,1
3664,Bhopal,Madhya Pradesh,2023-11-18,Regular,Email,14
3665,Chandigarh,Punjab,2024-02-02,Premium,App Install,40
3666,Surat,Gujarat,2023-10-16,Regular,Referral,13
3667,Bhopal,Madhya Pradesh,2023-05-02,Premium,Email,42
3668,Chandigarh,Punjab,2023-05-13,Regular,Paid Ads,13
3669,Agra,Uttar Pradesh,2023-07-04,Regular,Organic Search,8
3670,Kolkata,West Bengal,2024-03-22,Inactive,Paid Ads,2
3671,Hyderabad,Telangana,2023-03-18,Inactive,Paid Ads,2
3672,Nagpur,Maharashtra,2023-01-18,New,Social Media,3
3673,Hyderabad,Telangana,2023-03-07,Premium,Organic Search,33
3674,Hyderabad,Telangana,2023-06-17,Regular,Email,12
3675,Surat,Gujarat,2024-06-28,Premium,Paid Ads,22
3676,Ahmedabad,Gujarat,2023-10-16,Regular,App Install,19
3677,Jaipur,Rajasthan,2024-06-07,New,Email,3
3678,Indore,Madhya Pradesh,2023-04-25,New,Organic Search,2
3679,Bengaluru,Karnataka,2024-09-21,New,Referral,1
3680,Indore,Madhya Pradesh,2024-02-21,New,Email,3
3681,Kolkata,West Bengal,2024-08-31,Regular,Email,12
3682,Pune,Maharashtra,2024-08-12,Inactive,App Install,5
3683,Patna,Bihar,2023-04-09,Premium,App Install,25
3684,Hyderabad,Telangana,2024-06-10,Regular,App Install,10
3685,Hyderabad,Telangana,2023-04-24,Premium,App Install,50
3686,Pune,Maharashtra,2023-01-21,Regular,Organic Search,11
3687,Delhi,Delhi,2024-03-18,Regular,Referral,17
3688,Vadodara,Gujarat,2023-01-22,New,App Install,3
3689,Bhopal,Madhya Pradesh,2023-06-22,Premium,App Install,15
3690,Nagpur,Maharashtra,2023-03-05,Regular,Organic Search,15
3691,Lucknow,Uttar Pradesh,2023-07-21,New,App Install,1
3692,Indore,Madhya Pradesh,2024-07-06,New,Social Media,1
3693,Ahmedabad,Gujarat,2024-07-11,New,Referral,1
3694,Chandigarh,Punjab,2023-04-09,New,Organic Search,2
3695,Pune,Maharashtra,2023-02-17,New,Social Media,1
3696,Chennai,Tamil Nadu,2023-10-04,Inactive,Paid Ads,5
3697,Hyderabad,Telangana,2023-08-29,Inactive,Email,1
3698,Delhi,Delhi,2023-12-30,New,Email,3
3699,Surat,Gujarat,2023-06-15,Premium,Referral,54
3700,Jaipur,Rajasthan,2023-06-25,Regular,App Install,5
3701,Surat,Gujarat,2023-03-03,New,Referral,2
3702,Delhi,Delhi,2024-06-30,Premium,App Install,42
3703,Chennai,Tamil Nadu,2023-06-17,Regular,Referral,17
3704,Chennai,Tamil Nadu,2023-09-07,New,Paid Ads,1
3705,Pune,Maharashtra,2024-07-23,Regular,Paid Ads,20
3706,Ahmedabad,Gujarat,2024-09-16,Regular,Referral,10
3707,Chennai,Tamil Nadu,2023-08-08,Regular,Referral,17
3708,Chandigarh,Punjab,2023-03-27,New,Email,2
3709,Surat,Gujarat,2023-04-27,Premium,App Install,49
3710,Agra,Uttar Pradesh,2024-02-17,Regular,Paid Ads,16
3711,Coimbatore,Tamil Nadu,2024-04-10,Premium,Organic Search,30
3712,Agra,Uttar Pradesh,2024-03-20,Regular,Email,13
3713,Mumbai,Maharashtra,2023-04-22,Regular,Organic Search,6
3714,Nagpur,Maharashtra,2023-07-14,Regular,Paid Ads,20
3715,Jaipur,Rajasthan,2023-06-10,New,Paid Ads,1
3716,Vadodara,Gujarat,2024-09-15,Premium,Paid Ads,21
3717,Bhopal,Madhya Pradesh,2024-07-07,Premium,Email,29
3718,Bhopal,Madhya Pradesh,2023-12-24,New,Paid Ads,2
3719,Agra,Uttar Pradesh,2024-09-06,Inactive,App Install,1
3720,Nagpur,Maharashtra,2024-06-25,New,Referral,2
3721,Pune,Maharashtra,2023-01-21,Inactive,Referral,4
3722,Vadodara,Gujarat,2024-05-19,Regular,Referral,7
3723,Vadodara,Gujarat,2023-02-14,Inactive,Referral,3
3724,Ahmedabad,Gujarat,2024-08-18,Premium,Paid Ads,15
3725,Surat,Gujarat,2024-07-05,Premium,Email,21
3726,Kolkata,West Bengal,2023-09-30,New,Paid Ads,1
3727,Vadodara,Gujarat,2024-09-28,Premium,Paid Ads,44
3728,Coimbatore,Tamil Nadu,2024-09-13,Regular,Referral,17
3729,Ahmedabad,Gujarat,2023-04-30,Regular,Referral,20
3730,Coimbatore,Tamil Nadu,2023-04-24,Inactive,Social Media,5
3731,Jaipur,Rajasthan,2024-03-05,Regular,Email,11
3732,Mumbai,Maharashtra,2024-07-08,Regular,App Install,13
3733,Kochi,Kerala,2023-12-25,Premium,App Install,46
3734,Hyderabad,Telangana,2023-07-02,New,App Install,3
3735,Surat,Gujarat,2023-01-18,New,App Install,3
3736,Vadodara,Gujarat,2023-06-04,Regular,App Install,16
3737,Hyderabad,Telangana,2024-01-21,Premium,Social Media,59
3738,Agra,Uttar Pradesh,2024-02-13,Premium,Email,39
3739,Surat,Gujarat,2023-06-24,New,Email,2
3740,Mumbai,Maharashtra,2024-08-11,New,Organic Search,1
3741,Delhi,Delhi,2023-11-28,Premium,Referral,28
3742,Nagpur,Maharashtra,2023-11-12,Regular,Email,20
3743,Chandigarh,Punjab,2024-08-30,Inactive,Email,2
3744,Kochi,Kerala,2023-12-18,New,Social Media,1
3745,Jaipur,Rajasthan,2024-09-08,New,Social Media,3
3746,Bengaluru,Karnataka,2024-03-21,New,App Install,3
3747,Surat,Gujarat,2023-01-10,Inactive,Referral,3
3748,Patna,Bihar,2023-05-20,New,Email,3
3749,Agra,Uttar Pradesh,2023-01-24,Regular,Referral,12
3750,Chandigarh,Punjab,2024-05-01,Premium,Paid Ads,54
3751,Bhopal,Madhya Pradesh,2024-02-26,Regular,Referral,13
3752,Vadodara,Gujarat,2023-03-06,New,Referral,3
3753,Patna,Bihar,2024-09-25,New,Referral,2
3754,Hyderabad,Telangana,2023-01-23,New,Email,1
3755,Lucknow,Uttar Pradesh,2024-07-20,Regular,Email,18
3756,Pune,Maharashtra,2023-11-11,Regular,App Install,19
3757,Delhi,Delhi,2023-09-19,New,Email,2
3758,Delhi,Delhi,2024-09-24,New,Email,2
3759,Chandigarh,Punjab,2024-02-20,New,Social Media,1
3760,Indore,Madhya Pradesh,2024-06-05,Inactive,Paid Ads,5
3761,Indore,Madhya Pradesh,2024-05-31,Inactive,Social Media,1
3762,Chennai,Tamil Nadu,2024-02-25,New,Referral,1
3763,Kolkata,West Bengal,2023-10-23,Regular,Referral,20
3764,Ahmedabad,Gujarat,2023-12-18,Premium,Paid Ads,40
3765,Bhopal,Madhya Pradesh,2024-08-18,Premium,Email,49
3766,Jaipur,Rajasthan,2023-04-20,Regular,Referral,13
3767,Mumbai,Maharashtra,2024-08-21,Regular,Email,4
3768,Nagpur,Maharashtra,2023-09-29,New,Social Media,2
3769,Surat,Gujarat,2023-01-11,Premium,Email,25
3770,Bhopal,Madhya Pradesh,2024-06-11,Premium,Referral,15
3771,Bhopal,Madhya Pradesh,2023-12-01,Regular,Paid Ads,7
3772,Chandigarh,Punjab,2023-02-02,New,Paid Ads,2
3773,Indore,Madhya Pradesh,2023-05-23,New,Referral,1
3774,Patna,Bihar,2024-02-11,New,Referral,2
3775,Delhi,Delhi,2024-07-20,New,Email,1
3776,Vadodara,Gujarat,2023-01-19,Regular,Email,9
3777,Bengaluru,Karnataka,2023-10-05,New,Email,2
3778,Chandigarh,Punjab,2024-01-03,Inactive,Email,1
3779,Pune,Maharashtra,2023-08-15,Inactive,Organic Search,5
3780,Delhi,Delhi,2024-07-06,New,Email,3
3781,Chandigarh,Punjab,2023-07-14,Premium,App Install,17
3782,Jaipur,Rajasthan,2023-12-04,Regular,Referral,13
3783,Ahmedabad,Gujarat,2024-07-07,Premium,Email,30
3784,Nagpur,Maharashtra,2024-09-25,New,Email,3
3785,Lucknow,Uttar Pradesh,2024-04-30,Regular,Social Media,7
3786,Surat,Gujarat,2024-07-20,Regular,Social Media,17
3787,Bengaluru,Karnataka,2023-08-31,Regular,Organic Search,8
3788,Ahmedabad,Gujarat,2024-04-02,New,Social Media,1
3789,Chandigarh,Punjab,2023-02-18,Regular,Organic Search,10
3790,Surat,Gujarat,2023-02-17,New,App Install,2
3791,Agra,Uttar Pradesh,2024-02-04,New,App Install,2
3792,Bengaluru,Karnataka,2023-04-15,Regular,Email,15
3793,Nagpur,Maharashtra,2023-07-28,Regular,Organic Search,15
3794,Vadodara,Gujarat,2024-02-01,New,Social Media,1
3795,Chandigarh,Punjab,2024-07-25,Premium,Social Media,51
3796,Patna,Bihar,2023-07-16,New,Referral,3
3797,Ahmedabad,Gujarat,2023-10-29,New,Referral,2
3798,Vadodara,Gujarat,2024-08-06,Regular,Organic Search,20
3799,Indore,Madhya Pradesh,2024-05-06,Premium,App Install,16
3800,Indore,Madhya Pradesh,2023-05-02,New,Email,2
3801,Bengaluru,Karnataka,2023-06-15,Inactive,Referral,1
3802,Mumbai,Maharashtra,2023-02-01,New,Organic Search,3
3803,Indore,Madhya Pradesh,2023-07-28,Regular,Referral,15
3804,Surat,Gujarat,2023-05-06,New,Organic Search,1
3805,Vadodara,Gujarat,2023-10-05,Regular,Social Media,13
3806,Pune,Maharashtra,2023-09-16,New,Paid Ads,3
3807,Patna,Bihar,2024-09-01,Inactive,Organic Search,4
3808,Vadodara,Gujarat,2024-05-10,Regular,Social Media,14
3809,Pune,Maharashtra,2024-03-08,Inactive,Email,4
3810,Jaipur,Rajasthan,2024-01-19,Premium,Paid Ads,34
3811,Bhopal,Madhya Pradesh,2023-02-09,New,Referral,1
3812,Surat,Gujarat,2023-05-10,New,Organic Search,2
3813,Hyderabad,Telangana,2023-12-19,New,Email,3
3814,Chennai,Tamil Nadu,2024-03-22,New,Referral,1
3815,Coimbatore,Tamil Nadu,2023-11-19,Inactive,Referral,2
3816,Hyderabad,Telangana,2023-07-08,Regular,Paid Ads,7
3817,Hyderabad,Telangana,2024-09-15,Regular,Organic Search,14
3818,Chandigarh,Punjab,2023-08-30,New,Paid Ads,3
3819,Kochi,Kerala,2023-10-29,Inactive,Referral,1
3820,Kochi,Kerala,2023-09-22,Inactive,Referral,3
3821,Vadodara,Gujarat,2024-05-06,Inactive,Referral,3
3822,Agra,Uttar Pradesh,2024-07-08,Regular,Social Media,14
3823,Lucknow,Uttar Pradesh,2024-01-17,New,Email,1
3824,Surat,Gujarat,2024-09-07,Regular,Referral,14
3825,Kolkata,West Bengal,2023-06-24,Regular,Organic Search,11
3826,Delhi,Delhi,2024-07-01,Regular,Paid Ads,14
3827,Delhi,Delhi,2023-01-07,New,Referral,1
3828,Patna,Bihar,2023-05-21,Regular,Social Media,14
3829,Lucknow,Uttar Pradesh,2023-12-23,Regular,Paid Ads,7
3830,Pune,Maharashtra,2023-06-20,Premium,App Install,53
3831,Bengaluru,Karnataka,2023-02-27,Regular,Organic Search,11
3832,Nagpur,Maharashtra,2024-02-08,New,Paid Ads,3
3833,Bengaluru,Karnataka,2023-07-09,Inactive,Organic Search,1
3834,Bhopal,Madhya Pradesh,2024-04-28,Regular,Paid Ads,8
3835,Vadodara,Gujarat,2024-04-19,Inactive,Referral,2
3836,Pune,Maharashtra,2024-03-11,Premium,Social Media,49
3837,Lucknow,Uttar Pradesh,2024-07-12,Premium,App Install,30
3838,Bhopal,Madhya Pradesh,2024-09-24,New,Social Media,3
3839,Pune,Maharashtra,2023-11-25,New,App Install,3
3840,Indore,Madhya Pradesh,2023-11-25,Inactive,Email,3
3841,Indore,Madhya Pradesh,2023-06-25,New,Paid Ads,3
3842,Ahmedabad,Gujarat,2023-11-09,Regular,Paid Ads,15
3843,Pune,Maharashtra,2023-05-24,Regular,App Install,14
3844,Jaipur,Rajasthan,2023-04-14,Regular,Referral,7
3845,Mumbai,Maharashtra,2024-05-29,Premium,Social Media,46
3846,Chennai,Tamil Nadu,2024-01-13,Premium,Email,20
3847,Chennai,Tamil Nadu,2024-04-04,Regular,Organic Search,5
3848,Patna,Bihar,2023-12-11,New,Organic Search,3
3849,Jaipur,Rajasthan,2023-02-18,Regular,Social Media,13
3850,Coimbatore,Tamil Nadu,2024-09-05,Inactive,Organic Search,3
3851,Bengaluru,Karnataka,2024-04-03,New,Referral,2
3852,Patna,Bihar,2023-10-03,New,Referral,1
3853,Kochi,Kerala,2024-01-10,Inactive,App Install,2
3854,Lucknow,Uttar Pradesh,2024-01-01,New,Paid Ads,2
3855,Ahmedabad,Gujarat,2024-03-24,Regular,Email,13
3856,Pune,Maharashtra,2023-04-25,Regular,Referral,7
3857,Indore,Madhya Pradesh,2023-12-31,Regular,Email,13
3858,Hyderabad,Telangana,2024-08-07,Regular,Referral,10
3859,Bhopal,Madhya Pradesh,2023-09-24,Regular,Social Media,10
3860,Coimbatore,Tamil Nadu,2023-02-07,Premium,Social Media,29
3861,Kochi,Kerala,2024-05-15,Regular,Email,4
3862,Bengaluru,Karnataka,2023-08-16,Premium,Paid Ads,22
3863,Surat,Gujarat,2024-06-26,Regular,Paid Ads,17
3864,Kolkata,West Bengal,2023-03-27,New,Organic Search,3
3865,Kochi,Kerala,2023-07-25,Regular,Paid Ads,20
3866,Delhi,Delhi,2024-09-07,Regular,Paid Ads,17
3867,Delhi,Delhi,2023-02-08,Regular,Email,19
3868,Mumbai,Maharashtra,2024-06-02,Regular,Email,9
3869,Surat,Gujarat,2024-07-24,Premium,Organic Search,37
3870,Mumbai,Maharashtra,2023-06-28,Regular,Referral,19
3871,Indore,Madhya Pradesh,2023-07-21,Regular,Organic Search,13
3872,Jaipur,Rajasthan,2024-07-22,Regular,Referral,9
3873,Indore,Madhya Pradesh,2023-11-20,Regular,App Install,6
3874,Vadodara,Gujarat,2023-11-17,Regular,Paid Ads,7
3875,Indore,Madhya Pradesh,2024-03-31,Premium,App Install,34
3876,Surat,Gujarat,2024-02-23,Premium,Social Media,57
3877,Agra,Uttar Pradesh,2023-08-06,New,Social Media,3
3878,Lucknow,Uttar Pradesh,2023-08-20,New,Referral,3
3879,Chandigarh,Punjab,2023-02-21,Inactive,Organic Search,5
3880,Ahmedabad,Gujarat,2024-08-01,New,Organic Search,2
3881,Chennai,Tamil Nadu,2024-03-11,Regular,App Install,19
3882,Chandigarh,Punjab,2023-07-12,Inactive,Social Media,3
3883,Patna,Bihar,2024-01-26,Inactive,Referral,1
3884,Kolkata,West Bengal,2024-05-05,New,Referral,3
3885,Lucknow,Uttar Pradesh,2024-01-23,Regular,Paid Ads,16
3886,Surat,Gujarat,2024-08-25,Premium,Organic Search,34
3887,Ahmedabad,Gujarat,2023-08-18,Inactive,Paid Ads,4
3888,Surat,Gujarat,2023-05-20,Premium,Email,53
3889,Nagpur,Maharashtra,2024-08-12,New,Social Media,2
3890,Coimbatore,Tamil Nadu,2024-03-16,New,Social Media,2
3891,Coimbatore,Tamil Nadu,2023-02-23,Inactive,Email,5
3892,Bhopal,Madhya Pradesh,2024-08-11,Inactive,Email,1
3893,Hyderabad,Telangana,2023-02-07,Inactive,Organic Search,1
3894,Surat,Gujarat,2024-06-29,New,Email,3
3895,Jaipur,Rajasthan,2023-12-15,Premium,Referral,29
3896,Hyderabad,Telangana,2024-08-14,New,Organic Search,3
3897,Vadodara,Gujarat,2023-08-28,New,App Install,3
3898,Nagpur,Maharashtra,2023-12-15,Inactive,Paid Ads,1
3899,Agra,Uttar Pradesh,2023-03-29,Premium,Email,53
3900,Patna,Bihar,2024-02-24,Regular,App Install,20
3901,Lucknow,Uttar Pradesh,2023-10-25,New,Social Media,1
3902,Ahmedabad,Gujarat,2023-10-29,Inactive,Referral,3
3903,Chennai,Tamil Nadu,2024-06-10,Regular,Email,13
3904,Lucknow,Uttar Pradesh,2024-09-26,Premium,App Install,54
3905,Delhi,Delhi,2024-04-13,Regular,Email,15
3906,Ahmedabad,Gujarat,2024-03-24,New,Paid Ads,3
3907,Mumbai,Maharashtra,2024-01-15,Premium,Referral,36
3908,Chennai,Tamil Nadu,2024-08-07,Inactive,Social Media,5
3909,Vadodara,Gujarat,2023-05-10,New,Email,3
3910,Ahmedabad,Gujarat,2023-04-24,Regular,Email,5
3911,Lucknow,Uttar Pradesh,2023-07-03,New,Paid Ads,1
3912,Lucknow,Uttar Pradesh,2024-03-27,New,App Install,3
3913,Mumbai,Maharashtra,2024-04-18,Regular,App Install,6
3914,Agra,Uttar Pradesh,2023-05-21,Premium,Social Media,48
3915,Pune,Maharashtra,2024-07-07,New,Paid Ads,3
3916,Patna,Bihar,2024-09-15,New,Referral,1
3917,Surat,Gujarat,2024-04-18,Premium,Organic Search,36
3918,Coimbatore,Tamil Nadu,2024-08-17,Premium,Email,34
3919,Coimbatore,Tamil Nadu,2023-09-26,Regular,Social Media,7
3920,Kolkata,West Bengal,2023-09-30,New,Paid Ads,2
3921,Surat,Gujarat,2024-05-23,Regular,Paid Ads,20
3922,Hyderabad,Telangana,2024-02-05,Regular,Email,7
3923,Nagpur,Maharashtra,2023-03-26,Premium,Paid Ads,28
3924,Ahmedabad,Gujarat,2023-01-31,Regular,Paid Ads,20
3925,Nagpur,Maharashtra,2024-05-29,New,Social Media,2
3926,Coimbatore,Tamil Nadu,2024-07-03,New,Organic Search,1
3927,Surat,Gujarat,2024-08-14,Inactive,Paid Ads,5
3928,Ahmedabad,Gujarat,2024-05-18,New,Email,1
3929,Vadodara,Gujarat,2023-10-09,Premium,Social Media,51
3930,Surat,Gujarat,2023-01-12,Regular,Organic Search,9
3931,Ahmedabad,Gujarat,2023-04-18,New,Referral,2
3932,Kochi,Kerala,2024-08-13,Premium,Organic Search,38
3933,Lucknow,Uttar Pradesh,2023-11-20,Regular,Paid Ads,17
3934,Lucknow,Uttar Pradesh,2024-03-09,Inactive,Email,2
3935,Bhopal,Madhya Pradesh,2023-08-15,Regular,Social Media,6
3936,Surat,Gujarat,2023-11-17,Premium,App Install,47
3937,Bengaluru,Karnataka,2024-07-05,Inactive,Organic Search,4
3938,Hyderabad,Telangana,2023-01-13,Regular,App Install,14
3939,Delhi,Delhi,2023-07-19,Premium,Paid Ads,58
3940,Bhopal,Madhya Pradesh,2024-02-09,Regular,Organic Search,7
3941,Chennai,Tamil Nadu,2023-05-05,New,Email,1
3942,Hyderabad,Telangana,2024-08-21,Inactive,Organic Search,1
3943,Ahmedabad,Gujarat,2023-09-12,Regular,Email,8
3944,Patna,Bihar,2024-08-10,Inactive,Referral,3
3945,Bengaluru,Karnataka,2023-05-18,New,App Install,2
3946,Chennai,Tamil Nadu,2023-12-24,New,Organic Search,1
3947,Coimbatore,Tamil Nadu,2024-03-12,Regular,Organic Search,5
3948,Patna,Bihar,2024-06-27,New,Social Media,3
3949,Lucknow,Uttar Pradesh,2023-04-14,New,Email,3
3950,Lucknow,Uttar Pradesh,2023-05-06,Premium,Organic Search,33
3951,Chennai,Tamil Nadu,2023-12-02,Regular,Organic Search,8
3952,Hyderabad,Telangana,2023-11-03,Premium,Paid Ads,60
3953,Coimbatore,Tamil Nadu,2024-04-17,Premium,Paid Ads,40
3954,Mumbai,Maharashtra,2023-03-13,Regular,Social Media,20
3955,Mumbai,Maharashtra,2024-05-23,Regular,Paid Ads,16
3956,Indore,Madhya Pradesh,2024-02-16,Regular,Paid Ads,18
3957,Hyderabad,Telangana,2023-03-22,Premium,Paid Ads,59
3958,Bhopal,Madhya Pradesh,2023-12-24,New,Email,3
3959,Mumbai,Maharashtra,2024-09-05,Premium,Referral,51
3960,Indore,Madhya Pradesh,2023-09-09,Regular,Paid Ads,15
3961,Delhi,Delhi,2023-09-05,New,Email,1
3962,Kolkata,West Bengal,2023-01-08,New,App Install,2
3963,Hyderabad,Telangana,2024-07-11,New,Social Media,2
3964,Agra,Uttar Pradesh,2023-04-03,Regular,Social Media,13
3965,Indore,Madhya Pradesh,2024-04-06,Premium,App Install,30
3966,Indore,Madhya Pradesh,2023-03-30,New,App Install,2
3967,Mumbai,Maharashtra,2024-01-31,New,Referral,1
3968,Patna,Bihar,2024-08-21,Regular,Referral,9
3969,Nagpur,Maharashtra,2024-01-01,New,Social Media,1
3970,Kolkata,West Bengal,2023-04-14,Regular,Referral,13
3971,Delhi,Delhi,2023-09-10,Premium,Referral,58
3972,Jaipur,Rajasthan,2024-09-20,Regular,Organic Search,8
3973,Agra,Uttar Pradesh,2024-06-04,Regular,Paid Ads,19
3974,Kochi,Kerala,2024-05-12,Regular,Paid Ads,18
3975,Hyderabad,Telangana,2023-01-29,New,Paid Ads,3
3976,Coimbatore,Tamil Nadu,2024-08-31,New,Referral,3
3977,Bhopal,Madhya Pradesh,2024-01-23,Inactive,Referral,1
3978,Chandigarh,Punjab,2023-12-18,Regular,Paid Ads,13
3979,Coimbatore,Tamil Nadu,2023-07-01,Regular,Email,6
3980,Hyderabad,Telangana,2024-01-22,Premium,Social Media,31
3981,Nagpur,Maharashtra,2023-03-12,New,App Install,3
3982,Kolkata,West Bengal,2024-02-27,Regular,Organic Search,5
3983,Patna,Bihar,2023-04-18,Inactive,Email,4
3984,Pune,Maharashtra,2023-11-28,New,App Install,1
3985,Lucknow,Uttar Pradesh,2023-12-09,Regular,Email,13
3986,Indore,Madhya Pradesh,2024-02-24,New,Social Media,1
3987,Chennai,Tamil Nadu,2024-01-18,Regular,Organic Search,5
3988,Ahmedabad,Gujarat,2023-07-13,New,App Install,3
3989,Bengaluru,Karnataka,2024-07-13,Premium,Organic Search,23
3990,Chennai,Tamil Nadu,2024-05-17,Premium,Paid Ads,15
3991,Kochi,Kerala,2023-09-28,Inactive,Paid Ads,4
3992,Surat,Gujarat,2024-03-05,Premium,Paid Ads,42
3993,Jaipur,Rajasthan,2023-05-18,New,Email,1
3994,Bengaluru,Karnataka,2023-09-27,Regular,App Install,12
3995,Delhi,Delhi,2023-10-05,Premium,Referral,22
3996,Lucknow,Uttar Pradesh,2024-06-25,New,Email,1
3997,Bhopal,Madhya Pradesh,2024-08-29,Premium,Social Media,28
3998,Mumbai,Maharashtra,2023-01-23,New,Email,2
3999,Chandigarh,Punjab,2024-08-11,Regular,Organic Search,17
4000,Surat,Gujarat,2024-05-22,Regular,Referral,12
4001,Bengaluru,Karnataka,2024-09-13,Regular,App Install,4
4002,Lucknow,Uttar Pradesh,2024-08-06,Inactive,Paid Ads,2
4003,Bengaluru,Karnataka,2024-06-01,New,Email,2
4004,Bhopal,Madhya Pradesh,2024-09-20,New,Email,2
4005,Coimbatore,Tamil Nadu,2023-10-04,Regular,Social Media,15
4006,Kochi,Kerala,2023-04-25,Inactive,App Install,2
4007,Chandigarh,Punjab,2023-12-03,New,Email,3
4008,Bhopal,Madhya Pradesh,2024-04-09,Premium,Paid Ads,46
4009,Surat,Gujarat,2023-05-07,Inactive,Referral,3
4010,Ahmedabad,Gujarat,2023-07-21,Premium,Organic Search,56
4011,Mumbai,Maharashtra,2024-03-11,Regular,Email,7
4012,Surat,Gujarat,2023-04-19,Premium,Referral,32
4013,Chennai,Tamil Nadu,2023-02-05,New,Paid Ads,2
4014,Coimbatore,Tamil Nadu,2023-08-02,Inactive,Email,5
4015,Chandigarh,Punjab,2024-06-19,Regular,Organic Search,20
4016,Ahmedabad,Gujarat,2024-05-20,Premium,Paid Ads,50
4017,Indore,Madhya Pradesh,2024-04-26,Regular,Referral,15
4018,Patna,Bihar,2024-06-08,Inactive,Paid Ads,2
4019,Chandigarh,Punjab,2023-08-08,Regular,Referral,13
4020,Nagpur,Maharashtra,2024-05-01,Premium,Referral,15
4021,Delhi,Delhi,2023-09-15,Regular,Organic Search,11
4022,Bengaluru,Karnataka,2023-01-09,Regular,Email,4
4023,Lucknow,Uttar Pradesh,2024-09-29,Inactive,Organic Search,3
4024,Chennai,Tamil Nadu,2023-07-17,Regular,Email,17
4025,Kochi,Kerala,2023-01-24,Inactive,Paid Ads,5
4026,Kolkata,West Bengal,2023-05-11,Premium,Referral,23
4027,Kochi,Kerala,2023-12-24,Regular,Social Media,9
4028,Jaipur,Rajasthan,2023-02-10,New,Social Media,1
4029,Hyderabad,Telangana,2023-06-24,Regular,Paid Ads,6
4030,Patna,Bihar,2024-09-17,New,Organic Search,3
4031,Chandigarh,Punjab,2023-12-31,New,Referral,2
4032,Indore,Madhya Pradesh,2023-05-18,Regular,Organic Search,12
4033,Bengaluru,Karnataka,2023-10-14,Regular,Organic Search,4
4034,Mumbai,Maharashtra,2023-02-27,Premium,App Install,59
4035,Nagpur,Maharashtra,2024-05-21,New,App Install,3
4036,Nagpur,Maharashtra,2023-10-06,Inactive,Organic Search,5
4037,Pune,Maharashtra,2023-08-09,Regular,Paid Ads,12
4038,Ahmedabad,Gujarat,2024-01-16,Inactive,Paid Ads,5
4039,Hyderabad,Telangana,2023-03-19,Premium,Organic Search,54
4040,Nagpur,Maharashtra,2024-05-09,New,App Install,3
4041,Kolkata,West Bengal,2023-11-13,New,Organic Search,3
4042,Kochi,Kerala,2023-05-28,Regular,Paid Ads,12
4043,Jaipur,Rajasthan,2024-07-11,Inactive,Referral,1
4044,Ahmedabad,Gujarat,2024-08-24,New,App Install,3
4045,Kolkata,West Bengal,2024-07-25,New,Referral,1
4046,Nagpur,Maharashtra,2024-02-04,Regular,Social Media,17
4047,Chandigarh,Punjab,2023-07-29,New,Paid Ads,1
4048,Jaipur,Rajasthan,2024-01-18,New,Organic Search,2
4049,Chandigarh,Punjab,2023-11-02,Premium,Paid Ads,26
4050,Lucknow,Uttar Pradesh,2023-10-24,New,Organic Search,2
4051,Ahmedabad,Gujarat,2023-08-08,Regular,Paid Ads,17
4052,Indore,Madhya Pradesh,2023-04-13,New,Organic Search,3
4053,Kolkata,West Bengal,2024-09-28,Inactive,Organic Search,1
4054,Pune,Maharashtra,2023-07-17,Regular,Social Media,16
4055,Pune,Maharashtra,2024-06-22,New,Referral,1
4056,Patna,Bihar,2024-01-26,New,Paid Ads,1
4057,Patna,Bihar,2024-05-01,Regular,Organic Search,8
4058,Kochi,Kerala,2024-07-13,New,Referral,2
4059,Nagpur,Maharashtra,2023-06-23,Inactive,Organic Search,2
4060,Patna,Bihar,2023-02-05,Regular,Organic Search,14
4061,Jaipur,Rajasthan,2023-08-31,Inactive,Referral,4
4062,Nagpur,Maharashtra,2023-05-19,Inactive,Organic Search,5
4063,Hyderabad,Telangana,2024-01-05,New,Paid Ads,2
4064,Chennai,Tamil Nadu,2024-07-10,Regular,Email,4
4065,Jaipur,Rajasthan,2023-01-11,Premium,Social Media,44
4066,Pune,Maharashtra,2024-05-02,Inactive,Email,3
4067,Indore,Madhya Pradesh,2023-01-31,Regular,Organic Search,7
4068,Nagpur,Maharashtra,2024-05-21,Regular,Paid Ads,8
4069,Patna,Bihar,2023-12-08,Regular,Email,4
4070,Hyderabad,Telangana,2023-01-27,New,Referral,1
4071,Agra,Uttar Pradesh,2024-09-22,Inactive,Referral,1
4072,Mumbai,Maharashtra,2023-07-14,Regular,Organic Search,18
4073,Delhi,Delhi,2023-06-25,Regular,Paid Ads,6
4074,Bengaluru,Karnataka,2023-04-22,Regular,Paid Ads,16
4075,Vadodara,Gujarat,2024-08-02,Premium,Organic Search,47
4076,Jaipur,Rajasthan,2024-04-28,New,Organic Search,3
4077,Delhi,Delhi,2024-02-04,Premium,Referral,24
4078,Chennai,Tamil Nadu,2023-07-10,New,Organic Search,1
4079,Delhi,Delhi,2023-09-17,Inactive,Social Media,3
4080,Mumbai,Maharashtra,2024-02-22,New,Organic Search,2
4081,Ahmedabad,Gujarat,2023-04-24,New,Email,1
4082,Agra,Uttar Pradesh,2024-07-14,Regular,Organic Search,19
4083,Bhopal,Madhya Pradesh,2023-01-07,New,Referral,2
4084,Surat,Gujarat,2023-11-10,Regular,Paid Ads,17
4085,Patna,Bihar,2023-02-25,Regular,Paid Ads,11
4086,Indore,Madhya Pradesh,2023-11-05,New,Social Media,1
4087,Vadodara,Gujarat,2023-07-08,Regular,Social Media,8
4088,Coimbatore,Tamil Nadu,2023-04-06,Regular,App Install,16
4089,Bhopal,Madhya Pradesh,2023-01-16,Inactive,Paid Ads,3
4090,Jaipur,Rajasthan,2023-07-05,Regular,Paid Ads,12
4091,Chennai,Tamil Nadu,2023-03-26,New,Paid Ads,3
4092,Nagpur,Maharashtra,2023-01-18,Premium,Email,32
4093,Coimbatore,Tamil Nadu,2023-11-09,Inactive,App Install,4
4094,Kolkata,West Bengal,2024-04-30,Inactive,Paid Ads,4
4095,Mumbai,Maharashtra,2024-09-23,Premium,Organic Search,28
4096,Indore,Madhya Pradesh,2023-07-07,New,Referral,3
4097,Surat,Gujarat,2024-10-02,Regular,Social Media,14
4098,Chennai,Tamil Nadu,2023-04-07,Regular,Paid Ads,8
4099,Hyderabad,Telangana,2024-04-26,Inactive,Referral,1
4100,Mumbai,Maharashtra,2024-04-21,Regular,Email,13
4101,Chennai,Tamil Nadu,2024-07-24,Premium,Organic Search,58
4102,Mumbai,Maharashtra,2023-05-18,Regular,Social Media,15
4103,Hyderabad,Telangana,2024-01-03,New,Email,3
4104,Agra,Uttar Pradesh,2023-12-26,New,Organic Search,2
4105,Chandigarh,Punjab,2023-02-07,New,Paid Ads,1
4106,Ahmedabad,Gujarat,2023-04-19,Regular,Email,7
4107,Ahmedabad,Gujarat,2023-11-24,Regular,Email,6
4108,Indore,Madhya Pradesh,2023-06-24,Regular,Referral,16
4109,Surat,Gujarat,2023-10-20,New,App Install,3
4110,Patna,Bihar,2024-07-02,Regular,Referral,12
4111,Delhi,Delhi,2024-05-05,Regular,Email,17
4112,Delhi,Delhi,2024-06-10,Inactive,App Install,4
4113,Kolkata,West Bengal,2023-05-10,Regular,Paid Ads,18
4114,Coimbatore,Tamil Nadu,2024-01-24,Regular,Organic Search,4
4115,Vadodara,Gujarat,2024-05-27,Regular,Email,12
4116,Pune,Maharashtra,2023-11-16,New,Referral,2
4117,Agra,Uttar Pradesh,2023-01-25,Inactive,Email,2
4118,Kolkata,West Bengal,2024-03-24,Inactive,App Install,5
4119,Bhopal,Madhya Pradesh,2023-04-01,Regular,Email,7
4120,Hyderabad,Telangana,2024-08-08,New,Organic Search,2
4121,Vadodara,Gujarat,2023-10-26,Regular,Email,8
4122,Indore,Madhya Pradesh,2023-03-29,New,Referral,2
4123,Kolkata,West Bengal,2023-02-14,New,Organic Search,2
4124,Jaipur,Rajasthan,2024-08-07,Regular,App Install,20
4125,Bengaluru,Karnataka,2023-07-26,New,Referral,3
4126,Delhi,Delhi,2024-10-02,Premium,Paid Ads,27
4127,Kolkata,West Bengal,2023-11-30,Inactive,Paid Ads,3
4128,Vadodara,Gujarat,2024-07-07,Regular,Social Media,20
4129,Coimbatore,Tamil Nadu,2024-03-23,Regular,Social Media,18
4130,Agra,Uttar Pradesh,2023-02-10,New,Email,1
4131,Kochi,Kerala,2023-05-01,Premium,Paid Ads,51
4132,Coimbatore,Tamil Nadu,2024-06-24,New,Referral,2
4133,Indore,Madhya Pradesh,2023-10-08,Inactive,Referral,2
4134,Nagpur,Maharashtra,2023-06-01,Regular,App Install,4
4135,Agra,Uttar Pradesh,2023-06-22,Premium,Organic Search,25
4136,Indore,Madhya Pradesh,2023-07-24,New,App Install,3
4137,Chandigarh,Punjab,2024-05-18,Regular,App Install,8
4138,Chandigarh,Punjab,2023-01-15,Regular,Social Media,14
4139,Agra,Uttar Pradesh,2023-01-02,Regular,Paid Ads,10
4140,Lucknow,Uttar Pradesh,2023-01-03,Regular,Organic Search,4
4141,Lucknow,Uttar Pradesh,2023-01-19,New,Email,3
4142,Indore,Madhya Pradesh,2024-01-21,Regular,Paid Ads,13
4143,Mumbai,Maharashtra,2024-02-17,Regular,Referral,11
4144,Bengaluru,Karnataka,2024-08-30,Regular,Organic Search,4
4145,Delhi,Delhi,2023-01-04,Regular,Email,20
4146,Bhopal,Madhya Pradesh,2024-08-08,New,Email,1
4147,Agra,Uttar Pradesh,2023-05-05,Premium,Social Media,22
4148,Nagpur,Maharashtra,2024-02-20,Regular,Organic Search,4
4149,Chennai,Tamil Nadu,2024-08-16,New,Organic Search,2
4150,Pune,Maharashtra,2024-08-04,Regular,App Install,8
4151,Agra,Uttar Pradesh,2023-08-29,Regular,Paid Ads,19
4152,Surat,Gujarat,2023-07-26,Regular,Referral,18
4153,Mumbai,Maharashtra,2024-09-24,Inactive,Organic Search,4
4154,Coimbatore,Tamil Nadu,2023-01-10,Inactive,Email,3
4155,Chennai,Tamil Nadu,2023-11-04,Premium,Email,20
4156,Delhi,Delhi,2024-07-14,Premium,Referral,45
4157,Nagpur,Maharashtra,2023-09-22,Regular,Referral,11
4158,Coimbatore,Tamil Nadu,2023-02-11,New,Organic Search,1
4159,Delhi,Delhi,2024-09-03,Regular,Email,20
4160,Vadodara,Gujarat,2023-10-11,New,App Install,1
4161,Lucknow,Uttar Pradesh,2023-09-13,Inactive,Referral,1
4162,Ahmedabad,Gujarat,2023-04-10,New,App Install,1
4163,Kochi,Kerala,2024-04-01,Inactive,Organic Search,1
4164,Kolkata,West Bengal,2024-06-19,Regular,Organic Search,14
4165,Vadodara,Gujarat,2023-04-05,Regular,App Install,15
4166,Nagpur,Maharashtra,2023-09-23,New,Social Media,3
4167,Vadodara,Gujarat,2023-05-25,Regular,Email,13
4168,Lucknow,Uttar Pradesh,2023-06-03,Premium,Organic Search,27
4169,Hyderabad,Telangana,2023-09-24,New,App Install,1
4170,Patna,Bihar,2023-03-12,Regular,Social Media,10
4171,Kochi,Kerala,2023-11-28,Inactive,Paid Ads,3
4172,Chennai,Tamil Nadu,2024-02-27,New,Referral,1
4173,Chennai,Tamil Nadu,2024-04-02,New,Social Media,2
4174,Chennai,Tamil Nadu,2024-08-11,Inactive,Email,5
4175,Bhopal,Madhya Pradesh,2023-09-14,Regular,Social Media,12
4176,Hyderabad,Telangana,2024-02-19,Regular,Referral,18
4177,Bengaluru,Karnataka,2023-06-01,New,App Install,1
4178,Vadodara,Gujarat,2023-04-08,Regular,Organic Search,8
4179,Nagpur,Maharashtra,2023-10-01,Regular,App Install,4
4180,Nagpur,Maharashtra,2023-05-23,Inactive,App Install,5
4181,Bhopal,Madhya Pradesh,2023-04-04,Inactive,App Install,5
4182,Chandigarh,Punjab,2023-06-05,Regular,Paid Ads,11
4183,Surat,Gujarat,2024-06-09,New,Referral,3
4184,Mumbai,Maharashtra,2023-10-23,Premium,Organic Search,24
4185,Lucknow,Uttar Pradesh,2024-02-05,New,Paid Ads,1
4186,Bhopal,Madhya Pradesh,2024-06-27,Inactive,Social Media,5
4187,Lucknow,Uttar Pradesh,2023-03-13,Regular,Referral,12
4188,Agra,Uttar Pradesh,2023-11-29,Inactive,Paid Ads,4
4189,Kochi,Kerala,2023-08-21,Regular,Social Media,10
4190,Kochi,Kerala,2024-02-26,Regular,Social Media,9
4191,Lucknow,Uttar Pradesh,2023-08-16,Regular,Social Media,18
4192,Agra,Uttar Pradesh,2023-01-18,Regular,Organic Search,13
4193,Vadodara,Gujarat,2023-03-31,Regular,Paid Ads,7
4194,Kolkata,West Bengal,2024-07-27,Regular,Paid Ads,14
4195,Chennai,Tamil Nadu,2023-04-20,Regular,Email,7
4196,Indore,Madhya Pradesh,2024-03-04,Premium,Organic Search,55
4197,Delhi,Delhi,2023-06-30,New,App Install,2
4198,Chandigarh,Punjab,2023-12-21,New,Email,1
4199,Lucknow,Uttar Pradesh,2023-10-21,Regular,App Install,16
4200,Surat,Gujarat,2023-04-28,New,Organic Search,1
4201,Surat,Gujarat,2024-04-20,Regular,Email,9
4202,Ahmedabad,Gujarat,2023-08-13,Regular,Organic Search,12
4203,Nagpur,Maharashtra,2024-03-12,Regular,Referral,4
4204,Hyderabad,Telangana,2023-02-25,Premium,Organic Search,23
4205,Agra,Uttar Pradesh,2024-07-29,Regular,Paid Ads,20
4206,Nagpur,Maharashtra,2023-05-27,Regular,Referral,6
4207,Lucknow,Uttar Pradesh,2023-01-31,New,Organic Search,3
4208,Nagpur,Maharashtra,2023-06-29,Regular,Paid Ads,8
4209,Mumbai,Maharashtra,2024-08-04,Inactive,App Install,4
4210,Chennai,Tamil Nadu,2023-03-12,Inactive,Social Media,1
4211,Indore,Madhya Pradesh,2023-05-09,Inactive,Organic Search,3
4212,Pune,Maharashtra,2024-06-29,Premium,App Install,38
4213,Bhopal,Madhya Pradesh,2023-01-12,New,Referral,3
4214,Kolkata,West Bengal,2024-03-15,Regular,Referral,14
4215,Surat,Gujarat,2023-08-18,Regular,App Install,12
4216,Chennai,Tamil Nadu,2023-11-16,Regular,Referral,5
4217,Lucknow,Uttar Pradesh,2023-11-09,Regular,App Install,9
4218,Bhopal,Madhya Pradesh,2023-05-28,Premium,Referral,41
4219,Ahmedabad,Gujarat,2023-08-13,Inactive,App Install,3
4220,Lucknow,Uttar Pradesh,2024-01-28,New,Organic Search,1
4221,Chennai,Tamil Nadu,2024-09-28,Regular,Organic Search,14
4222,Patna,Bihar,2023-08-31,Regular,Organic Search,15
4223,Ahmedabad,Gujarat,2024-05-26,New,App Install,3
4224,Kochi,Kerala,2024-10-02,New,Paid Ads,3
4225,Kolkata,West Bengal,2023-11-13,Regular,Referral,8
4226,Hyderabad,Telangana,2023-09-23,New,Paid Ads,2
4227,Bengaluru,Karnataka,2024-07-25,Regular,Referral,6
4228,Indore,Madhya Pradesh,2024-05-17,Regular,Referral,9
4229,Chennai,Tamil Nadu,2023-06-17,New,Social Media,1
4230,Delhi,Delhi,2023-05-10,Regular,Referral,9
4231,Kolkata,West Bengal,2024-02-08,New,Referral,1
4232,Chennai,Tamil Nadu,2024-06-05,Inactive,Referral,4
4233,Jaipur,Rajasthan,2024-02-01,Inactive,Social Media,4
4234,Ahmedabad,Gujarat,2023-06-06,Regular,Paid Ads,12
4235,Bengaluru,Karnataka,2023-03-20,Premium,Email,43
4236,Agra,Uttar Pradesh,2024-02-23,Premium,Email,43
4237,Bengaluru,Karnataka,2024-06-06,Premium,Social Media,54
4238,Coimbatore,Tamil Nadu,2023-10-28,New,Referral,2
4239,Hyderabad,Telangana,2023-03-24,Regular,App Install,9
4240,Lucknow,Uttar Pradesh,2024-08-15,New,Organic Search,3
4241,Agra,Uttar Pradesh,2023-08-01,New,Social Media,1
4242,Coimbatore,Tamil Nadu,2023-02-07,Inactive,Referral,1
4243,Surat,Gujarat,2024-06-06,New,Social Media,3
4244,Patna,Bihar,2024-08-02,Premium,Referral,34
4245,Chandigarh,Punjab,2023-05-30,Premium,Paid Ads,30
4246,Pune,Maharashtra,2023-11-17,Regular,Social Media,10
4247,Indore,Madhya Pradesh,2023-11-11,New,Organic Search,2
4248,Indore,Madhya Pradesh,2024-03-05,Inactive,App Install,4
4249,Ahmedabad,Gujarat,2024-07-14,Regular,Paid Ads,7
4250,Nagpur,Maharashtra,2023-06-04,New,Organic Search,2
4251,Delhi,Delhi,2024-03-19,New,Social Media,3
4252,Coimbatore,Tamil Nadu,2023-12-31,Regular,Paid Ads,15
4253,Lucknow,Uttar Pradesh,2023-09-20,Premium,Email,26
4254,Bhopal,Madhya Pradesh,2023-01-18,Premium,Referral,57
4255,Jaipur,Rajasthan,2023-10-11,Regular,Social Media,6
4256,Pune,Maharashtra,2023-05-07,Regular,Organic Search,19
4257,Ahmedabad,Gujarat,2023-07-20,Inactive,Email,5
4258,Indore,Madhya Pradesh,2023-03-24,Inactive,Email,2
4259,Vadodara,Gujarat,2024-04-19,New,Paid Ads,1
4260,Kolkata,West Bengal,2024-03-15,Inactive,Paid Ads,3
4261,Mumbai,Maharashtra,2023-08-19,New,Social Media,3
4262,Bengaluru,Karnataka,2024-08-23,Regular,Social Media,20
4263,Kochi,Kerala,2024-05-29,Premium,Paid Ads,19
4264,Agra,Uttar Pradesh,2024-06-24,Premium,Email,32
4265,Hyderabad,Telangana,2024-08-23,Regular,Referral,4
4266,Indore,Madhya Pradesh,2024-02-19,New,Referral,2
4267,Bhopal,Madhya Pradesh,2023-01-19,Regular,Social Media,7
4268,Hyderabad,Telangana,2023-04-14,Inactive,Organic Search,2
4269,Chandigarh,Punjab,2023-04-04,New,Paid Ads,2
4270,Ahmedabad,Gujarat,2023-11-15,Inactive,Paid Ads,3
4271,Nagpur,Maharashtra,2023-03-26,Regular,App Install,9
4272,Lucknow,Uttar Pradesh,2023-09-11,Regular,Organic Search,7
4273,Patna,Bihar,2024-02-16,New,Organic Search,2
4274,Kochi,Kerala,2024-09-17,Premium,App Install,48
4275,Ahmedabad,Gujarat,2024-03-10,Regular,Organic Search,11
4276,Kolkata,West Bengal,2024-05-23,Regular,Paid Ads,7
4277,Bhopal,Madhya Pradesh,2024-06-01,Premium,Referral,18
4278,Bengaluru,Karnataka,2023-03-01,Premium,Paid Ads,25
4279,Hyderabad,Telangana,2023-03-05,Regular,App Install,10
4280,Coimbatore,Tamil Nadu,2023-04-18,New,Email,2
4281,Pune,Maharashtra,2024-07-17,Regular,Email,5
4282,Bhopal,Madhya Pradesh,2023-03-24,Inactive,Organic Search,3
4283,Indore,Madhya Pradesh,2023-02-03,New,Organic Search,1
4284,Coimbatore,Tamil Nadu,2023-11-01,New,Referral,1
4285,Delhi,Delhi,2023-09-04,Regular,Organic Search,19
4286,Hyderabad,Telangana,2023-04-12,Regular,Email,18
4287,Chennai,Tamil Nadu,2024-07-22,Regular,Referral,5
4288,Pune,Maharashtra,2023-04-18,New,App Install,2
4289,Kolkata,West Bengal,2023-06-09,Premium,Social Media,58
4290,Kolkata,West Bengal,2024-09-23,Inactive,Organic Search,5
4291,Bhopal,Madhya Pradesh,2023-09-22,New,Organic Search,3
4292,Kolkata,West Bengal,2023-10-19,Regular,App Install,18
4293,Jaipur,Rajasthan,2024-06-20,Premium,Social Media,38
4294,Kochi,Kerala,2023-01-10,New,App Install,1
4295,Ahmedabad,Gujarat,2023-03-20,Regular,Paid Ads,18
4296,Indore,Madhya Pradesh,2023-12-15,Regular,Paid Ads,14
4297,Agra,Uttar Pradesh,2024-06-26,Regular,Paid Ads,7
4298,Jaipur,Rajasthan,2023-01-24,New,Referral,1
4299,Hyderabad,Telangana,2024-07-25,Inactive,Email,4
4300,Mumbai,Maharashtra,2024-06-19,New,App Install,1
4301,Patna,Bihar,2024-04-27,Regular,Paid Ads,18
4302,Nagpur,Maharashtra,2024-09-05,New,Organic Search,3
4303,Vadodara,Gujarat,2023-08-21,Premium,Referral,22
4304,Patna,Bihar,2024-03-01,Premium,Organic Search,42
4305,Delhi,Delhi,2023-01-29,Premium,Email,59
4306,Hyderabad,Telangana,2024-06-08,Regular,Organic Search,19
4307,Bengaluru,Karnataka,2023-06-08,New,Paid Ads,1
4308,Delhi,Delhi,2024-09-02,Inactive,Email,4
4309,Kochi,Kerala,2023-09-15,Regular,Referral,19
4310,Surat,Gujarat,2023-05-04,Regular,Email,10
4311,Mumbai,Maharashtra,2024-05-11,Regular,Social Media,11
4312,Ahmedabad,Gujarat,2023-02-11,New,Referral,2
4313,Chandigarh,Punjab,2024-07-27,Regular,Organic Search,4
4314,Delhi,Delhi,2023-07-06,Regular,Social Media,4
4315,Kolkata,West Bengal,2024-07-16,New,Social Media,2
4316,Hyderabad,Telangana,2024-04-21,New,Email,1
4317,Nagpur,Maharashtra,2023-01-16,Inactive,Paid Ads,3
4318,Kochi,Kerala,2023-10-28,New,Paid Ads,1
4319,Pune,Maharashtra,2023-08-07,Regular,Referral,9
4320,Chennai,Tamil Nadu,2023-06-16,Regular,Organic Search,16
4321,Kolkata,West Bengal,2024-08-22,Premium,Organic Search,39
4322,Bhopal,Madhya Pradesh,2024-09-08,Regular,App Install,16
4323,Bengaluru,Karnataka,2024-07-18,Regular,Social Media,18
4324,Coimbatore,Tamil Nadu,2023-09-23,New,Referral,3
4325,Mumbai,Maharashtra,2024-04-28,New,Organic Search,2
4326,Nagpur,Maharashtra,2024-03-29,Inactive,App Install,3
4327,Kochi,Kerala,2023-03-09,New,Referral,3
4328,Pune,Maharashtra,2023-05-02,Regular,Paid Ads,15
4329,Lucknow,Uttar Pradesh,2023-05-26,Regular,Organic Search,14
4330,Agra,Uttar Pradesh,2023-02-26,Regular,App Install,7
4331,Surat,Gujarat,2024-02-21,Inactive,Social Media,2
4332,Kolkata,West Bengal,2024-02-02,Premium,Organic Search,15
4333,Jaipur,Rajasthan,2024-05-06,New,Organic Search,1
4334,Agra,Uttar Pradesh,2023-07-22,New,Social Media,1
4335,Nagpur,Maharashtra,2024-06-19,New,Social Media,1
4336,Hyderabad,Telangana,2023-10-16,Regular,Paid Ads,7
4337,Indore,Madhya Pradesh,2024-09-26,Regular,Email,11
4338,Bhopal,Madhya Pradesh,2024-08-14,New,Paid Ads,2
4339,Bhopal,Madhya Pradesh,2024-07-08,Inactive,Social Media,5
4340,Indore,Madhya Pradesh,2023-03-09,Inactive,Paid Ads,1
4341,Surat,Gujarat,2023-01-11,Regular,Social Media,7
4342,Bhopal,Madhya Pradesh,2024-03-11,Regular,Email,6
4343,Pune,Maharashtra,2023-01-16,Regular,Social Media,11
4344,Pune,Maharashtra,2023-02-17,New,Paid Ads,1
4345,Surat,Gujarat,2024-01-13,Premium,Organic Search,39
4346,Coimbatore,Tamil Nadu,2024-05-02,Inactive,App Install,3
4347,Jaipur,Rajasthan,2024-07-17,New,Referral,3
4348,Ahmedabad,Gujarat,2023-10-25,New,Referral,3
4349,Kolkata,West Bengal,2023-09-08,New,Paid Ads,3
4350,Pune,Maharashtra,2024-09-21,Regular,Social Media,11
4351,Mumbai,Maharashtra,2023-11-14,New,Email,1
4352,Coimbatore,Tamil Nadu,2023-04-06,Inactive,Organic Search,3
4353,Coimbatore,Tamil Nadu,2023-01-18,New,Organic Search,2
4354,Pune,Maharashtra,2024-05-25,New,Referral,2
4355,Lucknow,Uttar Pradesh,2023-06-09,Regular,Referral,20
4356,Mumbai,Maharashtra,2024-08-22,New,Referral,1
4357,Vadodara,Gujarat,2023-11-24,Premium,Referral,30
4358,Vadodara,Gujarat,2024-07-19,Inactive,Social Media,3
4359,Lucknow,Uttar Pradesh,2023-04-24,New,Paid Ads,3
4360,Mumbai,Maharashtra,2023-03-20,Regular,Referral,19
4361,Jaipur,Rajasthan,2023-12-04,Inactive,Organic Search,2
4362,Kolkata,West Bengal,2023-08-28,Regular,Email,15
4363,Chennai,Tamil Nadu,2024-07-30,Regular,Referral,20
4364,Mumbai,Maharashtra,2023-04-11,New,Social Media,2
4365,Ahmedabad,Gujarat,2023-09-23,Premium,Paid Ads,39
4366,Jaipur,Rajasthan,2023-02-16,Regular,App Install,18
4367,Indore,Madhya Pradesh,2023-06-14,Regular,Paid Ads,16
4368,Ahmedabad,Gujarat,2023-01-20,Regular,Paid Ads,13
4369,Hyderabad,Telangana,2023-10-27,New,Referral,3
4370,Patna,Bihar,2024-01-14,New,Social Media,2
4371,Ahmedabad,Gujarat,2024-04-18,Regular,Referral,8
4372,Ahmedabad,Gujarat,2023-02-07,Inactive,Social Media,1
4373,Kolkata,West Bengal,2024-03-28,New,Organic Search,1
4374,Jaipur,Rajasthan,2024-04-16,Regular,Paid Ads,5
4375,Chennai,Tamil Nadu,2024-05-27,Regular,Referral,7
4376,Chandigarh,Punjab,2024-01-06,Premium,Referral,31
4377,Vadodara,Gujarat,2024-05-07,Regular,Email,11
4378,Coimbatore,Tamil Nadu,2024-05-07,Premium,App Install,18
4379,Nagpur,Maharashtra,2023-08-10,Inactive,Organic Search,4
4380,Kolkata,West Bengal,2023-11-22,Regular,Social Media,11
4381,Patna,Bihar,2024-06-26,Inactive,Organic Search,2
4382,Coimbatore,Tamil Nadu,2024-03-28,Regular,Social Media,6
4383,Jaipur,Rajasthan,2023-11-05,Premium,Email,35
4384,Kochi,Kerala,2024-04-15,Premium,App Install,26
4385,Hyderabad,Telangana,2024-01-28,Regular,Organic Search,9
4386,Kolkata,West Bengal,2024-07-30,Regular,Paid Ads,14
4387,Bhopal,Madhya Pradesh,2023-09-23,Regular,Referral,20
4388,Bhopal,Madhya Pradesh,2024-02-17,Regular,Paid Ads,18
4389,Kolkata,West Bengal,2023-07-10,Regular,Email,20
4390,Bhopal,Madhya Pradesh,2023-11-04,Regular,Organic Search,18
4391,Hyderabad,Telangana,2024-03-02,New,Referral,2
4392,Mumbai,Maharashtra,2023-05-20,New,Organic Search,2
4393,Mumbai,Maharashtra,2024-01-22,New,App Install,1
4394,Surat,Gujarat,2023-05-28,Regular,Referral,6
4395,Hyderabad,Telangana,2023-07-31,Regular,Social Media,10
4396,Bengaluru,Karnataka,2024-07-15,New,Referral,2
4397,Kolkata,West Bengal,2024-03-03,Premium,App Install,23
4398,Patna,Bihar,2024-01-02,Regular,Email,8
4399,Patna,Bihar,2023-08-12,Inactive,Email,4
4400,Chennai,Tamil Nadu,2024-05-31,Regular,Referral,5
4401,Hyderabad,Telangana,2024-02-21,New,App Install,3
4402,Lucknow,Uttar Pradesh,2023-01-31,New,Social Media,3
4403,Pune,Maharashtra,2024-06-19,Regular,Referral,11
4404,Pune,Maharashtra,2023-06-30,Premium,Organic Search,59
4405,Chandigarh,Punjab,2023-12-09,Regular,Social Media,11
4406,Agra,Uttar Pradesh,2023-09-23,New,Organic Search,2
4407,Lucknow,Uttar Pradesh,2023-01-27,Regular,App Install,20
4408,Chandigarh,Punjab,2024-09-10,Regular,Paid Ads,19
4409,Pune,Maharashtra,2023-07-24,Premium,Email,41
4410,Coimbatore,Tamil Nadu,2023-03-27,New,Social Media,3
4411,Agra,Uttar Pradesh,2024-04-05,Regular,Referral,12
4412,Delhi,Delhi,2023-01-10,New,Social Media,1
4413,Chandigarh,Punjab,2023-11-26,Regular,Referral,18
4414,Delhi,Delhi,2023-03-01,Regular,App Install,19
4415,Lucknow,Uttar Pradesh,2024-05-27,Premium,Email,44
4416,Hyderabad,Telangana,2024-05-26,Inactive,App Install,3
4417,Coimbatore,Tamil Nadu,2023-12-19,Regular,Social Media,9
4418,Coimbatore,Tamil Nadu,2024-03-22,Regular,Organic Search,4
4419,Coimbatore,Tamil Nadu,2023-09-05,Regular,Email,12
4420,Bengaluru,Karnataka,2023-05-31,Regular,Paid Ads,19
4421,Chandigarh,Punjab,2023-08-04,New,Referral,3
4422,Chennai,Tamil Nadu,2023-05-14,New,Referral,3
4423,Chandigarh,Punjab,2023-07-31,Regular,Paid Ads,5
4424,Jaipur,Rajasthan,2023-06-30,Inactive,Paid Ads,2
4425,Patna,Bihar,2024-05-08,Inactive,Organic Search,1
4426,Mumbai,Maharashtra,2023-03-18,New,Referral,2
4427,Lucknow,Uttar Pradesh,2024-05-16,Inactive,Referral,5
4428,Chandigarh,Punjab,2023-05-04,Regular,Referral,7
4429,Surat,Gujarat,2024-03-09,Premium,Paid Ads,18
4430,Agra,Uttar Pradesh,2023-10-29,Regular,Paid Ads,15
4431,Lucknow,Uttar Pradesh,2023-04-27,Regular,Social Media,12
4432,Nagpur,Maharashtra,2024-07-19,New,Referral,3
4433,Pune,Maharashtra,2024-07-20,Premium,Paid Ads,17
4434,Pune,Maharashtra,2024-01-19,Regular,Paid Ads,7
4435,Bhopal,Madhya Pradesh,2024-03-11,Inactive,Email,1
4436,Mumbai,Maharashtra,2023-08-01,Regular,Email,9
4437,Vadodara,Gujarat,2023-07-11,New,Organic Search,1
4438,Surat,Gujarat,2024-02-28,New,Email,3
4439,Kolkata,West Bengal,2023-01-15,Regular,Organic Search,12
4440,Bhopal,Madhya Pradesh,2023-07-08,Regular,App Install,16
4441,Hyderabad,Telangana,2023-10-03,Regular,Referral,6
4442,Kochi,Kerala,2023-03-04,New,Referral,3
4443,Kochi,Kerala,2023-01-26,Regular,Organic Search,18
4444,Chennai,Tamil Nadu,2024-04-20,Inactive,Organic Search,2
4445,Bengaluru,Karnataka,2023-03-24,Inactive,Referral,2
4446,Bhopal,Madhya Pradesh,2024-04-01,Inactive,Organic Search,3
4447,Pune,Maharashtra,2023-01-12,New,Organic Search,2
4448,Hyderabad,Telangana,2024-08-20,Premium,Paid Ads,28
4449,Kolkata,West Bengal,2023-07-09,Regular,Referral,18
4450,Bengaluru,Karnataka,2023-07-07,Inactive,Social Media,3
4451,Chandigarh,Punjab,2024-01-21,Inactive,Email,2
4452,Mumbai,Maharashtra,2023-04-26,New,Referral,1
4453,Mumbai,Maharashtra,2024-07-30,Regular,Social Media,18
4454,Chandigarh,Punjab,2024-03-19,New,Paid Ads,3
4455,Lucknow,Uttar Pradesh,2023-01-06,New,Email,1
4456,Indore,Madhya Pradesh,2024-07-30,Premium,Organic Search,40
4457,Ahmedabad,Gujarat,2023-11-29,Premium,Social Media,18
4458,Delhi,Delhi,2023-06-10,New,Social Media,3
4459,Hyderabad,Telangana,2024-09-19,Premium,Email,35
4460,Delhi,Delhi,2023-04-22,Regular,App Install,11
4461,Bhopal,Madhya Pradesh,2024-09-11,Regular,Paid Ads,8
4462,Vadodara,Gujarat,2024-04-18,Regular,App Install,9
4463,Agra,Uttar Pradesh,2024-05-20,Regular,Paid Ads,6
4464,Bhopal,Madhya Pradesh,2023-06-13,Regular,Email,7
4465,Delhi,Delhi,2024-02-01,Regular,Paid Ads,15
4466,Bhopal,Madhya Pradesh,2023-02-18,Regular,Social Media,17
4467,Patna,Bihar,2023-03-02,Premium,Paid Ads,42
4468,Chandigarh,Punjab,2024-03-05,Inactive,Referral,4
4469,Bengaluru,Karnataka,2023-12-06,New,Paid Ads,2
4470,Chennai,Tamil Nadu,2023-06-20,Regular,Email,13
4471,Agra,Uttar Pradesh,2023-12-31,Regular,Paid Ads,19
4472,Chandigarh,Punjab,2023-09-29,New,Email,3
4473,Chandigarh,Punjab,2024-08-23,New,Social Media,1
4474,Coimbatore,Tamil Nadu,2024-04-08,New,App Install,1
4475,Jaipur,Rajasthan,2024-06-01,New,Email,2
4476,Hyderabad,Telangana,2023-11-05,Regular,Organic Search,17
4477,Nagpur,Maharashtra,2024-05-22,Regular,Social Media,17
4478,Ahmedabad,Gujarat,2023-01-23,Regular,Paid Ads,5
4479,Bengaluru,Karnataka,2024-07-12,New,Organic Search,3
4480,Kochi,Kerala,2023-04-16,New,Email,1
4481,Lucknow,Uttar Pradesh,2024-09-01,Inactive,Organic Search,2
4482,Jaipur,Rajasthan,2023-07-10,Regular,Organic Search,15
4483,Kolkata,West Bengal,2023-11-03,Inactive,Paid Ads,5
4484,Nagpur,Maharashtra,2023-02-03,Inactive,Social Media,3
4485,Hyderabad,Telangana,2024-07-09,Inactive,Email,1
4486,Hyderabad,Telangana,2024-08-21,Inactive,Paid Ads,2
4487,Pune,Maharashtra,2023-06-10,New,Social Media,1
4488,Patna,Bihar,2023-09-11,Premium,Paid Ads,26
4489,Kolkata,West Bengal,2023-01-07,New,Paid Ads,1
4490,Coimbatore,Tamil Nadu,2024-01-02,Inactive,Organic Search,1
4491,Vadodara,Gujarat,2023-06-07,New,Social Media,3
4492,Indore,Madhya Pradesh,2023-12-06,Regular,Social Media,5
4493,Delhi,Delhi,2023-04-27,Regular,Email,11
4494,Hyderabad,Telangana,2023-12-12,Premium,Social Media,36
4495,Kolkata,West Bengal,2023-02-04,New,Paid Ads,2
4496,Kolkata,West Bengal,2024-08-17,New,Email,3
4497,Ahmedabad,Gujarat,2024-07-27,New,Social Media,3
4498,Mumbai,Maharashtra,2023-08-02,Regular,Email,10
4499,Bhopal,Madhya Pradesh,2023-09-09,New,Paid Ads,1
4500,Ahmedabad,Gujarat,2023-10-29,Inactive,Paid Ads,4
4501,Hyderabad,Telangana,2023-06-17,Premium,Email,42
4502,Mumbai,Maharashtra,2023-05-16,Inactive,Organic Search,5
4503,Kochi,Kerala,2023-01-28,Inactive,Social Media,5
4504,Chandigarh,Punjab,2024-07-05,Regular,App Install,11
4505,Chennai,Tamil Nadu,2023-05-06,Regular,Paid Ads,12
4506,Patna,Bihar,2023-10-04,New,Organic Search,1
4507,Nagpur,Maharashtra,2024-08-16,Regular,Organic Search,18
4508,Surat,Gujarat,2023-12-08,Regular,Email,16
4509,Ahmedabad,Gujarat,2023-11-17,Regular,Email,8
4510,Surat,Gujarat,2023-02-27,Inactive,Organic Search,2
4511,Lucknow,Uttar Pradesh,2023-09-06,Regular,Referral,16
4512,Indore,Madhya Pradesh,2023-07-22,Premium,Organic Search,45
4513,Bhopal,Madhya Pradesh,2024-04-15,New,Social Media,3
4514,Pune,Maharashtra,2024-01-16,New,Social Media,1
4515,Bhopal,Madhya Pradesh,2023-03-09,New,Organic Search,2
4516,Bengaluru,Karnataka,2023-07-06,New,Email,2
4517,Surat,Gujarat,2023-04-06,Regular,Email,10
4518,Delhi,Delhi,2024-04-03,Inactive,Social Media,5
4519,Coimbatore,Tamil Nadu,2023-04-11,Regular,Email,8
4520,Bengaluru,Karnataka,2023-07-05,Premium,Referral,43
4521,Kochi,Kerala,2023-03-19,New,App Install,1
4522,Chennai,Tamil Nadu,2023-04-13,New,Referral,2
4523,Lucknow,Uttar Pradesh,2023-08-26,Inactive,App Install,4
4524,Delhi,Delhi,2023-05-12,New,Referral,2
4525,Indore,Madhya Pradesh,2024-04-29,New,Social Media,1
4526,Coimbatore,Tamil Nadu,2024-06-04,New,App Install,2
4527,Nagpur,Maharashtra,2023-09-15,Premium,Referral,21
4528,Surat,Gujarat,2023-05-26,New,App Install,1
4529,Patna,Bihar,2024-09-27,New,Referral,1
4530,Kolkata,West Bengal,2024-04-04,New,Paid Ads,1
4531,Ahmedabad,Gujarat,2023-01-05,Regular,Email,9
4532,Bhopal,Madhya Pradesh,2024-06-29,Regular,Social Media,14
4533,Delhi,Delhi,2023-05-21,Inactive,Social Media,1
4534,Vadodara,Gujarat,2023-07-15,Premium,Paid Ads,60
4535,Chennai,Tamil Nadu,2023-04-19,Regular,Organic Search,15
4536,Lucknow,Uttar Pradesh,2023-08-24,Regular,Social Media,15
4537,Kochi,Kerala,2023-01-11,New,Social Media,1
4538,Delhi,Delhi,2023-10-05,Regular,Paid Ads,8
4539,Coimbatore,Tamil Nadu,2023-04-13,Inactive,Email,1
4540,Delhi,Delhi,2023-11-03,New,Paid Ads,3
4541,Indore,Madhya Pradesh,2023-02-20,Regular,Email,18
4542,Vadodara,Gujarat,2024-05-11,Inactive,Email,4
4543,Jaipur,Rajasthan,2023-05-24,Inactive,Social Media,4
4544,Ahmedabad,Gujarat,2024-09-11,Regular,Paid Ads,15
4545,Patna,Bihar,2023-09-15,Premium,Paid Ads,24
4546,Coimbatore,Tamil Nadu,2023-04-06,New,Email,3
4547,Kolkata,West Bengal,2023-08-30,New,App Install,2
4548,Mumbai,Maharashtra,2023-11-26,New,App Install,3
4549,Delhi,Delhi,2023-04-23,Regular,Email,9
4550,Pune,Maharashtra,2023-01-08,Inactive,Social Media,5
4551,Vadodara,Gujarat,2024-05-09,Regular,Referral,5
4552,Agra,Uttar Pradesh,2024-03-17,New,Referral,3
4553,Delhi,Delhi,2024-01-27,Inactive,Email,2
4554,Patna,Bihar,2023-08-02,Premium,Paid Ads,25
4555,Surat,Gujarat,2024-08-26,New,Email,3
4556,Hyderabad,Telangana,2024-03-16,Inactive,Social Media,1
4557,Surat,Gujarat,2024-01-02,New,Email,1
4558,Chennai,Tamil Nadu,2023-06-19,New,Social Media,2
4559,Bhopal,Madhya Pradesh,2024-07-09,Regular,App Install,13
4560,Hyderabad,Telangana,2024-03-19,Regular,Social Media,5
4561,Patna,Bihar,2024-06-16,New,Social Media,3
4562,Jaipur,Rajasthan,2024-05-30,Inactive,Social Media,5
4563,Bengaluru,Karnataka,2024-06-27,New,Paid Ads,3
4564,Bhopal,Madhya Pradesh,2024-07-08,Regular,Paid Ads,14
4565,Ahmedabad,Gujarat,2024-03-23,New,App Install,2
4566,Lucknow,Uttar Pradesh,2023-05-19,Regular,Referral,9
4567,Nagpur,Maharashtra,2023-01-19,Regular,App Install,20
4568,Kochi,Kerala,2023-09-30,New,Referral,2
4569,Hyderabad,Telangana,2023-05-09,New,App Install,3
4570,Hyderabad,Telangana,2023-06-22,New,Social Media,2
4571,Jaipur,Rajasthan,2023-08-10,Regular,App Install,14
4572,Pune,Maharashtra,2024-01-18,Premium,Organic Search,52
4573,Hyderabad,Telangana,2024-02-06,Regular,Paid Ads,9
4574,Agra,Uttar Pradesh,2023-06-26,New,Paid Ads,2
4575,Jaipur,Rajasthan,2023-01-09,Regular,Organic Search,9
4576,Ahmedabad,Gujarat,2023-12-28,Regular,App Install,16
4577,Pune,Maharashtra,2023-06-22,Regular,Social Media,18
4578,Agra,Uttar Pradesh,2023-06-26,Regular,Email,17
4579,Pune,Maharashtra,2023-07-13,Regular,Email,12
4580,Ahmedabad,Gujarat,2023-07-04,Regular,App Install,4
4581,Chandigarh,Punjab,2023-04-03,Regular,Paid Ads,9
4582,Jaipur,Rajasthan,2023-09-09,Inactive,Social Media,1
4583,Patna,Bihar,2023-10-22,New,Email,3
4584,Bhopal,Madhya Pradesh,2023-06-29,New,Email,1
4585,Indore,Madhya Pradesh,2023-01-14,New,Email,3
4586,Chennai,Tamil Nadu,2024-03-03,New,Referral,1
4587,Chandigarh,Punjab,2024-03-30,New,Organic Search,1
4588,Vadodara,Gujarat,2024-02-24,New,Referral,1
4589,Kolkata,West Bengal,2023-09-26,New,Social Media,1
4590,Agra,Uttar Pradesh,2024-08-17,Regular,Social Media,17
4591,Jaipur,Rajasthan,2023-07-18,Premium,Paid Ads,19
4592,Ahmedabad,Gujarat,2024-05-03,Regular,Social Media,5
4593,Patna,Bihar,2023-01-20,New,App Install,1
4594,Agra,Uttar Pradesh,2024-09-21,Premium,Organic Search,18
4595,Indore,Madhya Pradesh,2023-03-28,Inactive,Email,2
4596,Surat,Gujarat,2023-09-09,New,Social Media,1
4597,Agra,Uttar Pradesh,2024-07-05,New,Email,1
4598,Pune,Maharashtra,2023-05-18,Premium,Paid Ads,34
4599,Pune,Maharashtra,2024-04-19,Regular,Organic Search,6
4600,Chennai,Tamil Nadu,2024-08-29,New,Paid Ads,2
4601,Kochi,Kerala,2023-01-06,Regular,App Install,5
4602,Mumbai,Maharashtra,2024-03-05,Premium,Organic Search,48
4603,Coimbatore,Tamil Nadu,2023-05-28,New,Referral,2
4604,Nagpur,Maharashtra,2023-02-08,Regular,Social Media,16
4605,Kolkata,West Bengal,2023-10-15,Premium,Referral,22
4606,Indore,Madhya Pradesh,2024-03-04,Regular,Organic Search,19
4607,Indore,Madhya Pradesh,2024-03-22,Regular,Paid Ads,16
4608,Vadodara,Gujarat,2023-10-16,Inactive,Paid Ads,5
4609,Hyderabad,Telangana,2023-12-29,New,Organic Search,1
4610,Mumbai,Maharashtra,2024-08-09,Regular,Social Media,11
4611,Ahmedabad,Gujarat,2024-04-19,New,Paid Ads,1
4612,Bengaluru,Karnataka,2023-10-05,New,Referral,1
4613,Ahmedabad,Gujarat,2024-03-31,Inactive,Referral,2
4614,Indore,Madhya Pradesh,2023-08-17,New,App Install,1
4615,Chennai,Tamil Nadu,2023-07-30,New,Paid Ads,2
4616,Coimbatore,Tamil Nadu,2023-04-28,Regular,Organic Search,12
4617,Delhi,Delhi,2023-10-17,Regular,App Install,6
4618,Ahmedabad,Gujarat,2024-03-21,New,Social Media,1
4619,Vadodara,Gujarat,2023-07-24,New,App Install,1
4620,Patna,Bihar,2024-02-03,New,Social Media,2
4621,Patna,Bihar,2023-10-22,Regular,Organic Search,10
4622,Chandigarh,Punjab,2024-04-15,Inactive,Paid Ads,4
4623,Hyderabad,Telangana,2024-04-26,Regular,App Install,16
4624,Coimbatore,Tamil Nadu,2024-06-19,Inactive,Social Media,4
4625,Nagpur,Maharashtra,2024-03-06,Regular,Organic Search,17
4626,Indore,Madhya Pradesh,2023-08-02,Regular,Social Media,13
4627,Vadodara,Gujarat,2023-07-04,New,Email,1
4628,Indore,Madhya Pradesh,2023-10-12,New,Referral,1
4629,Pune,Maharashtra,2024-04-29,Premium,Social Media,36
4630,Patna,Bihar,2023-04-13,Regular,Email,18
4631,Indore,Madhya Pradesh,2023-01-21,Inactive,Organic Search,4
4632,Delhi,Delhi,2024-09-26,Premium,Email,51
4633,Delhi,Delhi,2023-07-13,Regular,Paid Ads,13
4634,Chandigarh,Punjab,2023-07-07,New,Organic Search,1
4635,Pune,Maharashtra,2023-10-21,New,Email,1
4636,Coimbatore,Tamil Nadu,2024-03-31,New,Social Media,2
4637,Jaipur,Rajasthan,2023-10-01,Regular,Organic Search,19
4638,Kochi,Kerala,2023-06-22,Premium,Paid Ads,32
4639,Kochi,Kerala,2023-12-20,Regular,Referral,14
4640,Chennai,Tamil Nadu,2023-07-21,Premium,Email,39
4641,Nagpur,Maharashtra,2024-08-09,Inactive,Social Media,4
4642,Bhopal,Madhya Pradesh,2024-08-06,New,Organic Search,1
4643,Mumbai,Maharashtra,2024-01-03,Regular,Social Media,15
4644,Chandigarh,Punjab,2023-08-19,Regular,Referral,8
4645,Ahmedabad,Gujarat,2024-03-04,New,Email,3
4646,Pune,Maharashtra,2023-02-12,Regular,Social Media,18
4647,Mumbai,Maharashtra,2023-06-27,Premium,Paid Ads,48
4648,Surat,Gujarat,2024-03-20,Inactive,App Install,3
4649,Bengaluru,Karnataka,2023-03-06,Premium,App Install,15
4650,Surat,Gujarat,2023-01-04,Inactive,Email,3
4651,Chennai,Tamil Nadu,2023-08-21,Inactive,Email,3
4652,Delhi,Delhi,2024-10-02,Regular,Social Media,19
4653,Patna,Bihar,2023-10-02,New,Paid Ads,1
4654,Ahmedabad,Gujarat,2024-02-05,Regular,App Install,12
4655,Jaipur,Rajasthan,2023-08-29,Premium,Social Media,52
4656,Indore,Madhya Pradesh,2024-09-09,New,Organic Search,1
4657,Surat,Gujarat,2024-08-18,Inactive,Paid Ads,4
4658,Chennai,Tamil Nadu,2024-06-30,Inactive,Organic Search,3
4659,Kolkata,West Bengal,2024-03-13,Regular,Organic Search,13
4660,Ahmedabad,Gujarat,2024-05-15,New,App Install,3
4661,Bengaluru,Karnataka,2024-02-25,Regular,App Install,7
4662,Delhi,Delhi,2023-10-28,New,Paid Ads,2
4663,Indore,Madhya Pradesh,2024-06-01,Premium,Email,31
4664,Mumbai,Maharashtra,2023-10-10,Inactive,Paid Ads,4
4665,Ahmedabad,Gujarat,2023-02-22,Regular,Referral,16
4666,Delhi,Delhi,2023-03-26,Premium,Email,43
4667,Surat,Gujarat,2023-12-26,New,Referral,2
4668,Chandigarh,Punjab,2024-02-29,Inactive,Referral,2
4669,Bengaluru,Karnataka,2024-02-02,Regular,Paid Ads,16
4670,Bengaluru,Karnataka,2024-07-20,Inactive,Organic Search,3
4671,Indore,Madhya Pradesh,2023-11-01,Inactive,App Install,1
4672,Lucknow,Uttar Pradesh,2024-06-15,Regular,Social Media,20
4673,Nagpur,Maharashtra,2024-09-15,Inactive,Email,1
4674,Hyderabad,Telangana,2023-03-03,Regular,Paid Ads,18
4675,Bhopal,Madhya Pradesh,2024-05-01,Inactive,App Install,2
4676,Patna,Bihar,2024-08-13,Regular,Organic Search,4
4677,Chennai,Tamil Nadu,2024-06-13,New,Social Media,2
4678,Delhi,Delhi,2023-02-11,Regular,App Install,18
4679,Chandigarh,Punjab,2024-07-29,Inactive,Referral,1
4680,Pune,Maharashtra,2023-10-25,Regular,Paid Ads,15
4681,Vadodara,Gujarat,2024-02-26,Regular,Referral,5
4682,Delhi,Delhi,2023-12-12,Inactive,Organic Search,2
4683,Nagpur,Maharashtra,2023-09-11,Regular,Referral,12
4684,Jaipur,Rajasthan,2024-03-11,New,Email,3
4685,Pune,Maharashtra,2023-09-09,Regular,Paid Ads,4
4686,Pune,Maharashtra,2024-02-10,Regular,Referral,18
4687,Indore,Madhya Pradesh,2023-08-05,Regular,Organic Search,16
4688,Mumbai,Maharashtra,2024-04-27,Regular,App Install,7
4689,Pune,Maharashtra,2024-07-15,Regular,Paid Ads,9
4690,Agra,Uttar Pradesh,2023-07-07,Inactive,Referral,4
4691,Bhopal,Madhya Pradesh,2024-05-01,Premium,Email,56
4692,Agra,Uttar Pradesh,2023-10-15,New,Organic Search,3
4693,Jaipur,Rajasthan,2023-01-17,Inactive,Email,4
4694,Bengaluru,Karnataka,2024-06-04,Regular,App Install,20
4695,Mumbai,Maharashtra,2024-03-17,Regular,Social Media,10
4696,Coimbatore,Tamil Nadu,2024-05-29,Regular,Social Media,5
4697,Hyderabad,Telangana,2024-02-01,New,Referral,1
4698,Ahmedabad,Gujarat,2024-08-09,Inactive,Referral,2
4699,Chandigarh,Punjab,2023-11-08,Regular,App Install,9
4700,Kochi,Kerala,2024-06-11,Regular,App Install,20
4701,Bengaluru,Karnataka,2024-05-08,Regular,Referral,4
4702,Delhi,Delhi,2023-11-19,New,App Install,2
4703,Vadodara,Gujarat,2023-01-23,Premium,App Install,55
4704,Vadodara,Gujarat,2023-11-06,New,Email,1
4705,Kochi,Kerala,2023-05-23,New,Organic Search,3
4706,Coimbatore,Tamil Nadu,2024-04-11,New,Organic Search,2
4707,Mumbai,Maharashtra,2024-07-28,Regular,Referral,6
4708,Nagpur,Maharashtra,2024-07-12,New,Referral,3
4709,Bengaluru,Karnataka,2024-03-29,Regular,Organic Search,17
4710,Lucknow,Uttar Pradesh,2024-02-05,Regular,Paid Ads,9
4711,Mumbai,Maharashtra,2023-03-04,Regular,Organic Search,16
4712,Chennai,Tamil Nadu,2023-06-16,New,Email,3
4713,Surat,Gujarat,2023-01-16,New,Referral,1
4714,Chennai,Tamil Nadu,2024-08-17,Regular,Email,9
4715,Surat,Gujarat,2024-06-05,New,Email,1
4716,Kolkata,West Bengal,2024-08-03,Inactive,Email,2
4717,Lucknow,Uttar Pradesh,2024-05-17,Regular,Organic Search,8
4718,Patna,Bihar,2024-03-04,Premium,App Install,35
4719,Bengaluru,Karnataka,2023-07-28,New,Paid Ads,2
4720,Nagpur,Maharashtra,2023-04-03,New,Referral,3
4721,Mumbai,Maharashtra,2023-01-07,New,Email,2
4722,Indore,Madhya Pradesh,2023-11-12,Inactive,Email,3
4723,Nagpur,Maharashtra,2023-06-25,New,Referral,3
4724,Mumbai,Maharashtra,2023-10-26,Regular,Paid Ads,4
4725,Hyderabad,Telangana,2023-07-31,New,App Install,3
4726,Kolkata,West Bengal,2024-08-28,New,Email,3
4727,Chandigarh,Punjab,2023-08-29,Regular,Organic Search,11
4728,Bhopal,Madhya Pradesh,2023-12-01,Regular,Social Media,4
4729,Delhi,Delhi,2023-04-26,Premium,Social Media,37
4730,Nagpur,Maharashtra,2024-08-02,Regular,Email,17
4731,Mumbai,Maharashtra,2024-04-05,Regular,Organic Search,16
4732,Ahmedabad,Gujarat,2024-09-05,Inactive,Paid Ads,1
4733,Kolkata,West Bengal,2024-09-23,New,Social Media,3
4734,Kochi,Kerala,2024-03-25,New,Paid Ads,1
4735,Nagpur,Maharashtra,2024-01-12,Regular,Social Media,20
4736,Kochi,Kerala,2023-06-16,Regular,Social Media,11
4737,Mumbai,Maharashtra,2024-07-28,Regular,Email,12
4738,Kochi,Kerala,2023-09-09,Regular,Organic Search,8
4739,Bhopal,Madhya Pradesh,2023-03-19,Regular,Referral,7
4740,Chennai,Tamil Nadu,2024-02-29,Regular,Referral,20
4741,Ahmedabad,Gujarat,2023-01-06,Regular,Referral,16
4742,Agra,Uttar Pradesh,2023-10-05,New,App Install,1
4743,Delhi,Delhi,2023-04-27,New,Social Media,3
4744,Pune,Maharashtra,2024-06-24,Regular,Email,5
4745,Kochi,Kerala,2023-04-16,Regular,Referral,12
4746,Surat,Gujarat,2024-08-17,New,App Install,3
4747,Hyderabad,Telangana,2023-05-26,Regular,App Install,20
4748,Surat,Gujarat,2023-04-06,Regular,Social Media,4
4749,Lucknow,Uttar Pradesh,2023-07-24,Regular,Referral,5
4750,Vadodara,Gujarat,2023-04-28,Regular,Referral,5
4751,Mumbai,Maharashtra,2024-09-05,Inactive,Paid Ads,4
4752,Chennai,Tamil Nadu,2023-11-02,Regular,Organic Search,18
4753,Surat,Gujarat,2023-02-19,New,Paid Ads,1
4754,Pune,Maharashtra,2024-06-09,Regular,App Install,5
4755,Ahmedabad,Gujarat,2024-06-14,Regular,App Install,6
4756,Hyderabad,Telangana,2024-04-10,Inactive,Paid Ads,4
4757,Pune,Maharashtra,2023-06-03,Premium,Email,25
4758,Ahmedabad,Gujarat,2024-09-07,Regular,Referral,9
4759,Bhopal,Madhya Pradesh,2023-10-31,Regular,Social Media,20
4760,Chennai,Tamil Nadu,2023-12-01,Regular,Organic Search,4
4761,Agra,Uttar Pradesh,2024-04-13,Regular,Paid Ads,20
4762,Surat,Gujarat,2024-06-03,New,App Install,3
4763,Coimbatore,Tamil Nadu,2023-12-14,Regular,Email,9
4764,Bhopal,Madhya Pradesh,2024-04-23,Inactive,App Install,3
4765,Kochi,Kerala,2023-04-01,Regular,Organic Search,17
4766,Kochi,Kerala,2024-07-06,Premium,Organic Search,42
4767,Coimbatore,Tamil Nadu,2024-08-29,Regular,App Install,7
4768,Mumbai,Maharashtra,2024-09-06,Regular,Referral,7
4769,Indore,Madhya Pradesh,2023-06-25,New,Referral,2
4770,Kolkata,West Bengal,2024-02-06,Regular,Paid Ads,4
4771,Hyderabad,Telangana,2024-07-24,New,Organic Search,3
4772,Kochi,Kerala,2023-05-17,Regular,Organic Search,11
4773,Nagpur,Maharashtra,2024-10-01,Regular,Organic Search,18
4774,Delhi,Delhi,2023-02-28,New,App Install,1
4775,Ahmedabad,Gujarat,2024-03-07,Premium,Paid Ads,58
4776,Agra,Uttar Pradesh,2023-09-28,Regular,Social Media,12
4777,Bhopal,Madhya Pradesh,2023-08-12,Regular,Social Media,16
4778,Bhopal,Madhya Pradesh,2023-07-08,New,App Install,2
4779,Chennai,Tamil Nadu,2023-12-09,Premium,Email,58
4780,Chennai,Tamil Nadu,2024-05-11,Inactive,Organic Search,1
4781,Hyderabad,Telangana,2023-07-02,Regular,Organic Search,13
4782,Agra,Uttar Pradesh,2023-05-27,New,Social Media,1
4783,Vadodara,Gujarat,2024-01-18,New,Paid Ads,2
4784,Pune,Maharashtra,2024-09-02,Premium,Organic Search,52
4785,Surat,Gujarat,2023-04-03,Regular,Paid Ads,11
4786,Chennai,Tamil Nadu,2024-04-14,Regular,Social Media,11
4787,Bengaluru,Karnataka,2023-01-10,New,Paid Ads,3
4788,Surat,Gujarat,2023-09-30,New,Email,2
4789,Coimbatore,Tamil Nadu,2024-02-19,Regular,App Install,5
4790,Kochi,Kerala,2023-09-13,Regular,Email,16
4791,Pune,Maharashtra,2024-04-04,New,Organic Search,1
4792,Patna,Bihar,2023-10-28,Premium,Paid Ads,39
4793,Surat,Gujarat,2023-11-22,Regular,Paid Ads,13
4794,Bengaluru,Karnataka,2023-02-13,Premium,Social Media,37
4795,Agra,Uttar Pradesh,2023-08-16,New,App Install,2
4796,Agra,Uttar Pradesh,2023-09-19,New,Email,1
4797,Bengaluru,Karnataka,2024-06-29,New,Referral,2
4798,Vadodara,Gujarat,2023-10-13,Premium,App Install,16
4799,Vadodara,Gujarat,2023-09-06,Regular,Referral,12
4800,Pune,Maharashtra,2024-06-06,New,Email,1
4801,Indore,Madhya Pradesh,2023-05-02,Regular,Social Media,18
4802,Vadodara,Gujarat,2024-05-25,Inactive,Paid Ads,5
4803,Bengaluru,Karnataka,2024-01-14,Regular,Social Media,16
4804,Pune,Maharashtra,2024-02-25,Regular,Paid Ads,10
4805,Kochi,Kerala,2023-05-11,Inactive,Paid Ads,4
4806,Patna,Bihar,2023-02-09,New,Referral,2
4807,Chandigarh,Punjab,2024-04-19,Regular,Email,20
4808,Kochi,Kerala,2024-02-22,Regular,Social Media,6
4809,Jaipur,Rajasthan,2023-05-13,New,Social Media,3
4810,Jaipur,Rajasthan,2023-11-14,New,Email,2
4811,Jaipur,Rajasthan,2023-06-28,Regular,Paid Ads,5
4812,Vadodara,Gujarat,2023-09-20,New,Paid Ads,3
4813,Kochi,Kerala,2024-06-21,New,Referral,1
4814,Vadodara,Gujarat,2023-06-19,New,Referral,3
4815,Kolkata,West Bengal,2024-09-26,Regular,Paid Ads,4
4816,Chandigarh,Punjab,2024-01-29,Premium,Referral,40
4817,Bengaluru,Karnataka,2023-03-16,Regular,Referral,17
4818,Hyderabad,Telangana,2023-07-01,New,Paid Ads,2
4819,Chandigarh,Punjab,2024-01-22,New,Email,3
4820,Bhopal,Madhya Pradesh,2024-09-07,Regular,App Install,8
4821,Kolkata,West Bengal,2024-08-25,Inactive,App Install,5
4822,Indore,Madhya Pradesh,2024-07-15,Premium,Paid Ads,28
4823,Chennai,Tamil Nadu,2023-11-25,Premium,Email,45
4824,Chennai,Tamil Nadu,2024-02-14,Regular,Email,20
4825,Nagpur,Maharashtra,2024-04-20,Premium,App Install,46
4826,Ahmedabad,Gujarat,2024-04-06,Regular,Email,9
4827,Nagpur,Maharashtra,2024-01-17,Inactive,Referral,1
4828,Lucknow,Uttar Pradesh,2023-11-05,Regular,Organic Search,11
4829,Surat,Gujarat,2023-09-18,Regular,Email,9
4830,Bhopal,Madhya Pradesh,2023-02-20,Regular,Email,12
4831,Patna,Bihar,2024-09-14,New,Paid Ads,1
4832,Ahmedabad,Gujarat,2023-12-02,Premium,Paid Ads,53
4833,Kochi,Kerala,2024-06-24,Regular,App Install,10
4834,Lucknow,Uttar Pradesh,2024-09-05,New,Organic Search,1
4835,Bengaluru,Karnataka,2023-05-10,Premium,Referral,15
4836,Hyderabad,Telangana,2023-01-31,Regular,Organic Search,6
4837,Mumbai,Maharashtra,2023-10-24,Regular,Social Media,5
4838,Chandigarh,Punjab,2024-04-22,New,Referral,1
4839,Mumbai,Maharashtra,2024-09-23,Regular,App Install,6
4840,Kolkata,West Bengal,2023-11-09,Inactive,App Install,2
4841,Jaipur,Rajasthan,2023-02-04,Regular,Social Media,6
4842,Patna,Bihar,2023-08-11,Regular,Social Media,7
4843,Agra,Uttar Pradesh,2023-01-18,Regular,Paid Ads,20
4844,Chandigarh,Punjab,2024-08-11,Regular,Referral,14
4845,Delhi,Delhi,2023-06-05,New,App Install,3
4846,Vadodara,Gujarat,2024-04-26,Regular,Paid Ads,5
4847,Agra,Uttar Pradesh,2024-08-28,Regular,Email,17
4848,Kochi,Kerala,2023-12-02,New,App Install,2
4849,Lucknow,Uttar Pradesh,2023-11-01,Regular,Paid Ads,8
4850,Pune,Maharashtra,2023-10-31,Regular,Organic Search,14
4851,Lucknow,Uttar Pradesh,2024-09-27,New,App Install,3
4852,Chennai,Tamil Nadu,2023-06-04,Regular,Organic Search,20
4853,Jaipur,Rajasthan,2023-07-07,Regular,Paid Ads,14
4854,Mumbai,Maharashtra,2023-08-26,Inactive,Organic Search,5
4855,Patna,Bihar,2024-05-11,Regular,Referral,17
4856,Ahmedabad,Gujarat,2024-09-15,New,Organic Search,3
4857,Pune,Maharashtra,2023-09-25,Inactive,Email,5
4858,Bhopal,Madhya Pradesh,2024-02-15,Inactive,Paid Ads,5
4859,Patna,Bihar,2024-07-12,Regular,Organic Search,15
4860,Indore,Madhya Pradesh,2024-02-16,Premium,Email,23
4861,Surat,Gujarat,2023-01-05,New,Organic Search,2
4862,Kochi,Kerala,2024-01-09,Inactive,Paid Ads,1
4863,Chandigarh,Punjab,2024-04-04,Regular,Email,17
4864,Surat,Gujarat,2024-02-23,Inactive,Organic Search,5
4865,Lucknow,Uttar Pradesh,2024-03-16,Regular,Email,14
4866,Coimbatore,Tamil Nadu,2024-05-06,Regular,Paid Ads,13
4867,Mumbai,Maharashtra,2023-01-07,Premium,Social Media,30
4868,Agra,Uttar Pradesh,2023-11-11,Regular,Referral,12
4869,Surat,Gujarat,2023-05-04,New,App Install,1
4870,Ahmedabad,Gujarat,2023-11-22,Regular,Paid Ads,6
4871,Patna,Bihar,2023-07-18,Regular,Referral,14
4872,Indore,Madhya Pradesh,2024-02-19,Premium,Organic Search,15
4873,Surat,Gujarat,2023-02-23,Regular,Referral,19
4874,Bhopal,Madhya Pradesh,2024-05-22,Premium,Paid Ads,56
4875,Mumbai,Maharashtra,2023-06-23,Premium,Organic Search,46
4876,Kolkata,West Bengal,2023-12-25,New,Organic Search,1
4877,Ahmedabad,Gujarat,2024-03-05,Premium,Organic Search,51
4878,Pune,Maharashtra,2023-07-03,Regular,Organic Search,8
4879,Coimbatore,Tamil Nadu,2023-12-08,Regular,Email,6
4880,Lucknow,Uttar Pradesh,2024-08-27,Inactive,Paid Ads,5
4881,Jaipur,Rajasthan,2024-05-10,Regular,Paid Ads,10
4882,Bhopal,Madhya Pradesh,2024-04-15,Regular,Organic Search,10
4883,Delhi,Delhi,2023-11-02,Regular,App Install,9
4884,Surat,Gujarat,2023-10-28,Regular,Social Media,12
4885,Bengaluru,Karnataka,2024-04-04,Regular,Social Media,4
4886,Coimbatore,Tamil Nadu,2023-10-05,Inactive,Referral,4
4887,Lucknow,Uttar Pradesh,2023-01-27,Premium,Referral,49
4888,Patna,Bihar,2024-03-01,Regular,Paid Ads,11
4889,Bengaluru,Karnataka,2023-11-19,New,Organic Search,1
4890,Chandigarh,Punjab,2024-04-26,Regular,Referral,14
4891,Vadodara,Gujarat,2023-03-20,Inactive,Email,1
4892,Nagpur,Maharashtra,2024-04-27,Regular,App Install,5
4893,Bengaluru,Karnataka,2024-07-24,Regular,Social Media,6
4894,Jaipur,Rajasthan,2024-05-09,Regular,App Install,11
4895,Lucknow,Uttar Pradesh,2023-06-20,New,Email,3
4896,Hyderabad,Telangana,2023-12-22,Inactive,Organic Search,3
4897,Indore,Madhya Pradesh,2023-12-27,New,Referral,1
4898,Patna,Bihar,2023-09-19,New,Organic Search,3
4899,Chennai,Tamil Nadu,2023-03-17,New,Email,2
4900,Lucknow,Uttar Pradesh,2024-06-05,Inactive,Organic Search,3
4901,Kolkata,West Bengal,2023-12-21,Regular,Email,6
4902,Nagpur,Maharashtra,2023-04-08,Premium,Social Media,43
4903,Vadodara,Gujarat,2023-09-24,Inactive,Social Media,5
4904,Chandigarh,Punjab,2024-02-06,Premium,App Install,38
4905,Patna,Bihar,2023-09-12,Premium,Email,57
4906,Bengaluru,Karnataka,2023-04-30,New,Referral,1
4907,Bengaluru,Karnataka,2024-05-18,Inactive,Referral,1
4908,Jaipur,Rajasthan,2023-02-21,New,Social Media,1
4909,Ahmedabad,Gujarat,2024-08-24,Inactive,Paid Ads,1
4910,Surat,Gujarat,2023-11-15,Premium,Social Media,34
4911,Ahmedabad,Gujarat,2023-05-01,Regular,Email,12
4912,Chandigarh,Punjab,2023-01-19,New,Paid Ads,3
4913,Surat,Gujarat,2024-07-13,Regular,Paid Ads,9
4914,Vadodara,Gujarat,2023-03-25,New,Email,1
4915,Ahmedabad,Gujarat,2023-08-03,Premium,Email,39
4916,Ahmedabad,Gujarat,2024-02-08,New,Paid Ads,3
4917,Chandigarh,Punjab,2023-02-10,Premium,Paid Ads,47
4918,Vadodara,Gujarat,2024-01-16,Regular,Email,16
4919,Indore,Madhya Pradesh,2023-10-13,Premium,App Install,59
4920,Nagpur,Maharashtra,2023-01-22,Inactive,App Install,4
4921,Hyderabad,Telangana,2024-06-30,Regular,Email,4
4922,Kochi,Kerala,2023-06-05,Regular,Referral,14
4923,Hyderabad,Telangana,2023-06-11,Regular,Email,14
4924,Patna,Bihar,2023-04-03,Inactive,Referral,3
4925,Jaipur,Rajasthan,2024-03-23,Regular,App Install,10
4926,Pune,Maharashtra,2023-07-28,New,App Install,1
4927,Chandigarh,Punjab,2023-12-17,New,App Install,2
4928,Jaipur,Rajasthan,2023-05-16,Regular,Paid Ads,5
4929,Bhopal,Madhya Pradesh,2023-07-14,New,Email,2
4930,Bengaluru,Karnataka,2023-11-04,New,Social Media,1
4931,Bengaluru,Karnataka,2024-05-30,New,Email,1
4932,Chennai,Tamil Nadu,2024-03-18,Premium,Referral,17
4933,Bhopal,Madhya Pradesh,2024-06-01,Premium,App Install,53
4934,Kolkata,West Bengal,2024-07-25,New,Referral,1
4935,Lucknow,Uttar Pradesh,2024-09-02,Regular,Paid Ads,5
4936,Kochi,Kerala,2023-05-01,Regular,Email,6
4937,Surat,Gujarat,2024-07-07,Regular,App Install,13
4938,Mumbai,Maharashtra,2023-08-16,New,Organic Search,1
4939,Kochi,Kerala,2023-07-24,Premium,App Install,24
4940,Chennai,Tamil Nadu,2024-02-04,Inactive,Referral,1
4941,Indore,Madhya Pradesh,2023-04-09,Regular,Social Media,12
4942,Lucknow,Uttar Pradesh,2024-07-20,Regular,Social Media,5
4943,Jaipur,Rajasthan,2023-12-18,Regular,Paid Ads,16
4944,Delhi,Delhi,2023-09-04,New,Paid Ads,3
4945,Bhopal,Madhya Pradesh,2023-05-03,New,Organic Search,3
4946,Chennai,Tamil Nadu,2024-02-17,Premium,Organic Search,33
4947,Surat,Gujarat,2024-04-10,Inactive,App Install,2
4948,Bhopal,Madhya Pradesh,2023-05-31,Regular,Organic Search,14
4949,Indore,Madhya Pradesh,2023-08-20,Regular,Email,19
4950,Coimbatore,Tamil Nadu,2023-01-08,Premium,Referral,45
4951,Mumbai,Maharashtra,2023-10-07,Regular,Social Media,12
4952,Bengaluru,Karnataka,2023-10-31,Regular,Referral,5
4953,Nagpur,Maharashtra,2024-06-28,Regular,App Install,8
4954,Mumbai,Maharashtra,2023-07-21,Regular,Organic Search,18
4955,Kochi,Kerala,2023-03-07,Regular,Social Media,16
4956,Nagpur,Maharashtra,2023-03-17,New,Email,3
4957,Coimbatore,Tamil Nadu,2023-12-14,New,App Install,1
4958,Kolkata,West Bengal,2024-08-13,Regular,Social Media,17
4959,Vadodara,Gujarat,2024-05-12,Regular,Referral,17
4960,Mumbai,Maharashtra,2023-05-16,New,Referral,1
4961,Jaipur,Rajasthan,2023-09-12,New,Social Media,3
4962,Hyderabad,Telangana,2024-08-13,Premium,Referral,15
4963,Nagpur,Maharashtra,2024-01-08,New,Paid Ads,1
4964,Bhopal,Madhya Pradesh,2023-05-22,New,App Install,2
4965,Nagpur,Maharashtra,2023-03-17,New,App Install,3
4966,Indore,Madhya Pradesh,2023-11-05,Regular,Organic Search,8
4967,Chandigarh,Punjab,2024-01-18,Regular,Referral,18
4968,Hyderabad,Telangana,2023-01-07,New,Paid Ads,2
4969,Lucknow,Uttar Pradesh,2024-06-13,Inactive,Referral,1
4970,Indore,Madhya Pradesh,2023-12-05,Inactive,Organic Search,4
4971,Vadodara,Gujarat,2023-08-31,New,Organic Search,2
4972,Delhi,Delhi,2024-02-10,Premium,Paid Ads,42
4973,Kolkata,West Bengal,2023-01-09,New,Social Media,1
4974,Ahmedabad,Gujarat,2023-05-13,Inactive,App Install,5
4975,Ahmedabad,Gujarat,2023-03-31,Inactive,App Install,4
4976,Delhi,Delhi,2023-09-30,New,Organic Search,3
4977,Jaipur,Rajasthan,2024-07-12,Regular,Email,7
4978,Indore,Madhya Pradesh,2023-01-12,Inactive,Paid Ads,5
4979,Kolkata,West Bengal,2023-02-14,Inactive,Email,1
4980,Bengaluru,Karnataka,2023-06-18,Regular,Organic Search,11
4981,Nagpur,Maharashtra,2023-01-30,Regular,Paid Ads,15
4982,Kolkata,West Bengal,2023-05-19,New,Organic Search,3
4983,Surat,Gujarat,2023-09-26,Regular,Social Media,9
4984,Surat,Gujarat,2023-07-24,New,Referral,2
4985,Nagpur,Maharashtra,2024-08-05,Regular,Referral,15
4986,Bhopal,Madhya Pradesh,2023-08-25,Inactive,Organic Search,5
4987,Bengaluru,Karnataka,2023-07-11,New,Referral,1
4988,Patna,Bihar,2023-02-20,New,Email,3
4989,Bhopal,Madhya Pradesh,2024-06-30,Regular,Referral,5
4990,Agra,Uttar Pradesh,2023-05-17,New,Referral,2
4991,Lucknow,Uttar Pradesh,2024-05-19,Regular,Social Media,14
4992,Nagpur,Maharashtra,2023-09-21,Premium,Social Media,55
4993,Vadodara,Gujarat,2024-08-27,New,Paid Ads,1
4994,Agra,Uttar Pradesh,2023-11-23,Regular,Social Media,13
4995,Kolkata,West Bengal,2023-10-20,Premium,Social Media,29
4996,Bhopal,Madhya Pradesh,2024-06-10,Inactive,Organic Search,1
4997,Pune,Maharashtra,2024-07-24,Regular,Organic Search,7
4998,Surat,Gujarat,2024-07-15,Inactive,Email,4
4999,Agra,Uttar Pradesh,2023-12-23,New,App Install,2
5000,Ahmedabad,Gujarat,2024-06-26,New,Paid Ads,2
