product_id,category,subcategory,brand,mrp,avg_rating,listing_date
1,Fashion,Footwear,H&M,2700.0,4.2,2022-03-10
2,Sports,Footwear,Cosco,6680.0,4.4,2023-01-14
3,Fashion,Footwear,H&M,9880.0,4.1,2023-06-06
4,Fashion,Footwear,H&M,4000.0,4.3,2022-04-07
5,Beauty,Fragrances,Nykaa,2840.0,2.9,2022-12-05
6,Sports,Footwear,Cosco,8670.0,3.9,2022-08-02
7,Electronics,Laptops,Samsung,23170.0,3.9,2022-07-29
8,Fashion,Accessories,H&M,4890.0,3.6,2022-08-16
9,Home & Kitchen,Decor,Prestige,19210.0,4.6,2022-03-04
10,Fashion,Footwear,H&M,8770.0,3.6,2022-11-04
11,Beauty,Skincare,Mamaearth,120.0,4.0,2022-07-15
12,Electronics,Tablets,Mi,138620.0,3.1,2022-01-09
13,Books,Children,HarperCollins,600.0,4.4,2022-06-20
14,Beauty,Fragrances,L'Oreal,2330.0,4.4,2022-04-29
15,Electronics,Tablets,OnePlus,21460.0,3.1,2023-05-08
16,Books,Comics,Westland,280.0,4.5,2022-03-04
17,Electronics,Smartwatches,Samsung,22390.0,2.9,2022-05-25
18,Books,Academic,HarperCollins,270.0,4.3,2023-05-16
19,Fashion,Men Clothing,Myntra,7440.0,3.9,2023-04-03
20,Beauty,Skincare,Himalaya,4190.0,4.5,2023-03-14
21,Electronics,Tablets,Mi,94820.0,3.0,2023-01-09
22,Books,Comics,Westland,410.0,3.7,2023-04-12
23,Beauty,Makeup,Lakme,3070.0,4.4,2023-01-22
24,Sports,Cricket,Adidas,5890.0,3.4,2022-01-18
25,Sports,Footwear,Adidas,3400.0,4.6,2022-10-16
26,Fashion,Accessories,Biba,7180.0,3.2,2023-04-15
27,Sports,Cricket,Nivia,3810.0,4.6,2022-03-19
28,Grocery,Beverages,ITC,980.0,4.3,2023-04-15
29,Electronics,Earphones,Realme,43030.0,4.3,2023-03-08
30,Electronics,Smartphones,OnePlus,74180.0,4.2,2022-04-28
31,Electronics,Earphones,Samsung,111910.0,3.0,2022-03-12
32,Beauty,Haircare,L'Oreal,140.0,3.9,2022-05-18
33,Beauty,Makeup,Himalaya,2900.0,3.3,2022-09-25
34,Grocery,Dairy,Nestle,610.0,4.7,2022-07-28
35,Fashion,Footwear,Myntra,5170.0,4.4,2023-01-02
36,Beauty,Skincare,Himalaya,1010.0,3.4,2023-02-17
37,Beauty,Personal Care,Lakme,4110.0,3.6,2023-06-02
38,Beauty,Fragrances,Nykaa,3430.0,3.3,2022-06-09
39,Electronics,Laptops,Samsung,141390.0,4.9,2022-05-23
40,Grocery,Dairy,Amul,380.0,4.5,2022-05-26
41,Home & Kitchen,Bedding,Cello,10120.0,4.7,2022-06-20
42,Books,Children,HarperCollins,360.0,2.9,2022-02-05
43,Books,Non-Fiction,Penguin,590.0,4.3,2022-03-30
44,Home & Kitchen,Bedding,Prestige,9720.0,4.1,2022-12-13
45,Home & Kitchen,Furniture,Philips,14970.0,3.1,2022-07-27
46,Books,Fiction,HarperCollins,990.0,3.5,2023-03-07
47,Grocery,Snacks,Amul,610.0,4.5,2022-07-25
48,Grocery,Staples,Tata,910.0,2.9,2022-02-08
49,Sports,Fitness Equipment,SG,16450.0,4.1,2022-03-09
50,Sports,Outdoor,SG,2460.0,2.8,2022-11-14
51,Grocery,Personal Hygiene,Tata,200.0,4.2,2022-08-25
52,Home & Kitchen,Decor,Prestige,10190.0,4.7,2022-07-04
53,Sports,Fitness Equipment,SG,14840.0,2.9,2022-09-26
54,Books,Non-Fiction,Westland,470.0,3.0,2023-03-04
55,Beauty,Haircare,Himalaya,4590.0,2.9,2022-03-26
56,Fashion,Women Clothing,Biba,6420.0,3.9,2022-12-24
57,Grocery,Personal Hygiene,Nestle,790.0,4.8,2022-09-20
58,Grocery,Dairy,Tata,870.0,4.8,2022-08-14
59,Electronics,Smartphones,Samsung,146930.0,4.3,2022-08-06
60,Books,Non-Fiction,Penguin,870.0,3.8,2022-07-27
61,Sports,Outdoor,SG,10170.0,5.0,2022-04-07
62,Sports,Yoga,Nike,14990.0,3.1,2023-03-09
63,Sports,Cricket,Cosco,19970.0,4.4,2022-12-31
64,Books,Fiction,Penguin,460.0,3.9,2023-05-06
65,Books,Fiction,Scholastic,540.0,3.7,2022-05-09
66,Books,Comics,Scholastic,830.0,3.3,2022-08-30
67,Beauty,Personal Care,Himalaya,4540.0,4.3,2022-01-26
68,Electronics,Smartwatches,Sony,117460.0,3.2,2023-02-16
69,Fashion,Kids Wear,H&M,2000.0,3.8,2023-03-31
70,Sports,Yoga,Nike,11480.0,4.3,2023-04-04
71,Books,Children,Penguin,950.0,5.0,2022-11-29
72,Fashion,Women Clothing,W,9180.0,4.1,2022-01-01
73,Beauty,Makeup,Himalaya,2960.0,4.6,2022-04-19
74,Fashion,Footwear,Myntra,6300.0,3.9,2022-06-05
75,Beauty,Makeup,Himalaya,4200.0,3.6,2022-01-26
76,Sports,Cricket,SG,7510.0,4.4,2022-01-26
77,Home & Kitchen,Cookware,Prestige,27570.0,4.9,2022-10-25
78,Electronics,Smartwatches,Samsung,133840.0,4.5,2022-12-04
79,Beauty,Personal Care,Himalaya,1020.0,3.0,2022-05-23
80,Sports,Footwear,Cosco,7150.0,3.0,2023-06-30
81,Beauty,Skincare,Biotique,660.0,4.9,2023-06-23
82,Beauty,Skincare,Lakme,4380.0,3.6,2022-02-14
83,Electronics,Tablets,Apple,39650.0,4.1,2022-07-05
84,Sports,Outdoor,SG,16740.0,3.9,2023-04-20
85,Electronics,Laptops,Realme,2990.0,3.1,2022-07-20
86,Electronics,Smartphones,Samsung,109800.0,3.1,2022-01-14
87,Electronics,Tablets,boAt,125420.0,2.9,2022-10-09
88,Fashion,Kids Wear,Puma,9700.0,3.7,2022-12-19
89,Fashion,Women Clothing,H&M,2420.0,3.2,2022-08-04
90,Grocery,Staples,Dabur,570.0,3.6,2022-02-12
91,Electronics,Smartwatches,Realme,29740.0,4.9,2022-09-25
92,Grocery,Snacks,Amul,660.0,3.7,2022-09-23
93,Books,Comics,Westland,430.0,3.8,2022-10-23
94,Electronics,Earphones,boAt,132680.0,4.3,2022-10-11
95,Home & Kitchen,Bedding,Pigeon,28840.0,3.6,2023-02-22
96,Books,Children,Rupa,140.0,3.6,2023-05-20
97,Grocery,Snacks,Nestle,660.0,3.4,2023-01-17
98,Fashion,Footwear,Myntra,7300.0,3.4,2023-03-16
99,Sports,Yoga,Nivia,16490.0,3.6,2023-06-11
100,Fashion,Footwear,W,2140.0,3.5,2022-08-23
101,Books,Academic,Scholastic,950.0,4.2,2023-03-03
102,Grocery,Dairy,ITC,450.0,3.7,2022-11-03
103,Sports,Footwear,Adidas,3250.0,4.7,2023-04-17
104,Beauty,Makeup,Himalaya,2410.0,4.8,2022-10-25
105,Fashion,Women Clothing,Puma,8860.0,3.7,2022-08-12
106,Books,Academic,Rupa,320.0,4.9,2023-03-17
107,Sports,Footwear,SG,830.0,2.9,2022-11-09
108,Home & Kitchen,Cookware,IKEA,29840.0,2.9,2022-06-29
109,Sports,Footwear,Cosco,9380.0,4.4,2022-01-09
110,Electronics,Smartwatches,Apple,42410.0,4.8,2022-07-20
111,Sports,Fitness Equipment,Nivia,9450.0,3.3,2023-05-17
112,Fashion,Kids Wear,Myntra,2840.0,4.5,2022-12-20
113,Books,Fiction,HarperCollins,610.0,2.9,2023-03-08
114,Fashion,Footwear,W,9930.0,3.0,2022-02-09
115,Books,Non-Fiction,Penguin,370.0,3.6,2022-07-09
116,Sports,Fitness Equipment,Decathlon,4350.0,3.3,2022-03-08
117,Fashion,Accessories,W,2790.0,4.3,2022-08-27
118,Grocery,Snacks,Amul,630.0,4.6,2022-12-05
119,Fashion,Men Clothing,Puma,7270.0,4.8,2022-04-25
120,Fashion,Women Clothing,Biba,3650.0,2.9,2022-06-20
121,Beauty,Makeup,Mamaearth,4440.0,4.6,2022-06-02
122,Sports,Outdoor,Nivia,7730.0,3.2,2022-12-19
123,Electronics,Smartphones,Mi,54840.0,3.3,2022-07-17
124,Sports,Footwear,Decathlon,5990.0,4.9,2022-09-23
125,Books,Children,Penguin,820.0,4.6,2022-03-24
126,Sports,Cricket,Decathlon,2060.0,3.8,2022-11-08
127,Home & Kitchen,Decor,IKEA,22720.0,3.3,2023-04-10
128,Books,Fiction,Westland,220.0,3.2,2022-04-21
129,Beauty,Fragrances,Mamaearth,1310.0,3.4,2022-04-08
130,Grocery,Snacks,Tata,680.0,4.6,2023-01-19
131,Beauty,Haircare,L'Oreal,1360.0,3.0,2023-03-11
132,Electronics,Tablets,OnePlus,79090.0,3.9,2023-03-29
133,Beauty,Haircare,Lakme,2990.0,4.9,2023-03-11
134,Sports,Cricket,Nike,12150.0,3.7,2022-01-21
135,Grocery,Snacks,Britannia,610.0,4.9,2023-03-23
136,Books,Children,Penguin,380.0,2.9,2022-12-04
137,Books,Comics,Scholastic,580.0,4.8,2022-05-09
138,Books,Children,Westland,300.0,4.6,2022-06-27
139,Grocery,Snacks,Nestle,790.0,4.6,2023-06-28
140,Sports,Yoga,Nike,6310.0,3.6,2022-04-03
141,Books,Academic,HarperCollins,150.0,3.6,2022-09-06
142,Beauty,Makeup,Nykaa,330.0,4.3,2022-06-29
143,Grocery,Snacks,Tata,270.0,3.1,2023-01-06
144,Grocery,Beverages,Amul,400.0,3.2,2022-03-07
145,Electronics,Earphones,OnePlus,88770.0,4.4,2022-09-22
146,Fashion,Men Clothing,W,8540.0,3.2,2022-11-03
147,Fashion,Accessories,W,3850.0,4.8,2022-03-28
148,Electronics,Laptops,Realme,147210.0,3.9,2022-05-02
149,Books,Fiction,Rupa,110.0,3.1,2022-04-28
150,Books,Children,Scholastic,210.0,4.8,2022-12-14
151,Grocery,Staples,Amul,240.0,3.2,2022-04-25
152,Grocery,Dairy,ITC,690.0,3.0,2022-02-24
153,Books,Comics,Westland,300.0,4.2,2022-06-10
154,Electronics,Tablets,Mi,37300.0,4.0,2022-03-19
155,Grocery,Beverages,Amul,240.0,3.8,2023-05-11
156,Electronics,Smartphones,OnePlus,20970.0,3.9,2023-04-08
157,Beauty,Skincare,L'Oreal,3250.0,3.6,2022-03-24
158,Home & Kitchen,Furniture,Prestige,7780.0,3.5,2022-01-11
159,Grocery,Snacks,Tata,160.0,4.2,2023-06-18
160,Fashion,Kids Wear,FabIndia,5640.0,2.9,2022-08-07
161,Books,Academic,Rupa,890.0,3.2,2022-11-20
162,Sports,Outdoor,Cosco,15270.0,2.9,2022-02-18
163,Home & Kitchen,Cookware,Cello,23470.0,4.5,2022-10-07
164,Beauty,Fragrances,Biotique,1800.0,4.2,2022-05-30
165,Fashion,Accessories,W,5150.0,2.9,2022-09-07
166,Grocery,Personal Hygiene,Dabur,160.0,3.2,2022-02-19
167,Grocery,Beverages,Tata,270.0,3.4,2022-03-03
168,Electronics,Tablets,OnePlus,24370.0,2.8,2022-08-29
169,Sports,Yoga,Adidas,7360.0,3.3,2022-02-02
170,Grocery,Personal Hygiene,Dabur,220.0,4.4,2023-02-01
171,Sports,Fitness Equipment,Nivia,15640.0,3.7,2023-03-02
172,Grocery,Staples,ITC,550.0,4.3,2022-03-30
173,Books,Children,HarperCollins,760.0,4.1,2023-04-23
174,Books,Comics,Scholastic,730.0,4.2,2023-03-15
175,Beauty,Haircare,Lakme,310.0,3.6,2022-03-24
176,Home & Kitchen,Cookware,Prestige,29000.0,4.8,2023-04-13
177,Electronics,Smartwatches,Apple,40710.0,3.6,2022-01-29
178,Grocery,Personal Hygiene,Britannia,340.0,3.2,2023-04-15
179,Electronics,Tablets,OnePlus,12600.0,3.0,2022-03-24
180,Sports,Footwear,Nivia,6220.0,3.4,2023-01-08
181,Beauty,Personal Care,L'Oreal,790.0,3.7,2022-12-13
182,Beauty,Skincare,Himalaya,1010.0,3.7,2022-03-22
183,Fashion,Accessories,FabIndia,7400.0,4.6,2023-05-29
184,Sports,Outdoor,Adidas,16960.0,3.3,2022-12-29
185,Beauty,Skincare,Mamaearth,3740.0,4.5,2023-01-26
186,Grocery,Dairy,Britannia,240.0,2.9,2023-01-08
187,Beauty,Haircare,L'Oreal,580.0,4.0,2023-06-22
188,Beauty,Makeup,Lakme,910.0,3.1,2022-10-23
189,Books,Children,Penguin,370.0,4.5,2023-01-26
190,Fashion,Accessories,FabIndia,2210.0,3.3,2022-10-31
191,Books,Fiction,Penguin,820.0,3.7,2022-04-10
192,Books,Academic,HarperCollins,660.0,3.0,2022-07-10
193,Home & Kitchen,Appliances,Philips,3560.0,3.7,2023-06-29
194,Books,Children,HarperCollins,900.0,3.7,2023-05-06
195,Electronics,Earphones,boAt,47320.0,4.0,2023-02-01
196,Sports,Yoga,Cosco,18550.0,3.3,2022-08-25
197,Electronics,Smartphones,OnePlus,81420.0,3.9,2022-08-22
198,Beauty,Haircare,Biotique,4230.0,4.5,2022-07-05
199,Books,Non-Fiction,Scholastic,200.0,4.2,2023-05-10
200,Electronics,Smartwatches,OnePlus,89950.0,3.4,2022-02-14
201,Home & Kitchen,Cookware,Milton,22340.0,4.3,2022-04-07
202,Electronics,Tablets,boAt,25960.0,3.9,2022-10-15
203,Beauty,Skincare,Himalaya,1040.0,3.0,2022-04-27
204,Beauty,Personal Care,L'Oreal,3290.0,4.7,2023-05-07
205,Home & Kitchen,Bedding,Cello,18460.0,4.5,2023-06-18
206,Books,Academic,Scholastic,530.0,3.4,2023-04-05
207,Sports,Yoga,Nike,6450.0,4.8,2022-05-19
208,Electronics,Smartwatches,Samsung,17000.0,4.0,2023-02-24
209,Grocery,Beverages,Amul,370.0,4.4,2022-04-15
210,Electronics,Smartwatches,Samsung,74130.0,4.2,2022-11-17
211,Beauty,Haircare,Lakme,4970.0,3.2,2022-04-07
212,Fashion,Kids Wear,FabIndia,9810.0,3.6,2022-12-27
213,Beauty,Haircare,Biotique,4350.0,3.7,2023-03-05
214,Sports,Footwear,SG,8330.0,3.9,2023-06-04
215,Electronics,Smartphones,Mi,125960.0,3.3,2022-02-24
216,Beauty,Personal Care,Mamaearth,3520.0,3.1,2022-08-01
217,Books,Fiction,Westland,170.0,5.0,2022-12-23
218,Fashion,Women Clothing,Zara,4010.0,4.6,2022-07-19
219,Beauty,Skincare,Mamaearth,480.0,4.2,2023-06-24
220,Home & Kitchen,Decor,Cello,1290.0,4.7,2022-11-14
221,Books,Comics,Penguin,320.0,4.3,2023-01-01
222,Books,Academic,Rupa,560.0,3.5,2022-08-19
223,Home & Kitchen,Bedding,Philips,20470.0,4.8,2022-05-07
224,Fashion,Accessories,Puma,2930.0,4.4,2022-06-07
225,Fashion,Footwear,Puma,9620.0,3.6,2023-03-25
226,Grocery,Beverages,Tata,840.0,4.3,2022-07-08
227,Home & Kitchen,Appliances,Prestige,18950.0,4.7,2022-09-18
228,Grocery,Dairy,Amul,900.0,4.8,2022-04-19
229,Grocery,Snacks,Dabur,210.0,4.6,2022-05-05
230,Books,Comics,Westland,310.0,4.1,2023-01-02
231,Home & Kitchen,Cookware,Philips,21750.0,4.0,2022-11-22
232,Fashion,Men Clothing,Myntra,4020.0,4.5,2022-09-06
233,Electronics,Smartwatches,Mi,60290.0,4.3,2022-12-12
234,Grocery,Personal Hygiene,Tata,660.0,3.7,2022-11-10
235,Home & Kitchen,Appliances,Cello,14050.0,4.2,2022-02-02
236,Sports,Yoga,SG,17350.0,4.3,2023-04-17
237,Beauty,Haircare,Nykaa,3290.0,4.5,2022-04-06
238,Beauty,Fragrances,Himalaya,410.0,4.7,2022-08-09
239,Sports,Outdoor,Adidas,18700.0,3.8,2023-05-05
240,Books,Non-Fiction,Penguin,530.0,3.3,2022-10-28
241,Electronics,Laptops,OnePlus,20320.0,3.2,2022-06-24
242,Books,Academic,Penguin,720.0,4.0,2022-08-24
243,Grocery,Staples,Amul,680.0,3.3,2022-08-29
244,Beauty,Makeup,Nykaa,4520.0,3.0,2022-04-13
245,Books,Academic,Rupa,340.0,3.5,2022-10-05
246,Fashion,Men Clothing,H&M,6990.0,3.3,2023-01-12
247,Electronics,Tablets,OnePlus,66160.0,3.6,2022-04-04
248,Electronics,Tablets,boAt,98780.0,5.0,2023-03-03
249,Home & Kitchen,Cookware,Cello,24120.0,3.4,2022-11-13
250,Beauty,Makeup,Mamaearth,3140.0,4.2,2022-03-08
251,Fashion,Accessories,Zara,3330.0,4.6,2022-05-18
252,Home & Kitchen,Decor,Prestige,20590.0,4.2,2023-06-05
253,Grocery,Snacks,Amul,860.0,4.3,2022-03-14
254,Electronics,Laptops,OnePlus,57810.0,4.2,2022-07-05
255,Books,Comics,Scholastic,990.0,2.9,2022-06-28
256,Fashion,Accessories,FabIndia,7170.0,3.8,2023-03-10
257,Sports,Cricket,Adidas,11480.0,3.3,2023-01-28
258,Electronics,Tablets,OnePlus,14380.0,2.9,2022-07-16
259,Sports,Fitness Equipment,SG,15900.0,4.5,2022-11-09
260,Fashion,Footwear,Biba,6380.0,3.1,2022-01-03
261,Beauty,Fragrances,Biotique,970.0,4.4,2022-10-04
262,Beauty,Haircare,Mamaearth,4050.0,4.3,2022-08-24
263,Fashion,Footwear,H&M,4830.0,3.0,2023-06-24
264,Beauty,Fragrances,Himalaya,1350.0,2.9,2023-03-22
265,Grocery,Beverages,Nestle,200.0,3.3,2022-06-30
266,Beauty,Personal Care,Mamaearth,2820.0,3.6,2023-04-06
267,Home & Kitchen,Furniture,IKEA,24670.0,2.8,2022-12-22
268,Fashion,Kids Wear,Biba,9050.0,4.0,2023-01-18
269,Sports,Footwear,Cosco,16900.0,4.7,2022-09-12
270,Sports,Outdoor,SG,17500.0,3.7,2022-12-01
271,Fashion,Footwear,W,1140.0,4.7,2023-02-19
272,Home & Kitchen,Cookware,IKEA,13840.0,4.6,2023-06-20
273,Fashion,Men Clothing,Zara,7670.0,4.6,2022-12-15
274,Home & Kitchen,Furniture,Cello,15360.0,3.8,2022-10-09
275,Home & Kitchen,Appliances,Pigeon,12180.0,3.6,2023-03-21
276,Beauty,Fragrances,Himalaya,2740.0,4.1,2023-04-13
277,Electronics,Smartwatches,Realme,16420.0,4.3,2022-01-23
278,Grocery,Dairy,Britannia,80.0,4.7,2023-03-27
279,Electronics,Smartphones,Samsung,144520.0,3.3,2023-06-21
280,Home & Kitchen,Bedding,Prestige,10230.0,3.9,2023-01-03
281,Beauty,Fragrances,Biotique,1700.0,4.2,2022-03-20
282,Sports,Yoga,Cosco,18880.0,4.3,2023-01-29
283,Beauty,Makeup,Nykaa,2860.0,4.4,2022-07-05
284,Fashion,Footwear,Biba,2230.0,4.9,2023-03-22
285,Sports,Yoga,Decathlon,570.0,4.9,2022-10-12
286,Home & Kitchen,Cookware,Pigeon,10190.0,3.7,2022-08-23
287,Beauty,Makeup,Nykaa,320.0,4.6,2022-09-28
288,Fashion,Kids Wear,FabIndia,910.0,4.6,2022-06-21
289,Home & Kitchen,Bedding,Prestige,9160.0,2.9,2022-05-14
290,Home & Kitchen,Cookware,Pigeon,25810.0,4.0,2023-05-18
291,Beauty,Haircare,L'Oreal,4380.0,3.5,2022-03-15
292,Books,Children,HarperCollins,560.0,3.4,2022-09-08
293,Grocery,Dairy,Britannia,870.0,4.3,2022-07-20
294,Home & Kitchen,Appliances,IKEA,6780.0,4.4,2022-03-28
295,Electronics,Smartphones,Sony,114740.0,3.8,2023-01-22
296,Sports,Footwear,Nike,19340.0,4.1,2022-08-02
297,Electronics,Earphones,Realme,138140.0,4.7,2022-05-31
298,Grocery,Dairy,Amul,370.0,3.6,2023-05-02
299,Electronics,Laptops,boAt,49470.0,3.1,2022-07-18
300,Books,Children,HarperCollins,330.0,4.3,2022-08-05
301,Books,Comics,Rupa,460.0,4.5,2023-01-22
302,Books,Non-Fiction,HarperCollins,190.0,3.0,2022-06-04
303,Fashion,Women Clothing,Myntra,4510.0,3.7,2023-05-04
304,Books,Fiction,Westland,890.0,4.6,2023-04-03
305,Home & Kitchen,Decor,IKEA,13940.0,4.7,2022-06-27
306,Books,Children,HarperCollins,450.0,4.9,2023-04-01
307,Sports,Footwear,Nivia,1010.0,4.2,2023-05-16
308,Grocery,Dairy,Nestle,790.0,4.9,2023-01-19
309,Sports,Footwear,Nivia,5880.0,3.3,2022-10-20
310,Grocery,Personal Hygiene,Dabur,350.0,4.1,2022-07-14
311,Beauty,Fragrances,Nykaa,4400.0,4.7,2022-09-03
312,Beauty,Fragrances,L'Oreal,2160.0,3.8,2022-01-26
313,Home & Kitchen,Furniture,Prestige,28760.0,3.9,2023-04-24
314,Home & Kitchen,Cookware,IKEA,17980.0,3.6,2022-11-02
315,Electronics,Smartphones,OnePlus,113280.0,4.5,2022-08-01
316,Electronics,Tablets,Mi,9200.0,2.9,2022-02-17
317,Sports,Footwear,Nivia,860.0,3.7,2023-02-12
318,Home & Kitchen,Appliances,Philips,7420.0,3.4,2022-09-27
319,Home & Kitchen,Furniture,Cello,29500.0,4.6,2023-03-09
320,Home & Kitchen,Furniture,IKEA,28620.0,4.8,2022-05-14
321,Beauty,Fragrances,Lakme,3190.0,4.8,2022-01-14
322,Grocery,Staples,Nestle,480.0,4.7,2022-03-22
323,Electronics,Smartphones,Realme,37200.0,3.5,2023-01-06
324,Grocery,Dairy,Tata,110.0,4.3,2023-05-29
325,Sports,Yoga,Nivia,8100.0,3.5,2022-03-24
326,Electronics,Tablets,Samsung,102580.0,3.5,2022-08-09
327,Books,Children,Rupa,460.0,3.0,2022-11-10
328,Beauty,Fragrances,L'Oreal,4620.0,3.9,2023-02-23
329,Sports,Outdoor,Nivia,200.0,4.4,2023-02-26
330,Beauty,Fragrances,Himalaya,4440.0,4.4,2022-01-17
331,Books,Academic,HarperCollins,430.0,3.6,2023-01-19
332,Electronics,Tablets,Realme,93010.0,3.4,2022-06-18
333,Books,Non-Fiction,HarperCollins,100.0,3.2,2022-07-10
334,Beauty,Fragrances,Nykaa,4290.0,3.5,2023-05-08
335,Books,Non-Fiction,Scholastic,580.0,3.2,2022-06-09
336,Electronics,Earphones,Samsung,53500.0,3.3,2022-04-01
337,Sports,Outdoor,Cosco,840.0,3.9,2023-04-07
338,Grocery,Snacks,ITC,560.0,4.6,2022-09-17
339,Beauty,Personal Care,Nykaa,920.0,3.8,2022-11-06
340,Grocery,Snacks,Tata,210.0,4.1,2022-10-16
341,Electronics,Smartphones,Realme,131130.0,3.2,2022-08-20
342,Grocery,Personal Hygiene,Amul,650.0,4.6,2022-03-26
343,Sports,Outdoor,Cosco,6340.0,4.7,2023-05-24
344,Beauty,Makeup,Lakme,1100.0,4.9,2023-01-11
345,Electronics,Tablets,Realme,28590.0,3.1,2023-06-11
346,Home & Kitchen,Furniture,IKEA,27040.0,4.9,2022-11-22
347,Sports,Fitness Equipment,Decathlon,4360.0,4.2,2023-06-24
348,Grocery,Personal Hygiene,Nestle,650.0,4.3,2023-05-16
349,Sports,Yoga,Decathlon,7000.0,4.2,2022-03-01
350,Grocery,Personal Hygiene,Britannia,320.0,4.7,2022-03-19
351,Fashion,Kids Wear,FabIndia,3440.0,4.6,2022-04-24
352,Beauty,Fragrances,Nykaa,3810.0,3.2,2022-07-30
353,Grocery,Staples,Britannia,240.0,4.0,2022-04-04
354,Sports,Fitness Equipment,Nivia,1300.0,3.2,2023-06-30
355,Electronics,Earphones,Sony,58080.0,3.4,2022-06-27
356,Home & Kitchen,Furniture,Prestige,20740.0,4.7,2023-04-20
357,Books,Non-Fiction,Penguin,860.0,4.4,2022-04-15
358,Fashion,Men Clothing,W,3280.0,3.8,2022-07-17
359,Home & Kitchen,Cookware,Prestige,9010.0,3.7,2022-07-21
360,Fashion,Men Clothing,Myntra,8850.0,3.6,2022-07-20
361,Grocery,Staples,Tata,340.0,2.9,2022-03-02
362,Grocery,Beverages,Nestle,40.0,3.8,2022-04-01
363,Books,Fiction,Penguin,650.0,4.8,2023-02-22
364,Home & Kitchen,Appliances,Cello,9230.0,4.5,2022-11-24
365,Beauty,Fragrances,Biotique,4210.0,3.8,2022-11-09
366,Home & Kitchen,Decor,Prestige,23530.0,4.4,2022-07-08
367,Sports,Yoga,Nike,3000.0,4.9,2022-10-01
368,Home & Kitchen,Furniture,Prestige,12620.0,4.3,2022-04-16
369,Electronics,Smartwatches,Samsung,137700.0,4.4,2023-01-25
370,Books,Comics,Penguin,110.0,4.8,2023-06-24
371,Books,Non-Fiction,HarperCollins,700.0,3.1,2022-05-07
372,Beauty,Personal Care,Mamaearth,2140.0,3.9,2022-05-09
373,Fashion,Men Clothing,Biba,8140.0,3.6,2023-02-16
374,Fashion,Accessories,Puma,6260.0,4.5,2022-05-30
375,Electronics,Tablets,Apple,94900.0,3.9,2022-03-30
376,Books,Fiction,Penguin,410.0,3.3,2022-12-27
377,Beauty,Haircare,Mamaearth,2800.0,3.8,2022-07-26
378,Fashion,Women Clothing,Zara,660.0,4.2,2023-04-20
379,Grocery,Beverages,Britannia,360.0,3.9,2022-05-12
380,Home & Kitchen,Furniture,Cello,14000.0,3.1,2022-12-25
381,Electronics,Earphones,OnePlus,28350.0,4.4,2022-02-15
382,Home & Kitchen,Appliances,Pigeon,890.0,4.8,2023-06-13
383,Beauty,Skincare,L'Oreal,310.0,4.0,2022-06-27
384,Grocery,Snacks,Nestle,40.0,4.5,2022-11-04
385,Beauty,Makeup,L'Oreal,4780.0,3.7,2022-12-16
386,Electronics,Tablets,Samsung,38950.0,3.0,2023-05-30
387,Books,Comics,Scholastic,400.0,3.7,2022-09-23
388,Fashion,Men Clothing,Zara,9020.0,3.5,2022-12-29
389,Beauty,Haircare,Mamaearth,2620.0,3.9,2023-06-05
390,Sports,Outdoor,Nivia,17620.0,3.6,2022-09-01
391,Electronics,Laptops,boAt,99020.0,2.9,2022-05-12
392,Fashion,Kids Wear,Zara,8870.0,5.0,2022-07-18
393,Sports,Outdoor,Nike,18460.0,3.9,2022-10-11
394,Books,Children,Penguin,780.0,4.2,2022-08-08
395,Sports,Fitness Equipment,Adidas,6720.0,4.5,2022-09-20
396,Grocery,Personal Hygiene,Britannia,800.0,4.5,2022-09-09
397,Sports,Cricket,Nivia,11480.0,3.5,2022-05-05
398,Home & Kitchen,Bedding,Cello,21990.0,4.9,2022-08-27
399,Home & Kitchen,Bedding,Philips,16910.0,4.1,2022-04-06
400,Books,Children,Westland,290.0,2.9,2022-12-06
401,Books,Non-Fiction,HarperCollins,690.0,3.7,2022-01-09
402,Grocery,Personal Hygiene,Nestle,870.0,4.5,2023-02-18
403,Grocery,Personal Hygiene,Dabur,780.0,4.6,2022-12-06
404,Beauty,Haircare,Himalaya,4460.0,3.6,2022-07-10
405,Grocery,Snacks,Britannia,910.0,4.4,2022-01-02
406,Grocery,Staples,Britannia,240.0,3.3,2022-08-03
407,Electronics,Smartwatches,Mi,77380.0,3.7,2022-11-02
408,Books,Children,Westland,910.0,4.2,2023-05-30
409,Electronics,Tablets,boAt,42140.0,4.6,2022-08-13
410,Beauty,Makeup,Biotique,1470.0,3.5,2023-05-02
411,Home & Kitchen,Furniture,Prestige,7080.0,4.2,2022-03-25
412,Beauty,Makeup,Nykaa,3450.0,4.4,2022-06-12
413,Sports,Yoga,Cosco,5630.0,4.4,2022-10-11
414,Electronics,Smartphones,Realme,95600.0,4.9,2023-01-31
415,Books,Non-Fiction,Westland,500.0,4.5,2022-05-01
416,Grocery,Personal Hygiene,Britannia,510.0,3.4,2022-08-18
417,Home & Kitchen,Appliances,Milton,10800.0,3.5,2023-01-02
418,Grocery,Dairy,Nestle,890.0,4.1,2023-03-28
419,Sports,Yoga,Cosco,4900.0,4.4,2022-02-21
420,Sports,Cricket,Decathlon,14780.0,4.6,2022-03-04
421,Grocery,Staples,Amul,790.0,4.6,2022-03-29
422,Grocery,Beverages,Britannia,490.0,4.2,2022-06-26
423,Home & Kitchen,Furniture,Philips,15820.0,4.5,2022-08-09
424,Home & Kitchen,Appliances,Philips,14490.0,3.7,2022-02-19
425,Sports,Yoga,Decathlon,8830.0,4.3,2022-03-26
426,Grocery,Personal Hygiene,Tata,300.0,4.5,2022-07-21
427,Home & Kitchen,Appliances,Prestige,2340.0,4.7,2022-08-13
428,Beauty,Haircare,Nykaa,3990.0,4.0,2023-02-14
429,Books,Children,Penguin,930.0,3.5,2022-10-07
430,Beauty,Skincare,Nykaa,1300.0,3.1,2023-02-07
431,Electronics,Tablets,boAt,72940.0,3.4,2023-02-17
432,Books,Non-Fiction,Westland,220.0,4.2,2022-07-31
433,Beauty,Makeup,Himalaya,2910.0,3.0,2022-06-06
434,Books,Comics,Rupa,470.0,4.4,2022-06-07
435,Grocery,Personal Hygiene,Nestle,740.0,3.2,2022-03-29
436,Home & Kitchen,Decor,Pigeon,26600.0,4.5,2022-08-11
437,Sports,Cricket,Nike,13540.0,3.8,2022-11-24
438,Sports,Cricket,Nike,18300.0,3.6,2023-03-03
439,Home & Kitchen,Furniture,Cello,11250.0,3.9,2023-06-09
440,Home & Kitchen,Decor,Pigeon,11980.0,3.8,2022-01-23
441,Grocery,Dairy,Nestle,110.0,4.5,2022-04-13
442,Sports,Yoga,Nike,9230.0,3.6,2022-03-12
443,Fashion,Kids Wear,Biba,6940.0,3.5,2022-11-11
444,Sports,Cricket,Decathlon,4280.0,3.0,2022-10-10
445,Sports,Yoga,Adidas,10500.0,4.3,2022-09-08
446,Sports,Footwear,Nivia,11490.0,3.4,2023-04-01
447,Beauty,Makeup,L'Oreal,3920.0,4.1,2022-02-07
448,Beauty,Skincare,Nykaa,1700.0,4.4,2022-09-27
449,Books,Non-Fiction,Rupa,300.0,4.5,2023-04-28
450,Books,Children,Penguin,400.0,3.7,2022-06-28
451,Fashion,Men Clothing,Puma,5910.0,4.5,2022-02-25
452,Beauty,Fragrances,Biotique,1280.0,4.7,2022-12-21
453,Fashion,Footwear,W,4740.0,3.1,2022-02-22
454,Books,Fiction,Penguin,210.0,3.5,2022-09-16
455,Beauty,Fragrances,Mamaearth,3850.0,4.2,2022-09-27
456,Fashion,Men Clothing,Puma,8960.0,3.4,2023-05-11
457,Fashion,Women Clothing,Myntra,9440.0,3.8,2023-05-28
458,Home & Kitchen,Bedding,IKEA,3290.0,3.6,2023-05-15
459,Home & Kitchen,Cookware,Milton,16110.0,4.7,2023-01-19
460,Beauty,Haircare,Himalaya,3360.0,3.1,2022-05-29
461,Sports,Footwear,Decathlon,7120.0,2.8,2022-12-19
462,Beauty,Personal Care,Nykaa,4180.0,3.6,2023-05-29
463,Electronics,Smartwatches,boAt,7120.0,4.5,2023-06-28
464,Grocery,Beverages,Dabur,650.0,4.5,2023-02-25
465,Fashion,Women Clothing,H&M,7470.0,4.2,2022-11-06
466,Beauty,Skincare,Nykaa,190.0,3.0,2023-02-15
467,Grocery,Personal Hygiene,Amul,640.0,3.0,2023-05-20
468,Books,Comics,Westland,750.0,4.6,2022-09-09
469,Home & Kitchen,Cookware,Cello,10610.0,3.5,2022-12-15
470,Electronics,Tablets,Realme,32900.0,4.9,2023-01-17
471,Books,Children,Penguin,210.0,2.9,2023-02-02
472,Electronics,Smartphones,Samsung,69290.0,4.2,2022-02-01
473,Books,Fiction,Penguin,490.0,2.9,2023-01-28
474,Beauty,Personal Care,Biotique,1420.0,2.9,2023-03-19
475,Books,Comics,HarperCollins,950.0,3.5,2022-04-11
476,Beauty,Haircare,Lakme,3770.0,3.6,2022-08-31
477,Books,Comics,Scholastic,480.0,3.7,2022-09-13
478,Home & Kitchen,Furniture,Milton,14710.0,3.3,2022-12-31
479,Books,Comics,Scholastic,470.0,3.9,2023-04-11
480,Fashion,Women Clothing,W,5470.0,3.4,2022-03-29
481,Fashion,Women Clothing,Puma,3580.0,3.0,2022-07-18
482,Sports,Fitness Equipment,Nike,5590.0,2.9,2023-04-25
483,Grocery,Beverages,ITC,510.0,3.5,2022-08-21
484,Beauty,Fragrances,Biotique,4620.0,3.5,2023-02-28
485,Beauty,Skincare,Biotique,1410.0,4.9,2022-07-20
486,Books,Fiction,Penguin,920.0,4.3,2022-08-22
487,Grocery,Beverages,Dabur,450.0,3.6,2022-06-07
488,Beauty,Skincare,Himalaya,950.0,4.7,2022-07-05
489,Books,Children,HarperCollins,910.0,3.8,2022-09-28
490,Books,Fiction,HarperCollins,900.0,4.7,2023-06-20
491,Beauty,Fragrances,Himalaya,610.0,4.6,2022-05-12
492,Fashion,Women Clothing,Zara,2780.0,4.2,2022-11-27
493,Grocery,Snacks,Amul,110.0,3.0,2023-05-16
494,Grocery,Personal Hygiene,Britannia,810.0,3.1,2022-12-08
495,Grocery,Personal Hygiene,Nestle,410.0,4.5,2022-11-23
496,Beauty,Makeup,Biotique,3180.0,3.6,2023-01-17
497,Books,Non-Fiction,HarperCollins,440.0,4.6,2022-10-14
498,Home & Kitchen,Cookware,Prestige,15720.0,4.6,2023-06-30
499,Books,Academic,Penguin,290.0,4.8,2022-07-12
500,Sports,Fitness Equipment,Nivia,6890.0,2.9,2022-04-13
501,Books,Comics,HarperCollins,500.0,4.9,2023-03-16
502,Sports,Footwear,Nike,10830.0,4.8,2023-05-24
503,Electronics,Earphones,boAt,100780.0,3.2,2022-03-18
504,Home & Kitchen,Appliances,Philips,6110.0,3.5,2022-03-03
505,Electronics,Smartphones,Apple,66710.0,4.0,2023-02-03
506,Electronics,Laptops,Samsung,76470.0,4.7,2023-02-09
507,Home & Kitchen,Bedding,Milton,1580.0,4.1,2023-03-08
508,Books,Children,Westland,200.0,4.0,2023-04-22
509,Beauty,Haircare,Biotique,3060.0,2.8,2023-03-08
510,Books,Children,Penguin,670.0,3.2,2022-04-07
511,Beauty,Haircare,Lakme,1480.0,4.0,2023-06-13
512,Beauty,Personal Care,Lakme,3320.0,3.0,2023-02-04
513,Grocery,Personal Hygiene,ITC,70.0,4.7,2022-06-15
514,Beauty,Makeup,Biotique,1710.0,3.7,2023-03-16
515,Beauty,Makeup,Lakme,2980.0,3.0,2022-02-07
516,Home & Kitchen,Furniture,Cello,20510.0,3.7,2022-09-14
517,Grocery,Personal Hygiene,Tata,970.0,4.4,2023-05-14
518,Books,Fiction,HarperCollins,370.0,3.5,2022-04-28
519,Books,Comics,Westland,710.0,3.1,2022-03-12
520,Books,Academic,Scholastic,620.0,3.2,2022-05-26
521,Sports,Outdoor,Cosco,19100.0,3.8,2022-06-29
522,Electronics,Earphones,Apple,10510.0,3.3,2023-02-12
523,Books,Non-Fiction,Rupa,960.0,3.7,2022-01-04
524,Fashion,Women Clothing,Zara,4350.0,4.4,2022-01-26
525,Sports,Yoga,Cosco,7460.0,3.4,2022-01-11
526,Fashion,Kids Wear,H&M,2150.0,5.0,2022-08-25
527,Grocery,Personal Hygiene,Nestle,220.0,4.6,2022-03-26
528,Electronics,Smartwatches,OnePlus,67570.0,4.7,2022-12-01
529,Grocery,Staples,Amul,330.0,4.8,2023-01-22
530,Sports,Cricket,Nivia,14180.0,3.1,2022-06-16
531,Books,Fiction,Rupa,140.0,4.6,2022-04-01
532,Fashion,Kids Wear,H&M,2060.0,4.1,2023-01-12
533,Sports,Yoga,Nivia,9750.0,4.1,2022-08-14
534,Home & Kitchen,Appliances,Milton,3180.0,4.8,2022-03-25
535,Grocery,Dairy,Dabur,60.0,2.9,2023-02-25
536,Sports,Outdoor,Nike,17890.0,3.5,2022-05-13
537,Home & Kitchen,Bedding,Prestige,10030.0,4.9,2022-09-17
538,Sports,Cricket,Nivia,12700.0,4.1,2022-08-02
539,Fashion,Accessories,FabIndia,5670.0,3.1,2023-04-10
540,Grocery,Dairy,Amul,480.0,4.3,2022-03-04
541,Electronics,Smartwatches,OnePlus,34050.0,3.5,2023-04-11
542,Books,Non-Fiction,Penguin,670.0,3.8,2022-08-31
543,Electronics,Laptops,Apple,26970.0,4.1,2023-03-07
544,Books,Children,Rupa,920.0,5.0,2022-09-28
545,Grocery,Beverages,Tata,790.0,3.5,2022-10-15
546,Sports,Fitness Equipment,SG,6210.0,4.7,2023-03-26
547,Books,Non-Fiction,Penguin,590.0,5.0,2023-02-01
548,Electronics,Earphones,Sony,43780.0,3.9,2023-04-11
549,Sports,Yoga,Decathlon,16390.0,4.4,2022-11-03
550,Grocery,Dairy,Amul,840.0,3.0,2022-02-22
551,Beauty,Personal Care,L'Oreal,2020.0,4.7,2023-01-06
552,Home & Kitchen,Decor,Milton,10370.0,3.1,2023-04-12
553,Fashion,Women Clothing,FabIndia,6890.0,3.3,2023-06-04
554,Home & Kitchen,Decor,Pigeon,940.0,3.2,2022-01-11
555,Sports,Yoga,Decathlon,19140.0,3.6,2022-12-24
556,Books,Children,Penguin,860.0,3.6,2022-07-06
557,Grocery,Dairy,Tata,240.0,3.1,2023-02-24
558,Grocery,Personal Hygiene,Amul,60.0,4.5,2023-03-30
559,Beauty,Fragrances,L'Oreal,3020.0,3.8,2022-07-30
560,Sports,Yoga,Cosco,3060.0,3.3,2023-04-25
561,Sports,Cricket,Nivia,16200.0,4.8,2022-03-13
562,Books,Fiction,Penguin,950.0,4.5,2023-01-02
563,Electronics,Laptops,Mi,89760.0,3.2,2022-02-03
564,Beauty,Personal Care,Biotique,4590.0,3.4,2022-06-17
565,Fashion,Women Clothing,Biba,9430.0,3.3,2022-05-27
566,Fashion,Kids Wear,W,9300.0,3.4,2023-01-24
567,Electronics,Smartwatches,Sony,106400.0,2.9,2023-01-22
568,Sports,Footwear,Nivia,4690.0,4.8,2023-02-13
569,Sports,Footwear,Nivia,2780.0,3.6,2023-02-06
570,Home & Kitchen,Furniture,Cello,9300.0,3.1,2022-12-18
571,Fashion,Accessories,Biba,8380.0,2.9,2023-01-27
572,Grocery,Beverages,Nestle,540.0,4.6,2022-12-11
573,Home & Kitchen,Appliances,Milton,23440.0,3.5,2022-04-20
574,Electronics,Tablets,Realme,113140.0,4.6,2022-01-11
575,Home & Kitchen,Furniture,IKEA,10630.0,3.5,2022-05-27
576,Sports,Fitness Equipment,Decathlon,5100.0,3.8,2022-11-06
577,Fashion,Footwear,Myntra,8050.0,3.9,2023-03-11
578,Sports,Yoga,Nivia,19220.0,4.0,2022-01-29
579,Books,Non-Fiction,Penguin,300.0,4.1,2022-05-14
580,Fashion,Men Clothing,H&M,8900.0,4.8,2022-02-05
581,Electronics,Tablets,Realme,135580.0,4.0,2023-03-01
582,Fashion,Kids Wear,Puma,5850.0,3.1,2023-04-29
583,Sports,Yoga,Cosco,3360.0,4.7,2023-05-24
584,Fashion,Men Clothing,Myntra,8050.0,4.6,2023-01-06
585,Grocery,Dairy,ITC,590.0,3.0,2023-02-06
586,Home & Kitchen,Decor,Prestige,12930.0,3.3,2022-07-07
587,Sports,Yoga,SG,330.0,2.8,2022-11-28
588,Electronics,Smartphones,Apple,79300.0,3.5,2022-03-23
589,Fashion,Men Clothing,H&M,6870.0,4.4,2022-01-04
590,Electronics,Smartwatches,OnePlus,44980.0,4.9,2022-03-10
591,Beauty,Makeup,Himalaya,2540.0,3.1,2022-03-11
592,Electronics,Earphones,boAt,62550.0,4.7,2022-11-24
593,Books,Fiction,Penguin,420.0,3.7,2023-04-04
594,Home & Kitchen,Decor,Philips,24790.0,3.3,2023-02-12
595,Electronics,Smartwatches,Mi,136330.0,3.6,2022-07-13
596,Fashion,Men Clothing,W,9680.0,3.9,2023-05-21
597,Fashion,Women Clothing,Biba,5640.0,3.7,2022-01-11
598,Beauty,Skincare,Lakme,4330.0,3.5,2022-06-07
599,Fashion,Women Clothing,FabIndia,4960.0,3.4,2023-06-29
600,Home & Kitchen,Appliances,Pigeon,3170.0,4.2,2022-01-08
601,Electronics,Earphones,Samsung,108490.0,4.0,2023-05-24
602,Sports,Outdoor,Nivia,2820.0,4.2,2022-12-25
603,Electronics,Tablets,Apple,7410.0,4.7,2022-06-08
604,Sports,Footwear,Adidas,4920.0,4.4,2023-04-06
605,Grocery,Staples,Nestle,590.0,4.7,2023-05-04
606,Sports,Footwear,SG,3400.0,4.8,2022-12-18
607,Sports,Footwear,Decathlon,16250.0,3.0,2022-08-05
608,Grocery,Personal Hygiene,Dabur,460.0,3.4,2022-06-18
609,Electronics,Smartwatches,OnePlus,124660.0,3.8,2022-04-24
610,Grocery,Beverages,ITC,320.0,4.6,2022-09-01
611,Sports,Outdoor,Adidas,7830.0,3.6,2022-03-23
612,Sports,Yoga,Adidas,13920.0,3.2,2023-04-27
613,Books,Children,HarperCollins,780.0,4.2,2023-04-18
614,Beauty,Haircare,Nykaa,1550.0,4.2,2022-07-22
615,Books,Academic,Rupa,660.0,3.8,2023-05-23
616,Fashion,Kids Wear,Puma,3890.0,3.8,2022-12-12
617,Beauty,Makeup,Mamaearth,4480.0,4.7,2022-02-14
618,Grocery,Snacks,Britannia,920.0,2.9,2022-08-20
619,Home & Kitchen,Appliances,Pigeon,760.0,3.5,2022-10-28
620,Beauty,Personal Care,L'Oreal,4810.0,4.2,2022-02-21
621,Sports,Footwear,Nike,12110.0,3.7,2022-12-29
622,Beauty,Haircare,L'Oreal,2130.0,3.4,2022-06-21
623,Beauty,Fragrances,Biotique,3920.0,4.3,2022-05-22
624,Fashion,Footwear,Myntra,6020.0,4.8,2022-08-15
625,Beauty,Personal Care,Mamaearth,360.0,4.5,2022-10-02
626,Grocery,Staples,Tata,690.0,3.1,2022-09-05
627,Electronics,Smartphones,Sony,69290.0,4.6,2023-02-10
628,Home & Kitchen,Cookware,IKEA,14840.0,4.7,2023-03-08
629,Sports,Fitness Equipment,Nike,12750.0,3.9,2022-05-09
630,Sports,Cricket,Adidas,19580.0,4.1,2022-10-07
631,Beauty,Makeup,Mamaearth,870.0,4.0,2022-09-06
632,Grocery,Beverages,Britannia,430.0,3.7,2023-05-08
633,Grocery,Dairy,Tata,980.0,3.3,2022-01-21
634,Grocery,Snacks,ITC,450.0,4.8,2022-11-05
635,Beauty,Haircare,L'Oreal,1690.0,2.9,2022-07-27
636,Fashion,Kids Wear,W,350.0,2.9,2022-02-26
637,Beauty,Makeup,L'Oreal,2090.0,4.7,2022-11-16
638,Home & Kitchen,Furniture,Milton,15200.0,3.3,2022-11-29
639,Home & Kitchen,Decor,Pigeon,28160.0,4.4,2022-10-18
640,Fashion,Women Clothing,Zara,4120.0,3.9,2022-05-28
641,Books,Fiction,Westland,500.0,3.6,2022-10-02
642,Sports,Cricket,SG,4090.0,4.9,2023-02-14
643,Sports,Fitness Equipment,Decathlon,6520.0,3.3,2022-07-07
644,Grocery,Beverages,ITC,530.0,4.0,2022-08-16
645,Home & Kitchen,Bedding,Philips,7590.0,4.6,2023-06-08
646,Electronics,Laptops,Apple,3440.0,3.9,2022-10-11
647,Home & Kitchen,Furniture,Pigeon,26960.0,4.3,2022-02-21
648,Fashion,Women Clothing,FabIndia,3240.0,4.7,2022-06-06
649,Home & Kitchen,Bedding,IKEA,840.0,4.1,2023-01-19
650,Fashion,Accessories,H&M,740.0,3.3,2022-02-15
651,Home & Kitchen,Cookware,Milton,1640.0,3.3,2022-05-16
652,Home & Kitchen,Cookware,Prestige,14730.0,3.0,2023-01-01
653,Home & Kitchen,Appliances,Milton,1810.0,4.1,2022-10-01
654,Books,Fiction,Rupa,240.0,4.8,2022-11-03
655,Home & Kitchen,Bedding,IKEA,2320.0,4.1,2022-06-10
656,Home & Kitchen,Decor,Prestige,4120.0,3.3,2022-02-06
657,Beauty,Personal Care,Lakme,2970.0,4.7,2022-12-20
658,Electronics,Earphones,Realme,111570.0,4.4,2022-11-14
659,Sports,Footwear,Nike,12410.0,4.7,2022-04-23
660,Home & Kitchen,Bedding,IKEA,10870.0,4.9,2023-02-06
661,Beauty,Haircare,Mamaearth,4800.0,4.2,2022-05-15
662,Home & Kitchen,Bedding,Philips,720.0,4.5,2022-05-04
663,Books,Children,HarperCollins,860.0,3.0,2023-01-09
664,Books,Children,HarperCollins,380.0,2.8,2022-01-01
665,Beauty,Fragrances,Lakme,1630.0,3.4,2022-02-26
666,Home & Kitchen,Appliances,Cello,19850.0,3.9,2023-01-03
667,Books,Children,Scholastic,500.0,4.7,2022-11-10
668,Fashion,Women Clothing,Biba,9650.0,2.9,2023-06-02
669,Electronics,Tablets,Samsung,16840.0,3.0,2022-10-19
670,Grocery,Dairy,Dabur,120.0,2.9,2022-08-10
671,Sports,Cricket,Cosco,16650.0,4.0,2022-04-11
672,Sports,Yoga,Adidas,960.0,4.6,2023-02-05
673,Books,Fiction,Westland,940.0,4.0,2022-04-27
674,Beauty,Personal Care,L'Oreal,3570.0,4.4,2022-04-01
675,Sports,Footwear,Cosco,18630.0,2.9,2022-12-25
676,Books,Fiction,Scholastic,440.0,5.0,2022-06-14
677,Beauty,Fragrances,Mamaearth,2670.0,2.8,2022-06-09
678,Books,Children,HarperCollins,840.0,4.4,2022-04-25
679,Books,Academic,Westland,240.0,3.2,2022-08-04
680,Home & Kitchen,Bedding,IKEA,730.0,3.9,2022-01-30
681,Sports,Cricket,Nike,15420.0,4.1,2023-06-17
682,Grocery,Personal Hygiene,Britannia,640.0,4.1,2022-04-16
683,Books,Academic,Rupa,980.0,4.1,2022-07-29
684,Beauty,Fragrances,Lakme,1370.0,3.9,2022-02-06
685,Beauty,Fragrances,Himalaya,2620.0,3.7,2023-01-17
686,Electronics,Tablets,OnePlus,114550.0,4.8,2022-03-28
687,Beauty,Makeup,Nykaa,2210.0,3.6,2023-01-10
688,Grocery,Dairy,ITC,1000.0,3.3,2022-04-02
689,Sports,Fitness Equipment,Nivia,13180.0,3.3,2022-05-31
690,Electronics,Smartphones,Apple,52750.0,4.6,2022-12-21
691,Beauty,Makeup,Mamaearth,1280.0,3.8,2023-05-04
692,Beauty,Haircare,Lakme,3420.0,3.0,2023-05-23
693,Books,Comics,Westland,200.0,4.5,2023-03-02
694,Electronics,Earphones,OnePlus,82350.0,4.3,2022-01-13
695,Grocery,Staples,ITC,280.0,2.9,2023-01-19
696,Grocery,Beverages,Nestle,340.0,4.2,2022-12-17
697,Home & Kitchen,Appliances,Prestige,15320.0,4.4,2022-02-07
698,Books,Comics,Scholastic,930.0,4.7,2023-05-23
699,Beauty,Fragrances,Mamaearth,2650.0,3.9,2022-11-14
700,Beauty,Skincare,L'Oreal,1150.0,3.2,2022-10-16
701,Fashion,Kids Wear,H&M,7770.0,2.9,2022-01-31
702,Sports,Fitness Equipment,Decathlon,4620.0,3.1,2022-11-11
703,Sports,Cricket,Nike,9940.0,4.9,2022-10-12
704,Electronics,Smartwatches,Mi,85170.0,4.2,2022-11-18
705,Home & Kitchen,Bedding,Milton,4750.0,4.2,2022-07-19
706,Home & Kitchen,Cookware,Cello,18250.0,3.6,2022-05-29
707,Home & Kitchen,Furniture,Milton,23380.0,4.2,2022-02-27
708,Electronics,Laptops,Apple,37850.0,3.1,2022-10-21
709,Electronics,Earphones,boAt,111660.0,3.8,2022-04-15
710,Fashion,Footwear,Zara,6660.0,3.9,2022-02-14
711,Grocery,Beverages,Tata,920.0,4.7,2022-06-19
712,Grocery,Personal Hygiene,Tata,360.0,3.7,2023-03-18
713,Electronics,Tablets,Sony,17660.0,3.2,2022-05-11
714,Beauty,Personal Care,Himalaya,1540.0,3.4,2022-02-04
715,Sports,Yoga,Cosco,16030.0,3.7,2022-12-01
716,Fashion,Accessories,FabIndia,6190.0,4.6,2022-10-16
717,Home & Kitchen,Decor,Philips,640.0,3.2,2022-09-23
718,Books,Comics,HarperCollins,320.0,4.0,2023-02-07
719,Fashion,Men Clothing,H&M,8710.0,3.3,2022-03-20
720,Home & Kitchen,Decor,Prestige,6940.0,3.0,2022-04-23
721,Sports,Fitness Equipment,Nivia,3220.0,4.3,2022-05-05
722,Home & Kitchen,Cookware,Cello,22910.0,4.3,2023-02-23
723,Electronics,Smartwatches,Samsung,4160.0,3.8,2022-04-05
724,Grocery,Personal Hygiene,Britannia,840.0,3.1,2022-04-15
725,Grocery,Personal Hygiene,Britannia,150.0,3.5,2023-01-23
726,Books,Comics,HarperCollins,900.0,4.4,2023-02-24
727,Sports,Yoga,Nivia,15580.0,3.4,2022-02-16
728,Fashion,Footwear,Zara,2950.0,3.2,2022-03-13
729,Sports,Fitness Equipment,Nike,18890.0,5.0,2022-04-17
730,Home & Kitchen,Cookware,IKEA,27660.0,4.3,2022-08-26
731,Fashion,Footwear,Biba,1330.0,4.7,2022-01-03
732,Home & Kitchen,Decor,Milton,1350.0,3.6,2022-01-02
733,Sports,Footwear,Nike,16170.0,4.8,2023-04-10
734,Electronics,Earphones,Realme,122720.0,3.8,2022-08-06
735,Electronics,Smartphones,Apple,16130.0,4.6,2022-12-29
736,Grocery,Dairy,Nestle,330.0,3.1,2022-06-06
737,Beauty,Makeup,Biotique,4880.0,4.1,2022-02-25
738,Beauty,Makeup,Lakme,1190.0,4.7,2023-04-06
739,Home & Kitchen,Decor,Cello,18900.0,4.1,2023-06-22
740,Beauty,Skincare,Himalaya,4720.0,3.3,2022-04-20
741,Books,Non-Fiction,Westland,770.0,5.0,2022-10-23
742,Electronics,Laptops,Sony,94700.0,4.9,2022-03-14
743,Electronics,Smartwatches,Samsung,34010.0,3.7,2023-04-07
744,Home & Kitchen,Furniture,Prestige,21140.0,4.0,2022-12-23
745,Beauty,Fragrances,Mamaearth,530.0,4.6,2022-03-25
746,Electronics,Tablets,Mi,61200.0,3.5,2023-02-21
747,Grocery,Staples,ITC,340.0,3.7,2023-02-02
748,Home & Kitchen,Cookware,Prestige,8570.0,3.4,2023-06-18
749,Beauty,Fragrances,Himalaya,1570.0,4.0,2023-06-16
750,Sports,Footwear,SG,5200.0,3.0,2022-01-13
751,Books,Non-Fiction,Westland,830.0,2.9,2022-02-24
752,Beauty,Fragrances,Lakme,3790.0,3.8,2022-08-16
753,Books,Children,Rupa,620.0,3.5,2022-07-22
754,Grocery,Snacks,Tata,460.0,3.0,2022-03-17
755,Beauty,Skincare,Himalaya,3550.0,3.7,2022-02-23
756,Electronics,Earphones,Mi,4030.0,4.8,2022-10-02
757,Home & Kitchen,Decor,Prestige,28350.0,4.6,2022-12-09
758,Grocery,Personal Hygiene,Amul,460.0,3.3,2022-08-27
759,Books,Comics,Rupa,700.0,4.4,2022-12-17
760,Home & Kitchen,Furniture,Philips,17110.0,3.0,2022-01-28
761,Grocery,Snacks,Dabur,260.0,3.3,2022-01-02
762,Grocery,Staples,Nestle,630.0,4.6,2022-07-04
763,Beauty,Fragrances,Nykaa,1150.0,3.6,2022-04-25
764,Books,Comics,Westland,680.0,3.8,2022-04-17
765,Beauty,Haircare,Himalaya,4360.0,4.5,2022-06-08
766,Home & Kitchen,Appliances,Milton,21590.0,3.1,2022-07-20
767,Grocery,Personal Hygiene,Nestle,850.0,3.6,2022-12-04
768,Books,Non-Fiction,Scholastic,240.0,3.9,2023-02-02
769,Sports,Outdoor,Nivia,2030.0,4.3,2022-09-05
770,Home & Kitchen,Appliances,Philips,23770.0,4.8,2023-05-09
771,Sports,Outdoor,Cosco,18760.0,3.7,2023-01-10
772,Home & Kitchen,Appliances,Pigeon,3220.0,4.7,2022-11-24
773,Beauty,Personal Care,Mamaearth,680.0,4.4,2023-02-02
774,Fashion,Footwear,Zara,4050.0,4.6,2022-07-12
775,Home & Kitchen,Decor,Milton,9210.0,3.3,2023-04-04
776,Electronics,Smartphones,OnePlus,99560.0,4.2,2022-12-02
777,Home & Kitchen,Bedding,Prestige,25440.0,3.3,2022-09-01
778,Home & Kitchen,Furniture,Milton,20930.0,5.0,2023-02-09
779,Beauty,Personal Care,Mamaearth,1870.0,3.1,2022-02-26
780,Home & Kitchen,Cookware,Cello,27730.0,3.7,2022-02-24
781,Electronics,Smartphones,Realme,12490.0,4.9,2022-04-24
782,Books,Fiction,Penguin,840.0,3.7,2023-03-02
783,Electronics,Tablets,boAt,29280.0,3.4,2022-09-16
784,Grocery,Personal Hygiene,Dabur,530.0,3.1,2022-03-31
785,Grocery,Snacks,Tata,70.0,4.4,2023-06-09
786,Fashion,Women Clothing,W,8570.0,4.3,2023-01-20
787,Grocery,Personal Hygiene,Britannia,80.0,4.3,2023-02-19
788,Beauty,Haircare,Mamaearth,3400.0,3.3,2022-03-04
789,Home & Kitchen,Decor,Cello,3920.0,4.3,2023-04-23
790,Books,Non-Fiction,Westland,870.0,4.9,2022-11-21
791,Books,Children,Penguin,640.0,3.1,2022-03-15
792,Grocery,Personal Hygiene,Britannia,160.0,3.1,2023-02-25
793,Fashion,Men Clothing,W,7330.0,3.7,2022-10-22
794,Electronics,Smartwatches,boAt,9940.0,4.2,2022-08-17
795,Grocery,Staples,ITC,210.0,3.4,2022-04-30
796,Books,Children,Scholastic,310.0,3.9,2022-11-21
797,Books,Comics,Scholastic,160.0,4.7,2023-03-21
798,Home & Kitchen,Cookware,Philips,4590.0,4.5,2022-03-11
799,Books,Comics,HarperCollins,690.0,5.0,2022-05-24
800,Grocery,Personal Hygiene,ITC,890.0,4.2,2023-02-16
801,Grocery,Dairy,Tata,200.0,4.8,2022-09-04
802,Beauty,Personal Care,Nykaa,3060.0,4.2,2022-11-25
803,Grocery,Snacks,ITC,330.0,4.8,2023-03-01
804,Grocery,Beverages,Nestle,320.0,3.9,2022-09-12
805,Grocery,Dairy,Dabur,740.0,3.8,2022-04-26
806,Grocery,Staples,Tata,330.0,4.9,2022-08-15
807,Electronics,Smartwatches,OnePlus,4130.0,4.4,2022-01-26
808,Home & Kitchen,Appliances,Milton,14470.0,4.7,2022-11-21
809,Books,Academic,Scholastic,710.0,4.5,2022-02-27
810,Grocery,Dairy,Dabur,890.0,4.5,2023-06-28
811,Beauty,Personal Care,Lakme,940.0,3.6,2022-04-11
812,Books,Non-Fiction,Penguin,740.0,3.4,2023-02-04
813,Fashion,Accessories,H&M,1340.0,3.2,2023-02-11
814,Beauty,Skincare,Mamaearth,810.0,3.5,2022-11-01
815,Electronics,Tablets,Sony,1500.0,4.2,2022-12-19
816,Books,Comics,Scholastic,610.0,3.9,2022-08-21
817,Books,Children,Scholastic,280.0,4.6,2023-05-16
818,Grocery,Personal Hygiene,Nestle,770.0,2.9,2022-05-30
819,Home & Kitchen,Bedding,IKEA,20530.0,3.0,2023-05-06
820,Books,Non-Fiction,Westland,970.0,3.8,2022-08-12
821,Books,Comics,Westland,230.0,3.6,2023-04-20
822,Grocery,Dairy,Tata,130.0,3.6,2022-10-26
823,Books,Non-Fiction,HarperCollins,290.0,4.6,2022-02-13
824,Home & Kitchen,Bedding,Philips,1150.0,4.9,2022-05-30
825,Sports,Cricket,Nivia,5200.0,4.2,2022-05-23
826,Sports,Outdoor,Adidas,19240.0,4.6,2022-06-25
827,Grocery,Staples,Tata,890.0,4.3,2023-06-19
828,Sports,Cricket,Nike,3600.0,3.8,2023-03-14
829,Home & Kitchen,Decor,Cello,10600.0,3.2,2023-04-29
830,Fashion,Men Clothing,Zara,6250.0,4.7,2022-10-30
831,Fashion,Kids Wear,FabIndia,2680.0,4.3,2023-03-24
832,Books,Non-Fiction,Westland,650.0,3.7,2022-08-03
833,Books,Children,Rupa,160.0,4.2,2022-12-02
834,Home & Kitchen,Decor,Prestige,20600.0,2.8,2023-01-08
835,Electronics,Smartphones,Mi,17670.0,3.5,2022-09-20
836,Books,Non-Fiction,HarperCollins,490.0,3.2,2022-02-18
837,Electronics,Laptops,boAt,2100.0,3.8,2022-05-13
838,Fashion,Footwear,Zara,1700.0,4.2,2022-08-25
839,Electronics,Laptops,Realme,41120.0,3.1,2022-10-09
840,Fashion,Accessories,Myntra,8110.0,4.1,2023-03-22
841,Grocery,Personal Hygiene,ITC,850.0,4.0,2022-04-25
842,Grocery,Dairy,Dabur,410.0,3.1,2023-03-13
843,Sports,Outdoor,SG,9530.0,4.3,2022-01-10
844,Fashion,Women Clothing,Puma,210.0,3.6,2022-09-16
845,Electronics,Smartphones,boAt,15390.0,3.7,2023-04-21
846,Electronics,Smartphones,Realme,82220.0,3.4,2022-12-06
847,Sports,Fitness Equipment,Nike,6720.0,4.2,2023-05-17
848,Beauty,Makeup,Mamaearth,2940.0,3.7,2022-06-24
849,Sports,Fitness Equipment,SG,2760.0,3.0,2023-01-03
850,Electronics,Earphones,Sony,3210.0,4.1,2023-02-22
851,Sports,Yoga,Nivia,8430.0,4.4,2022-07-19
852,Electronics,Earphones,Sony,24780.0,3.5,2022-06-13
853,Books,Non-Fiction,HarperCollins,220.0,4.5,2022-02-19
854,Home & Kitchen,Appliances,Cello,5950.0,3.8,2023-04-01
855,Books,Academic,HarperCollins,410.0,3.4,2022-02-28
856,Books,Academic,Westland,990.0,3.2,2022-12-15
857,Books,Non-Fiction,Scholastic,430.0,4.5,2022-03-31
858,Electronics,Earphones,Sony,24290.0,3.5,2023-06-03
859,Books,Children,HarperCollins,520.0,4.3,2022-07-01
860,Beauty,Skincare,Mamaearth,500.0,3.8,2023-06-29
861,Sports,Fitness Equipment,Adidas,590.0,4.8,2023-01-03
862,Grocery,Personal Hygiene,Britannia,40.0,4.5,2023-04-28
863,Electronics,Tablets,boAt,10580.0,4.8,2022-11-13
864,Grocery,Snacks,ITC,620.0,4.8,2023-01-12
865,Books,Academic,Rupa,690.0,3.6,2022-07-05
866,Electronics,Earphones,Realme,119120.0,4.0,2023-03-30
867,Home & Kitchen,Bedding,Milton,18070.0,5.0,2022-04-01
868,Electronics,Laptops,Sony,67660.0,4.1,2022-08-17
869,Electronics,Earphones,Sony,50040.0,3.7,2022-05-27
870,Beauty,Makeup,Nykaa,3860.0,4.3,2022-03-31
871,Beauty,Skincare,Himalaya,2890.0,4.8,2023-01-01
872,Sports,Yoga,Cosco,18250.0,2.9,2022-04-22
873,Home & Kitchen,Furniture,Philips,3660.0,3.3,2023-01-24
874,Books,Comics,Scholastic,800.0,2.9,2023-06-11
875,Fashion,Footwear,FabIndia,4440.0,4.4,2022-05-14
876,Books,Comics,Scholastic,900.0,4.1,2022-08-21
877,Electronics,Smartwatches,OnePlus,58870.0,3.0,2022-04-30
878,Books,Non-Fiction,Scholastic,640.0,4.2,2022-05-10
879,Beauty,Skincare,Biotique,4540.0,3.5,2023-02-08
880,Electronics,Laptops,Apple,78370.0,3.9,2023-06-16
881,Books,Academic,HarperCollins,560.0,4.4,2023-06-09
882,Beauty,Personal Care,Biotique,610.0,4.5,2022-09-22
883,Grocery,Snacks,Britannia,480.0,4.3,2022-02-22
884,Books,Comics,Penguin,680.0,3.8,2023-05-24
885,Sports,Footwear,SG,11730.0,4.1,2022-11-01
886,Grocery,Beverages,Nestle,480.0,4.8,2022-09-16
887,Grocery,Beverages,Nestle,140.0,4.9,2023-04-08
888,Beauty,Personal Care,Mamaearth,3740.0,3.1,2022-12-18
889,Home & Kitchen,Furniture,IKEA,23100.0,4.6,2022-04-22
890,Books,Children,Penguin,940.0,4.4,2022-09-13
891,Home & Kitchen,Appliances,Pigeon,27600.0,3.3,2023-06-13
892,Home & Kitchen,Appliances,Pigeon,1810.0,4.6,2023-03-16
893,Home & Kitchen,Appliances,IKEA,13620.0,4.5,2023-05-24
894,Home & Kitchen,Bedding,Pigeon,29590.0,4.0,2023-01-23
895,Beauty,Personal Care,Nykaa,4980.0,3.3,2022-11-10
896,Books,Fiction,Westland,860.0,4.3,2022-02-28
897,Beauty,Skincare,Biotique,4220.0,3.8,2023-02-02
898,Electronics,Laptops,OnePlus,98810.0,4.2,2022-01-03
899,Beauty,Personal Care,Himalaya,1170.0,4.1,2022-06-02
900,Fashion,Women Clothing,Biba,7170.0,3.5,2022-01-14
901,Fashion,Women Clothing,FabIndia,5900.0,4.1,2022-05-14
902,Sports,Footwear,Nivia,15360.0,4.4,2022-08-18
903,Electronics,Laptops,Sony,102660.0,3.7,2022-07-20
904,Fashion,Accessories,H&M,3270.0,4.3,2022-12-05
905,Grocery,Staples,Nestle,630.0,3.1,2022-02-24
906,Fashion,Women Clothing,H&M,2610.0,3.9,2022-03-18
907,Home & Kitchen,Bedding,Cello,10030.0,2.9,2022-09-06
908,Books,Academic,Rupa,430.0,4.3,2022-02-12
909,Fashion,Men Clothing,Zara,4230.0,3.8,2022-03-17
910,Fashion,Accessories,Myntra,2800.0,4.9,2023-01-05
911,Sports,Footwear,Cosco,16020.0,3.0,2022-06-13
912,Electronics,Tablets,Mi,37770.0,4.3,2022-04-06
913,Books,Non-Fiction,Westland,710.0,4.5,2022-01-15
914,Grocery,Dairy,Nestle,60.0,4.4,2022-04-16
915,Fashion,Women Clothing,Puma,1660.0,5.0,2022-08-31
916,Books,Fiction,Rupa,450.0,3.4,2022-12-28
917,Fashion,Men Clothing,Myntra,3830.0,3.5,2022-12-15
918,Sports,Footwear,Nike,2700.0,3.7,2022-12-07
919,Beauty,Skincare,L'Oreal,2540.0,4.5,2022-11-16
920,Grocery,Snacks,ITC,660.0,3.9,2022-07-16
921,Sports,Yoga,Nike,5400.0,4.6,2022-02-06
922,Electronics,Tablets,Apple,104290.0,4.6,2023-02-14
923,Sports,Outdoor,Nivia,13280.0,4.6,2022-05-26
924,Beauty,Personal Care,Lakme,1000.0,4.3,2022-06-03
925,Electronics,Tablets,boAt,56490.0,3.5,2022-01-24
926,Beauty,Skincare,L'Oreal,3890.0,2.9,2023-04-19
927,Electronics,Smartphones,OnePlus,101890.0,3.2,2022-02-27
928,Fashion,Kids Wear,Puma,2250.0,3.5,2022-02-03
929,Beauty,Fragrances,Himalaya,2430.0,3.2,2022-04-28
930,Beauty,Haircare,Biotique,460.0,4.2,2022-09-01
931,Grocery,Snacks,Britannia,740.0,4.7,2022-03-16
932,Books,Comics,HarperCollins,620.0,3.6,2022-05-31
933,Electronics,Smartphones,Sony,50910.0,2.9,2022-03-29
934,Fashion,Women Clothing,FabIndia,610.0,2.9,2022-05-09
935,Fashion,Kids Wear,H&M,6590.0,3.8,2022-10-14
936,Fashion,Accessories,Puma,730.0,3.4,2022-11-28
937,Beauty,Personal Care,Himalaya,4460.0,4.5,2022-05-29
938,Electronics,Smartwatches,Apple,23030.0,4.3,2023-06-15
939,Grocery,Staples,Tata,980.0,3.2,2022-02-24
940,Home & Kitchen,Decor,Milton,21170.0,3.6,2022-11-28
941,Fashion,Footwear,FabIndia,4200.0,4.7,2023-03-03
942,Grocery,Staples,Dabur,440.0,4.6,2022-09-29
943,Beauty,Haircare,Biotique,3170.0,4.8,2022-12-17
944,Fashion,Footwear,FabIndia,2330.0,4.0,2022-09-14
945,Beauty,Fragrances,Himalaya,4540.0,3.4,2023-03-29
946,Electronics,Tablets,OnePlus,62780.0,3.9,2023-04-15
947,Grocery,Staples,Amul,110.0,4.8,2023-06-11
948,Sports,Yoga,Cosco,19080.0,3.1,2022-11-10
949,Fashion,Accessories,W,800.0,4.1,2023-06-09
950,Grocery,Snacks,Amul,700.0,3.0,2023-01-22
951,Home & Kitchen,Cookware,Milton,1000.0,3.6,2023-05-20
952,Electronics,Tablets,boAt,5470.0,3.7,2023-02-12
953,Sports,Yoga,Nike,15940.0,3.0,2023-02-16
954,Beauty,Makeup,L'Oreal,4850.0,4.1,2023-01-12
955,Books,Fiction,HarperCollins,520.0,4.0,2022-05-07
956,Fashion,Footwear,H&M,5650.0,3.6,2023-01-18
957,Books,Academic,Penguin,850.0,4.5,2022-03-28
958,Sports,Yoga,Nike,19550.0,4.0,2022-09-25
959,Sports,Fitness Equipment,SG,8910.0,4.8,2022-05-02
960,Beauty,Skincare,Biotique,2620.0,4.4,2023-02-14
961,Beauty,Skincare,Nykaa,930.0,3.9,2022-04-16
962,Books,Fiction,Westland,840.0,2.9,2022-08-20
963,Fashion,Accessories,W,5870.0,4.4,2023-01-24
964,Beauty,Haircare,Biotique,4570.0,3.7,2022-02-24
965,Home & Kitchen,Cookware,Prestige,1240.0,4.6,2022-01-01
966,Electronics,Smartwatches,Samsung,122380.0,3.9,2023-01-06
967,Electronics,Laptops,Samsung,56150.0,3.1,2022-10-23
968,Sports,Outdoor,Adidas,13780.0,4.8,2022-08-24
969,Books,Comics,HarperCollins,130.0,2.8,2022-06-26
970,Sports,Outdoor,Decathlon,18110.0,4.5,2023-04-30
971,Home & Kitchen,Bedding,Pigeon,20840.0,4.3,2022-12-08
972,Books,Non-Fiction,Scholastic,480.0,4.1,2023-04-08
973,Books,Academic,Rupa,850.0,3.2,2022-06-04
974,Beauty,Personal Care,Biotique,1360.0,4.2,2022-02-27
975,Home & Kitchen,Cookware,Milton,8670.0,3.6,2022-08-05
976,Beauty,Makeup,Lakme,4710.0,4.5,2023-01-11
977,Electronics,Laptops,Apple,69060.0,4.5,2022-08-24
978,Grocery,Dairy,Amul,800.0,3.7,2023-04-04
979,Beauty,Personal Care,Lakme,3740.0,4.8,2022-01-05
980,Grocery,Personal Hygiene,Nestle,360.0,4.5,2023-04-14
981,Home & Kitchen,Appliances,Pigeon,1580.0,3.6,2022-11-02
982,Sports,Outdoor,SG,10280.0,3.4,2022-02-05
983,Sports,Fitness Equipment,Adidas,19130.0,4.6,2023-05-31
984,Beauty,Haircare,Nykaa,3700.0,4.3,2023-03-31
985,Home & Kitchen,Decor,IKEA,1000.0,4.2,2023-03-24
986,Fashion,Women Clothing,Myntra,3860.0,3.3,2022-05-29
987,Beauty,Personal Care,Lakme,580.0,3.1,2022-02-28
988,Books,Comics,Rupa,820.0,4.7,2022-09-14
989,Beauty,Fragrances,Himalaya,3090.0,4.3,2022-11-26
990,Sports,Cricket,Adidas,1710.0,3.6,2023-02-26
991,Electronics,Tablets,Realme,31840.0,4.6,2023-04-10
992,Books,Non-Fiction,Rupa,720.0,4.7,2022-01-09
993,Grocery,Staples,ITC,170.0,4.7,2022-09-29
994,Fashion,Footwear,W,9680.0,3.9,2022-05-18
995,Electronics,Earphones,Sony,50120.0,4.0,2022-06-17
996,Grocery,Personal Hygiene,Britannia,870.0,4.8,2022-04-15
997,Books,Comics,HarperCollins,970.0,4.7,2022-10-16
998,Beauty,Makeup,Himalaya,3670.0,3.4,2022-11-09
999,Beauty,Skincare,Nykaa,950.0,3.3,2023-04-12
1000,Electronics,Smartwatches,Realme,82370.0,3.4,2023-05-01
1001,Grocery,Snacks,Tata,280.0,3.0,2022-07-07
1002,Beauty,Makeup,Himalaya,330.0,3.4,2022-05-28
1003,Sports,Cricket,Cosco,9030.0,4.9,2023-03-15
1004,Sports,Yoga,SG,13050.0,3.8,2023-06-22
1005,Beauty,Fragrances,Nykaa,1540.0,3.5,2022-09-22
1006,Beauty,Makeup,Lakme,1250.0,2.8,2022-05-20
1007,Books,Comics,HarperCollins,470.0,4.8,2022-01-04
1008,Books,Academic,Scholastic,490.0,4.3,2022-12-07
1009,Books,Fiction,Scholastic,290.0,3.6,2022-09-13
1010,Sports,Yoga,Nike,2390.0,4.6,2023-06-25
1011,Home & Kitchen,Decor,Milton,18200.0,3.7,2022-12-24
1012,Beauty,Skincare,Lakme,4910.0,3.7,2023-02-16
1013,Fashion,Women Clothing,Biba,9230.0,4.7,2022-03-05
1014,Grocery,Dairy,Tata,670.0,3.5,2022-09-16
1015,Sports,Fitness Equipment,Decathlon,19360.0,3.0,2022-02-05
1016,Fashion,Women Clothing,FabIndia,6430.0,3.5,2022-09-12
1017,Electronics,Laptops,Sony,66280.0,4.3,2023-05-19
1018,Electronics,Tablets,boAt,95540.0,3.2,2022-11-02
1019,Beauty,Makeup,L'Oreal,1020.0,2.9,2022-04-18
1020,Fashion,Men Clothing,H&M,5530.0,2.8,2022-07-10
1021,Sports,Outdoor,SG,15210.0,2.9,2023-02-09
1022,Beauty,Skincare,Nykaa,3510.0,3.5,2023-06-07
1023,Home & Kitchen,Appliances,Milton,11420.0,3.6,2022-11-30
1024,Books,Academic,Penguin,570.0,2.9,2023-06-19
1025,Fashion,Footwear,H&M,940.0,3.2,2023-06-20
1026,Books,Comics,Westland,490.0,2.9,2022-11-20
1027,Grocery,Personal Hygiene,Nestle,410.0,4.8,2023-06-23
1028,Grocery,Beverages,ITC,550.0,4.8,2023-06-30
1029,Home & Kitchen,Bedding,Prestige,9980.0,2.9,2022-03-23
1030,Books,Non-Fiction,HarperCollins,830.0,4.0,2023-04-17
1031,Electronics,Laptops,Apple,111990.0,4.8,2022-08-01
1032,Grocery,Dairy,Amul,540.0,5.0,2022-05-10
1033,Grocery,Dairy,Dabur,500.0,3.7,2023-03-14
1034,Sports,Footwear,Adidas,9530.0,4.0,2023-01-23
1035,Electronics,Laptops,Apple,1440.0,5.0,2023-05-10
1036,Beauty,Personal Care,Mamaearth,4170.0,3.8,2022-03-23
1037,Books,Fiction,Westland,260.0,4.0,2022-08-16
1038,Home & Kitchen,Decor,Pigeon,21190.0,3.9,2022-12-17
1039,Beauty,Haircare,Mamaearth,4770.0,3.1,2023-04-09
1040,Beauty,Skincare,Lakme,1350.0,3.3,2023-06-28
1041,Home & Kitchen,Appliances,Milton,6710.0,4.9,2023-04-19
1042,Fashion,Women Clothing,H&M,5600.0,4.6,2023-04-04
1043,Electronics,Earphones,Realme,24900.0,3.4,2022-06-06
1044,Home & Kitchen,Decor,IKEA,8850.0,3.7,2022-08-17
1045,Sports,Outdoor,Cosco,13050.0,3.4,2022-04-17
1046,Beauty,Fragrances,Himalaya,2730.0,4.9,2023-01-04
1047,Grocery,Personal Hygiene,Amul,650.0,4.7,2023-02-14
1048,Grocery,Dairy,ITC,540.0,4.7,2022-12-18
1049,Beauty,Personal Care,Lakme,1550.0,4.9,2023-06-12
1050,Books,Academic,Westland,550.0,3.3,2022-07-11
1051,Books,Non-Fiction,Scholastic,860.0,4.9,2022-06-16
1052,Home & Kitchen,Appliances,Cello,10040.0,4.0,2023-03-25
1053,Electronics,Smartphones,Realme,127430.0,4.8,2022-09-02
1054,Books,Comics,Rupa,950.0,4.1,2022-10-13
1055,Fashion,Accessories,Myntra,510.0,3.7,2022-11-27
1056,Fashion,Men Clothing,Zara,1460.0,4.4,2022-08-19
1057,Grocery,Snacks,Britannia,530.0,4.3,2022-09-05
1058,Books,Comics,Westland,180.0,4.5,2022-05-28
1059,Sports,Cricket,Adidas,7240.0,4.0,2022-02-24
1060,Home & Kitchen,Appliances,Prestige,1340.0,4.3,2022-04-30
1061,Home & Kitchen,Furniture,Philips,13820.0,4.6,2022-07-22
1062,Home & Kitchen,Bedding,Milton,830.0,4.2,2023-04-06
1063,Beauty,Haircare,Himalaya,3860.0,3.0,2022-11-23
1064,Beauty,Makeup,Himalaya,2210.0,4.2,2023-04-19
1065,Books,Comics,Rupa,420.0,3.9,2022-12-18
1066,Sports,Yoga,Decathlon,19530.0,2.9,2022-12-17
1067,Home & Kitchen,Furniture,Pigeon,18950.0,3.1,2022-03-26
1068,Beauty,Skincare,Nykaa,2620.0,4.7,2022-10-21
1069,Electronics,Tablets,Apple,93830.0,4.9,2022-11-17
1070,Fashion,Footwear,H&M,8130.0,2.9,2023-04-10
1071,Books,Comics,Scholastic,250.0,4.5,2023-02-08
1072,Books,Academic,Penguin,890.0,4.1,2022-07-09
1073,Electronics,Earphones,Sony,136200.0,3.9,2022-10-30
1074,Home & Kitchen,Furniture,Prestige,24150.0,2.9,2022-05-19
1075,Beauty,Fragrances,Himalaya,4420.0,3.8,2022-01-27
1076,Sports,Yoga,Adidas,6140.0,2.9,2023-01-07
1077,Books,Non-Fiction,HarperCollins,750.0,3.0,2022-06-22
1078,Books,Academic,Rupa,110.0,4.3,2022-07-25
1079,Grocery,Dairy,ITC,310.0,4.6,2022-01-23
1080,Sports,Footwear,Nike,3680.0,4.4,2022-02-09
1081,Home & Kitchen,Furniture,IKEA,14450.0,3.5,2022-03-04
1082,Books,Fiction,Rupa,930.0,3.9,2022-09-16
1083,Electronics,Laptops,Sony,136680.0,3.3,2022-06-07
1084,Home & Kitchen,Decor,Milton,440.0,4.0,2022-03-31
1085,Grocery,Staples,ITC,800.0,4.4,2022-08-27
1086,Home & Kitchen,Appliances,Pigeon,11130.0,3.0,2022-08-08
1087,Sports,Yoga,Cosco,13900.0,4.8,2023-03-14
1088,Sports,Outdoor,Nike,3870.0,3.3,2022-05-12
1089,Electronics,Smartphones,Apple,4370.0,3.2,2022-03-30
1090,Books,Non-Fiction,Scholastic,170.0,3.3,2022-04-05
1091,Home & Kitchen,Appliances,IKEA,16900.0,3.2,2023-06-23
1092,Sports,Fitness Equipment,SG,10990.0,4.0,2022-03-13
1093,Sports,Outdoor,Nivia,8360.0,4.6,2022-06-11
1094,Fashion,Men Clothing,Puma,5810.0,4.3,2022-02-06
1095,Sports,Cricket,Nike,13480.0,3.2,2023-02-06
1096,Sports,Cricket,Nike,8960.0,3.1,2023-03-18
1097,Grocery,Dairy,Amul,80.0,3.5,2022-03-12
1098,Beauty,Skincare,Lakme,4300.0,3.3,2022-04-05
1099,Sports,Fitness Equipment,SG,15900.0,3.9,2022-02-06
1100,Home & Kitchen,Cookware,Prestige,7330.0,3.3,2022-06-12
1101,Electronics,Laptops,OnePlus,142930.0,3.4,2023-01-12
1102,Beauty,Skincare,L'Oreal,470.0,4.8,2023-05-02
1103,Grocery,Dairy,Nestle,90.0,4.4,2023-04-10
1104,Home & Kitchen,Furniture,IKEA,21280.0,4.2,2022-06-05
1105,Fashion,Men Clothing,Puma,3900.0,4.4,2022-05-01
1106,Beauty,Skincare,Mamaearth,3340.0,4.9,2023-05-31
1107,Books,Fiction,Penguin,690.0,4.7,2022-02-26
1108,Home & Kitchen,Bedding,Prestige,28630.0,4.5,2023-01-24
1109,Grocery,Snacks,Tata,440.0,4.7,2022-01-24
1110,Electronics,Earphones,Mi,91330.0,3.7,2023-02-11
1111,Beauty,Personal Care,Mamaearth,4320.0,3.1,2022-09-11
1112,Fashion,Accessories,Zara,490.0,3.0,2022-11-22
1113,Sports,Fitness Equipment,Nike,11680.0,4.7,2022-03-09
1114,Home & Kitchen,Cookware,Cello,12740.0,3.3,2022-08-10
1115,Home & Kitchen,Furniture,Prestige,24010.0,3.7,2023-05-18
1116,Home & Kitchen,Decor,Pigeon,16340.0,4.0,2022-07-17
1117,Sports,Cricket,Adidas,9470.0,4.1,2022-01-06
1118,Grocery,Personal Hygiene,Amul,210.0,4.0,2022-11-29
1119,Sports,Cricket,Nivia,7600.0,4.9,2022-10-08
1120,Home & Kitchen,Decor,Prestige,6500.0,4.5,2023-03-07
1121,Grocery,Staples,ITC,920.0,3.9,2022-06-19
1122,Grocery,Snacks,Amul,510.0,4.0,2022-07-31
1123,Sports,Outdoor,Adidas,8050.0,4.0,2022-07-17
1124,Fashion,Women Clothing,W,370.0,3.4,2022-08-30
1125,Beauty,Makeup,L'Oreal,1880.0,3.5,2023-03-08
1126,Grocery,Beverages,Britannia,450.0,3.9,2022-09-30
1127,Electronics,Smartwatches,Apple,73920.0,3.0,2022-02-09
1128,Beauty,Haircare,Lakme,2340.0,3.6,2022-06-22
1129,Sports,Outdoor,Cosco,8110.0,3.1,2023-01-02
1130,Sports,Footwear,Nike,10350.0,3.0,2022-10-03
1131,Home & Kitchen,Cookware,IKEA,13290.0,4.0,2022-11-16
1132,Books,Non-Fiction,Westland,900.0,3.0,2023-01-26
1133,Electronics,Smartphones,OnePlus,58310.0,2.9,2022-07-23
1134,Beauty,Skincare,Lakme,2630.0,3.2,2022-01-23
1135,Grocery,Beverages,Nestle,360.0,4.2,2023-01-24
1136,Home & Kitchen,Decor,Philips,22300.0,3.9,2022-09-10
1137,Beauty,Personal Care,Nykaa,4630.0,4.9,2022-08-26
1138,Beauty,Fragrances,Lakme,4940.0,4.6,2022-07-23
1139,Home & Kitchen,Decor,Pigeon,20640.0,3.4,2022-12-13
1140,Grocery,Personal Hygiene,Nestle,680.0,4.5,2022-01-30
1141,Electronics,Laptops,Samsung,127760.0,3.0,2023-02-28
1142,Books,Non-Fiction,HarperCollins,550.0,3.1,2022-08-14
1143,Sports,Outdoor,SG,9540.0,3.4,2022-05-09
1144,Books,Fiction,Westland,770.0,4.6,2023-02-04
1145,Grocery,Personal Hygiene,ITC,550.0,4.2,2022-02-26
1146,Sports,Footwear,Nivia,12690.0,2.8,2022-07-18
1147,Home & Kitchen,Cookware,Pigeon,18210.0,3.0,2023-01-05
1148,Electronics,Tablets,Samsung,10910.0,3.7,2022-09-23
1149,Grocery,Staples,ITC,300.0,4.0,2022-09-15
1150,Sports,Footwear,Adidas,17460.0,4.9,2023-04-20
1151,Electronics,Smartphones,Realme,63280.0,4.6,2022-12-05
1152,Books,Comics,Rupa,890.0,3.1,2022-07-05
1153,Sports,Footwear,Decathlon,5840.0,4.4,2023-03-15
1154,Sports,Footwear,Decathlon,2940.0,3.0,2023-05-03
1155,Grocery,Beverages,Amul,160.0,3.6,2023-05-28
1156,Electronics,Smartphones,Samsung,62530.0,4.8,2022-03-10
1157,Books,Children,HarperCollins,340.0,3.8,2022-10-19
1158,Books,Academic,Scholastic,260.0,3.5,2022-05-01
1159,Grocery,Dairy,Dabur,240.0,3.3,2022-06-16
1160,Beauty,Makeup,Biotique,2620.0,3.9,2022-04-04
1161,Books,Fiction,Penguin,180.0,2.8,2022-04-16
1162,Fashion,Kids Wear,Myntra,6430.0,3.5,2023-02-19
1163,Electronics,Laptops,Samsung,128540.0,4.7,2022-11-05
1164,Sports,Footwear,Nike,14040.0,4.7,2022-06-27
1165,Books,Non-Fiction,Rupa,740.0,4.5,2022-07-26
1166,Books,Non-Fiction,Westland,250.0,4.0,2023-04-29
1167,Books,Academic,Westland,690.0,4.1,2022-05-08
1168,Books,Non-Fiction,Penguin,930.0,3.7,2022-11-30
1169,Beauty,Makeup,Biotique,2340.0,4.4,2022-04-09
1170,Grocery,Staples,Nestle,530.0,3.1,2022-03-08
1171,Grocery,Personal Hygiene,Amul,960.0,4.3,2023-06-19
1172,Grocery,Personal Hygiene,Nestle,100.0,4.4,2022-01-03
1173,Beauty,Personal Care,Lakme,670.0,3.7,2022-03-19
1174,Home & Kitchen,Bedding,IKEA,7790.0,4.4,2022-03-25
1175,Electronics,Tablets,Sony,75970.0,2.9,2023-04-14
1176,Home & Kitchen,Decor,Philips,22000.0,3.5,2023-05-17
1177,Fashion,Kids Wear,W,8610.0,4.5,2022-07-09
1178,Fashion,Accessories,Biba,6760.0,4.9,2023-05-23
1179,Beauty,Skincare,Lakme,2400.0,4.0,2022-05-04
1180,Books,Non-Fiction,Rupa,320.0,3.5,2022-04-08
1181,Fashion,Men Clothing,Puma,6570.0,4.5,2022-02-01
1182,Sports,Cricket,Adidas,8240.0,4.1,2022-03-03
1183,Sports,Outdoor,Nivia,8240.0,4.4,2022-06-01
1184,Sports,Outdoor,Decathlon,18230.0,4.7,2022-08-09
1185,Grocery,Personal Hygiene,Dabur,1000.0,3.8,2023-02-24
1186,Home & Kitchen,Bedding,Pigeon,15980.0,4.9,2022-01-02
1187,Grocery,Staples,ITC,690.0,4.4,2022-01-10
1188,Grocery,Personal Hygiene,Tata,460.0,4.6,2023-05-15
1189,Sports,Fitness Equipment,SG,12700.0,4.5,2023-03-03
1190,Books,Children,Scholastic,300.0,2.9,2022-02-05
1191,Sports,Yoga,Adidas,5600.0,3.4,2022-06-08
1192,Books,Children,Westland,750.0,4.0,2023-02-24
1193,Books,Non-Fiction,Scholastic,470.0,2.9,2023-05-02
1194,Grocery,Beverages,Dabur,870.0,4.6,2023-02-09
1195,Home & Kitchen,Bedding,Philips,12930.0,3.7,2022-10-10
1196,Electronics,Tablets,Mi,24440.0,3.0,2022-10-05
1197,Beauty,Fragrances,Himalaya,1810.0,4.7,2022-02-11
1198,Fashion,Footwear,Myntra,7690.0,4.5,2022-03-04
1199,Fashion,Accessories,H&M,4090.0,5.0,2022-08-20
1200,Electronics,Laptops,Apple,126850.0,3.7,2022-09-19
1201,Home & Kitchen,Furniture,IKEA,28580.0,3.3,2022-01-11
1202,Sports,Fitness Equipment,Cosco,15120.0,4.6,2022-02-10
1203,Books,Children,HarperCollins,400.0,3.8,2022-12-18
1204,Fashion,Women Clothing,Myntra,4760.0,4.4,2023-01-12
1205,Electronics,Laptops,OnePlus,106360.0,3.2,2022-01-26
1206,Electronics,Earphones,Sony,125820.0,3.3,2023-02-22
1207,Sports,Cricket,Adidas,2890.0,3.8,2022-08-11
1208,Home & Kitchen,Furniture,Philips,16080.0,3.6,2023-02-14
1209,Fashion,Kids Wear,H&M,4760.0,4.8,2022-08-13
1210,Beauty,Haircare,Mamaearth,1750.0,4.1,2022-04-15
1211,Electronics,Laptops,Sony,34800.0,3.8,2022-02-24
1212,Electronics,Tablets,Realme,87820.0,3.1,2022-08-01
1213,Home & Kitchen,Cookware,Philips,22340.0,2.8,2022-07-22
1214,Fashion,Women Clothing,Puma,2130.0,3.1,2023-06-11
1215,Fashion,Kids Wear,Myntra,3800.0,4.2,2022-03-26
1216,Fashion,Footwear,Biba,4970.0,4.0,2022-01-13
1217,Home & Kitchen,Bedding,Philips,13310.0,4.1,2023-01-16
1218,Grocery,Staples,Amul,950.0,4.1,2023-01-30
1219,Sports,Fitness Equipment,Nivia,12630.0,3.5,2023-01-01
1220,Home & Kitchen,Decor,Pigeon,24990.0,3.1,2023-01-12
1221,Beauty,Personal Care,Mamaearth,2370.0,4.3,2023-03-22
1222,Home & Kitchen,Cookware,IKEA,6350.0,3.1,2023-04-07
1223,Fashion,Kids Wear,FabIndia,5320.0,3.6,2022-07-29
1224,Home & Kitchen,Furniture,Cello,29760.0,3.3,2022-02-08
1225,Fashion,Kids Wear,FabIndia,6210.0,4.1,2023-06-15
1226,Grocery,Snacks,Dabur,230.0,4.3,2022-01-24
1227,Fashion,Women Clothing,Zara,6020.0,3.6,2023-03-07
1228,Home & Kitchen,Decor,Prestige,20490.0,4.4,2022-05-11
1229,Home & Kitchen,Cookware,Milton,13190.0,4.7,2023-06-21
1230,Beauty,Skincare,L'Oreal,3270.0,3.3,2022-11-01
1231,Beauty,Fragrances,L'Oreal,560.0,3.5,2023-06-29
1232,Beauty,Haircare,Mamaearth,2840.0,3.6,2022-04-02
1233,Books,Fiction,HarperCollins,570.0,3.2,2022-05-31
1234,Grocery,Dairy,Amul,190.0,3.0,2022-12-27
1235,Sports,Outdoor,Adidas,18170.0,3.8,2022-07-30
1236,Sports,Outdoor,Adidas,12010.0,3.4,2022-12-11
1237,Sports,Footwear,Nike,4180.0,4.0,2022-11-25
1238,Grocery,Beverages,Amul,380.0,4.5,2023-01-12
1239,Fashion,Men Clothing,FabIndia,770.0,3.9,2022-02-02
1240,Electronics,Laptops,Realme,127900.0,2.8,2022-05-30
1241,Books,Children,HarperCollins,440.0,3.6,2022-06-21
1242,Home & Kitchen,Bedding,Pigeon,23880.0,3.3,2022-07-10
1243,Fashion,Women Clothing,Myntra,9200.0,3.8,2022-08-07
1244,Sports,Fitness Equipment,Cosco,13420.0,2.8,2022-04-09
1245,Sports,Fitness Equipment,Nike,12140.0,3.5,2023-06-16
1246,Beauty,Fragrances,Biotique,4850.0,2.9,2023-03-29
1247,Fashion,Women Clothing,FabIndia,3230.0,4.8,2023-04-04
1248,Grocery,Personal Hygiene,Britannia,640.0,3.2,2023-04-26
1249,Sports,Footwear,SG,7390.0,4.9,2022-04-04
1250,Beauty,Fragrances,Lakme,3950.0,4.2,2022-01-24
1251,Sports,Cricket,Cosco,2110.0,3.7,2023-01-10
1252,Books,Comics,Penguin,110.0,3.6,2023-05-18
1253,Grocery,Snacks,Dabur,290.0,3.8,2022-11-04
1254,Home & Kitchen,Bedding,Philips,20720.0,4.9,2023-03-28
1255,Grocery,Personal Hygiene,Tata,750.0,4.5,2022-11-30
1256,Fashion,Kids Wear,W,490.0,3.5,2023-03-24
1257,Home & Kitchen,Cookware,Cello,5900.0,4.0,2022-11-07
1258,Books,Children,Westland,180.0,4.0,2023-05-30
1259,Fashion,Accessories,Myntra,2610.0,3.4,2022-02-14
1260,Sports,Outdoor,SG,6510.0,3.3,2022-02-11
1261,Beauty,Haircare,Biotique,1680.0,3.1,2022-02-16
1262,Sports,Yoga,Nivia,11910.0,4.3,2022-10-15
1263,Beauty,Personal Care,Biotique,910.0,4.8,2022-11-02
1264,Grocery,Snacks,Nestle,270.0,3.7,2022-12-04
1265,Fashion,Men Clothing,H&M,8240.0,4.3,2023-02-03
1266,Electronics,Laptops,Mi,68050.0,2.8,2022-02-16
1267,Fashion,Footwear,Puma,3240.0,4.2,2023-01-26
1268,Beauty,Skincare,Nykaa,2980.0,2.9,2023-05-04
1269,Beauty,Makeup,L'Oreal,1450.0,3.7,2022-05-06
1270,Books,Fiction,Westland,170.0,3.2,2022-12-13
1271,Electronics,Laptops,Realme,86390.0,4.3,2022-11-17
1272,Home & Kitchen,Appliances,Milton,21360.0,4.4,2022-03-13
1273,Books,Comics,Penguin,140.0,4.6,2022-05-06
1274,Home & Kitchen,Appliances,Cello,6800.0,3.3,2022-05-15
1275,Grocery,Personal Hygiene,Amul,720.0,4.3,2022-01-02
1276,Electronics,Laptops,Mi,47410.0,4.4,2022-01-27
1277,Fashion,Kids Wear,Myntra,7900.0,3.9,2023-06-16
1278,Electronics,Smartphones,Samsung,10750.0,4.7,2022-12-29
1279,Grocery,Dairy,Tata,960.0,3.0,2023-01-19
1280,Sports,Fitness Equipment,Cosco,15000.0,4.2,2022-04-03
1281,Sports,Footwear,SG,11450.0,4.1,2022-07-14
1282,Beauty,Makeup,Lakme,4400.0,3.5,2022-04-08
1283,Books,Comics,HarperCollins,850.0,4.1,2023-06-30
1284,Beauty,Skincare,Himalaya,2220.0,4.3,2022-03-20
1285,Beauty,Skincare,Himalaya,160.0,3.5,2022-06-01
1286,Sports,Cricket,Nivia,3430.0,4.6,2023-01-10
1287,Electronics,Smartwatches,Realme,15660.0,3.7,2022-06-07
1288,Sports,Cricket,Adidas,16290.0,3.0,2022-07-19
1289,Home & Kitchen,Appliances,IKEA,5060.0,3.1,2022-09-29
1290,Electronics,Smartphones,Sony,32370.0,4.7,2022-03-16
1291,Beauty,Fragrances,Nykaa,2660.0,3.6,2022-06-08
1292,Books,Children,Rupa,590.0,3.7,2022-04-19
1293,Electronics,Laptops,boAt,118450.0,4.4,2022-02-03
1294,Books,Non-Fiction,Penguin,990.0,4.1,2023-01-15
1295,Electronics,Smartwatches,OnePlus,73810.0,3.0,2022-04-23
1296,Electronics,Tablets,boAt,7680.0,4.2,2022-03-25
1297,Electronics,Laptops,Sony,100390.0,4.2,2022-08-24
1298,Grocery,Personal Hygiene,Britannia,930.0,3.2,2022-07-06
1299,Home & Kitchen,Decor,Cello,26270.0,3.9,2023-05-23
1300,Sports,Cricket,Nike,8700.0,3.1,2022-04-28
1301,Grocery,Beverages,Dabur,360.0,3.7,2023-06-02
1302,Books,Comics,Penguin,860.0,4.7,2023-02-01
1303,Books,Fiction,Scholastic,790.0,4.7,2022-02-19
1304,Home & Kitchen,Decor,Prestige,10440.0,3.0,2022-05-25
1305,Grocery,Staples,ITC,800.0,2.8,2022-05-06
1306,Beauty,Makeup,Lakme,4710.0,4.8,2022-01-14
1307,Home & Kitchen,Decor,Pigeon,23930.0,3.7,2022-02-13
1308,Sports,Fitness Equipment,Nivia,12300.0,4.8,2022-09-20
1309,Electronics,Tablets,Sony,35790.0,3.7,2022-11-30
1310,Home & Kitchen,Decor,Cello,26280.0,2.9,2023-02-18
1311,Electronics,Tablets,Realme,121830.0,4.4,2023-05-29
1312,Electronics,Smartwatches,Sony,20190.0,4.9,2022-09-26
1313,Home & Kitchen,Bedding,Milton,17900.0,3.3,2022-12-23
1314,Sports,Fitness Equipment,Cosco,5310.0,4.1,2022-10-08
1315,Electronics,Earphones,Apple,99940.0,4.2,2022-10-25
1316,Sports,Footwear,Cosco,18610.0,5.0,2023-03-30
1317,Beauty,Haircare,Nykaa,4250.0,4.3,2022-10-22
1318,Beauty,Fragrances,L'Oreal,3060.0,4.7,2022-12-20
1319,Fashion,Men Clothing,Zara,4030.0,4.7,2022-10-20
1320,Beauty,Haircare,Himalaya,4900.0,3.7,2023-04-26
1321,Home & Kitchen,Bedding,Cello,9740.0,4.8,2022-05-18
1322,Grocery,Dairy,ITC,620.0,3.8,2023-02-02
1323,Electronics,Smartphones,Sony,58840.0,3.1,2023-02-13
1324,Beauty,Skincare,Mamaearth,1610.0,3.9,2022-10-04
1325,Grocery,Dairy,Britannia,610.0,4.2,2023-02-27
1326,Beauty,Skincare,Lakme,2040.0,3.6,2023-05-25
1327,Books,Children,Rupa,140.0,2.9,2023-01-08
1328,Grocery,Dairy,ITC,230.0,4.4,2022-06-01
1329,Home & Kitchen,Furniture,IKEA,5540.0,3.2,2022-06-05
1330,Home & Kitchen,Bedding,Prestige,220.0,3.5,2023-06-20
1331,Grocery,Personal Hygiene,Nestle,610.0,4.7,2023-04-09
1332,Fashion,Men Clothing,Myntra,9570.0,2.9,2022-06-03
1333,Electronics,Earphones,Realme,134610.0,3.5,2022-03-31
1334,Fashion,Men Clothing,W,2870.0,4.8,2022-01-18
1335,Home & Kitchen,Appliances,Cello,7050.0,4.3,2022-09-06
1336,Fashion,Women Clothing,Biba,7230.0,3.1,2022-03-29
1337,Fashion,Kids Wear,Myntra,9180.0,4.8,2022-08-20
1338,Books,Fiction,Rupa,920.0,4.2,2022-03-18
1339,Home & Kitchen,Cookware,Cello,27800.0,3.9,2022-08-16
1340,Home & Kitchen,Furniture,Pigeon,25320.0,3.8,2023-05-09
1341,Sports,Yoga,Adidas,13840.0,3.5,2022-06-02
1342,Electronics,Smartphones,boAt,139620.0,3.1,2022-04-05
1343,Fashion,Accessories,W,9410.0,4.7,2023-06-14
1344,Electronics,Tablets,Samsung,98140.0,4.9,2023-01-28
1345,Fashion,Footwear,H&M,9740.0,3.6,2023-04-20
1346,Sports,Yoga,Cosco,16250.0,4.3,2023-01-06
1347,Sports,Outdoor,Cosco,19450.0,4.5,2022-12-22
1348,Grocery,Snacks,Amul,240.0,4.3,2023-05-30
1349,Sports,Yoga,Adidas,4070.0,4.5,2023-05-21
1350,Grocery,Snacks,Nestle,330.0,4.4,2022-05-12
1351,Books,Academic,HarperCollins,390.0,2.9,2023-04-23
1352,Sports,Yoga,Adidas,11160.0,3.5,2022-09-13
1353,Home & Kitchen,Decor,IKEA,7060.0,4.4,2022-07-11
1354,Sports,Outdoor,Adidas,340.0,3.4,2023-02-11
1355,Beauty,Fragrances,L'Oreal,4580.0,4.4,2023-06-30
1356,Fashion,Kids Wear,W,9700.0,3.5,2023-05-28
1357,Beauty,Skincare,Biotique,3360.0,2.9,2023-04-29
1358,Home & Kitchen,Furniture,Prestige,20580.0,4.6,2023-02-04
1359,Sports,Footwear,SG,3950.0,3.6,2022-05-20
1360,Beauty,Haircare,Lakme,3320.0,2.9,2022-10-30
1361,Books,Fiction,Rupa,810.0,3.4,2022-01-04
1362,Books,Fiction,Penguin,820.0,3.0,2022-10-21
1363,Home & Kitchen,Furniture,Cello,23690.0,4.1,2022-11-10
1364,Home & Kitchen,Bedding,IKEA,8280.0,3.3,2022-03-12
1365,Sports,Yoga,Cosco,2110.0,3.1,2023-01-07
1366,Fashion,Women Clothing,Puma,2580.0,3.4,2023-04-07
1367,Fashion,Kids Wear,FabIndia,8450.0,3.8,2022-04-05
1368,Electronics,Smartphones,Realme,31300.0,4.2,2022-08-20
1369,Home & Kitchen,Decor,Cello,18070.0,3.6,2022-12-31
1370,Grocery,Personal Hygiene,Dabur,430.0,3.0,2023-06-28
1371,Sports,Yoga,Nike,16790.0,3.8,2023-02-18
1372,Electronics,Laptops,Samsung,55270.0,4.1,2023-05-27
1373,Sports,Footwear,Adidas,9230.0,5.0,2022-08-13
1374,Sports,Cricket,Cosco,18080.0,4.1,2022-02-16
1375,Fashion,Women Clothing,Zara,1770.0,3.2,2022-11-26
1376,Home & Kitchen,Appliances,Prestige,27890.0,3.8,2022-10-24
1377,Beauty,Haircare,Biotique,680.0,3.5,2023-06-22
1378,Fashion,Accessories,W,4740.0,3.8,2023-05-24
1379,Home & Kitchen,Cookware,Milton,740.0,3.7,2023-02-25
1380,Grocery,Beverages,Amul,40.0,4.3,2023-04-06
1381,Beauty,Haircare,Mamaearth,4290.0,4.0,2022-06-08
1382,Electronics,Laptops,Sony,103270.0,4.0,2022-05-04
1383,Sports,Cricket,SG,8420.0,4.9,2022-06-18
1384,Beauty,Personal Care,Nykaa,3840.0,3.1,2022-09-25
1385,Books,Non-Fiction,Scholastic,280.0,4.7,2022-11-03
1386,Books,Academic,Scholastic,1000.0,3.7,2022-06-20
1387,Books,Fiction,Westland,460.0,4.9,2022-02-03
1388,Home & Kitchen,Appliances,IKEA,29660.0,3.0,2022-07-27
1389,Home & Kitchen,Decor,Philips,29950.0,3.9,2022-10-11
1390,Sports,Yoga,Nike,2430.0,3.9,2022-11-13
1391,Grocery,Dairy,Nestle,120.0,4.9,2022-07-05
1392,Electronics,Smartphones,Sony,58620.0,3.3,2022-04-01
1393,Beauty,Skincare,Nykaa,2840.0,4.4,2022-08-19
1394,Grocery,Dairy,Nestle,640.0,4.0,2022-03-27
1395,Books,Children,Rupa,620.0,4.8,2023-01-17
1396,Sports,Footwear,Adidas,1650.0,3.3,2022-07-22
1397,Electronics,Laptops,Sony,128050.0,3.2,2023-02-08
1398,Home & Kitchen,Appliances,Milton,5480.0,3.7,2023-03-14
1399,Sports,Outdoor,Cosco,9860.0,4.0,2023-01-05
1400,Grocery,Personal Hygiene,Amul,100.0,4.6,2022-11-13
1401,Electronics,Smartwatches,OnePlus,149760.0,3.0,2022-12-21
1402,Fashion,Kids Wear,Zara,9610.0,4.2,2022-11-01
1403,Fashion,Accessories,Puma,5010.0,3.1,2022-07-25
1404,Sports,Yoga,Nike,13650.0,3.9,2023-02-20
1405,Electronics,Earphones,Sony,4620.0,3.0,2022-03-25
1406,Fashion,Kids Wear,Zara,3480.0,4.0,2022-01-01
1407,Home & Kitchen,Decor,Philips,22530.0,3.7,2022-09-15
1408,Beauty,Personal Care,Mamaearth,3810.0,3.4,2022-01-14
1409,Electronics,Smartphones,Sony,109050.0,4.9,2022-04-10
1410,Grocery,Dairy,Nestle,830.0,4.3,2022-01-19
1411,Home & Kitchen,Appliances,Cello,28680.0,3.6,2023-05-08
1412,Fashion,Kids Wear,Biba,9240.0,3.6,2023-01-26
1413,Beauty,Haircare,L'Oreal,2310.0,5.0,2023-02-08
1414,Electronics,Smartphones,Sony,27590.0,3.2,2022-07-05
1415,Beauty,Makeup,Mamaearth,3400.0,2.9,2023-06-06
1416,Grocery,Dairy,Britannia,580.0,5.0,2022-10-01
1417,Home & Kitchen,Appliances,Milton,3290.0,4.7,2023-01-08
1418,Home & Kitchen,Bedding,Cello,6020.0,4.5,2023-05-16
1419,Beauty,Skincare,Lakme,670.0,3.5,2022-04-09
1420,Grocery,Dairy,Dabur,510.0,4.2,2022-07-07
1421,Books,Children,Penguin,830.0,4.1,2023-06-05
1422,Home & Kitchen,Bedding,Cello,16640.0,4.0,2023-03-07
1423,Grocery,Staples,Tata,930.0,4.0,2023-05-01
1424,Fashion,Footwear,W,3910.0,4.9,2022-10-28
1425,Grocery,Snacks,Dabur,920.0,5.0,2023-02-25
1426,Home & Kitchen,Decor,Milton,1720.0,3.6,2022-06-03
1427,Beauty,Fragrances,L'Oreal,3320.0,4.7,2022-12-26
1428,Sports,Outdoor,Decathlon,14760.0,3.9,2023-02-01
1429,Beauty,Personal Care,Nykaa,4110.0,4.2,2023-03-30
1430,Books,Fiction,Rupa,420.0,4.2,2022-09-02
1431,Home & Kitchen,Bedding,IKEA,25930.0,4.2,2022-05-13
1432,Home & Kitchen,Cookware,IKEA,7390.0,3.9,2022-01-06
1433,Sports,Footwear,Nivia,16670.0,4.0,2023-02-12
1434,Home & Kitchen,Furniture,Pigeon,18790.0,3.5,2022-01-28
1435,Fashion,Accessories,Puma,8180.0,3.4,2022-02-03
1436,Grocery,Dairy,Britannia,40.0,3.3,2022-08-10
1437,Fashion,Kids Wear,Myntra,9260.0,4.1,2022-07-11
1438,Books,Comics,Penguin,320.0,4.1,2022-11-07
1439,Books,Comics,Penguin,730.0,3.4,2022-01-30
1440,Beauty,Haircare,L'Oreal,1120.0,4.9,2022-10-09
1441,Electronics,Earphones,Samsung,108390.0,3.6,2022-06-30
1442,Grocery,Beverages,Tata,330.0,2.9,2022-05-25
1443,Beauty,Makeup,Himalaya,1230.0,4.0,2023-03-19
1444,Fashion,Women Clothing,Myntra,9260.0,3.8,2023-03-14
1445,Home & Kitchen,Bedding,Milton,22420.0,3.3,2022-05-20
1446,Beauty,Haircare,Himalaya,3130.0,3.4,2022-12-10
1447,Sports,Cricket,Nike,14230.0,4.5,2022-10-18
1448,Grocery,Staples,Tata,880.0,2.8,2023-05-16
1449,Beauty,Skincare,L'Oreal,4040.0,3.0,2022-12-02
1450,Electronics,Smartwatches,OnePlus,146520.0,3.4,2023-04-18
1451,Beauty,Personal Care,Biotique,2400.0,3.9,2022-08-30
1452,Grocery,Staples,Amul,110.0,3.4,2022-11-26
1453,Beauty,Makeup,Nykaa,3560.0,3.8,2022-08-04
1454,Grocery,Beverages,Tata,950.0,4.8,2022-07-07
1455,Beauty,Skincare,Mamaearth,3830.0,2.9,2023-02-18
1456,Grocery,Personal Hygiene,Amul,350.0,4.5,2022-03-03
1457,Beauty,Skincare,Biotique,4250.0,4.3,2022-05-03
1458,Fashion,Kids Wear,H&M,2540.0,4.4,2022-04-08
1459,Grocery,Snacks,Britannia,140.0,3.2,2023-04-18
1460,Home & Kitchen,Decor,Cello,19410.0,3.9,2022-11-01
1461,Books,Fiction,HarperCollins,920.0,3.3,2023-02-26
1462,Sports,Outdoor,Nike,6820.0,4.3,2022-01-12
1463,Beauty,Personal Care,Lakme,3820.0,4.2,2023-02-19
1464,Grocery,Beverages,Tata,890.0,4.6,2022-10-01
1465,Electronics,Smartwatches,Samsung,144860.0,4.0,2022-11-05
1466,Beauty,Personal Care,Biotique,1420.0,4.9,2022-01-11
1467,Fashion,Footwear,W,8440.0,3.6,2022-08-07
1468,Beauty,Makeup,Biotique,1490.0,4.3,2022-10-26
1469,Home & Kitchen,Appliances,Philips,14480.0,3.9,2022-01-11
1470,Fashion,Men Clothing,Puma,4630.0,4.7,2023-06-03
1471,Fashion,Accessories,Puma,9860.0,3.3,2022-03-26
1472,Beauty,Fragrances,Biotique,2640.0,4.4,2023-05-30
1473,Grocery,Beverages,Nestle,990.0,4.8,2022-11-20
1474,Books,Comics,HarperCollins,120.0,5.0,2022-02-04
1475,Beauty,Makeup,L'Oreal,120.0,4.4,2022-12-17
1476,Fashion,Accessories,W,6320.0,2.9,2023-01-06
1477,Fashion,Women Clothing,Puma,9140.0,2.9,2022-05-14
1478,Sports,Yoga,Nivia,12520.0,3.6,2022-08-13
1479,Electronics,Tablets,Sony,133780.0,4.8,2023-01-02
1480,Grocery,Dairy,Nestle,290.0,2.8,2022-09-08
1481,Electronics,Smartwatches,Mi,96580.0,3.1,2022-12-28
1482,Home & Kitchen,Cookware,Philips,20540.0,3.3,2022-06-17
1483,Electronics,Smartphones,Apple,130020.0,4.2,2023-01-01
1484,Fashion,Men Clothing,W,9770.0,3.5,2022-01-23
1485,Home & Kitchen,Furniture,Philips,2530.0,4.9,2022-05-24
1486,Books,Fiction,Westland,940.0,3.1,2022-02-26
1487,Home & Kitchen,Appliances,Prestige,23500.0,2.9,2022-09-01
1488,Electronics,Earphones,OnePlus,79840.0,4.4,2022-08-11
1489,Sports,Footwear,Cosco,15180.0,3.9,2023-04-03
1490,Fashion,Kids Wear,Puma,5350.0,4.4,2022-10-05
1491,Grocery,Beverages,Dabur,690.0,3.3,2022-04-18
1492,Home & Kitchen,Cookware,Cello,4870.0,3.1,2022-07-12
1493,Grocery,Personal Hygiene,ITC,450.0,3.4,2022-05-15
1494,Sports,Footwear,Nike,10190.0,3.2,2023-01-07
1495,Home & Kitchen,Bedding,Pigeon,12680.0,4.0,2023-06-23
1496,Books,Fiction,Rupa,910.0,4.1,2022-09-07
1497,Electronics,Tablets,Samsung,86490.0,4.4,2022-12-03
1498,Grocery,Beverages,Nestle,750.0,3.8,2022-04-16
1499,Books,Academic,Penguin,840.0,4.5,2023-06-09
1500,Sports,Footwear,SG,14840.0,4.7,2022-11-30
1501,Books,Fiction,Scholastic,610.0,4.2,2022-10-23
1502,Beauty,Makeup,Lakme,1260.0,3.5,2023-03-31
1503,Grocery,Dairy,Britannia,930.0,3.6,2022-12-27
1504,Sports,Cricket,Decathlon,17250.0,3.9,2022-03-21
1505,Grocery,Staples,Britannia,760.0,3.1,2022-06-06
1506,Beauty,Fragrances,Nykaa,1570.0,4.5,2023-04-08
1507,Books,Children,Westland,340.0,4.1,2022-07-04
1508,Home & Kitchen,Decor,Pigeon,3700.0,3.3,2023-04-04
1509,Fashion,Footwear,Biba,5950.0,4.6,2023-05-10
1510,Sports,Outdoor,SG,960.0,3.9,2022-10-19
1511,Grocery,Beverages,Nestle,610.0,3.4,2022-11-14
1512,Sports,Outdoor,Cosco,17950.0,4.8,2022-04-19
1513,Beauty,Fragrances,Mamaearth,1070.0,4.0,2023-03-08
1514,Books,Children,Penguin,240.0,3.6,2022-08-15
1515,Home & Kitchen,Cookware,Philips,23340.0,3.7,2022-09-27
1516,Sports,Fitness Equipment,Cosco,6160.0,4.5,2022-06-06
1517,Beauty,Haircare,Biotique,2460.0,3.6,2022-03-06
1518,Home & Kitchen,Decor,Prestige,20860.0,3.2,2022-04-16
1519,Beauty,Skincare,Lakme,1760.0,4.9,2022-12-11
1520,Sports,Cricket,Decathlon,7190.0,4.2,2022-12-11
1521,Grocery,Beverages,Amul,810.0,4.9,2023-03-11
1522,Sports,Cricket,Adidas,7580.0,4.9,2023-05-11
1523,Books,Children,Westland,560.0,4.0,2022-12-31
1524,Grocery,Staples,Nestle,990.0,4.4,2022-04-04
1525,Electronics,Tablets,boAt,113990.0,2.9,2022-07-25
1526,Electronics,Smartwatches,Samsung,55900.0,3.5,2023-04-28
1527,Sports,Footwear,Adidas,2050.0,4.4,2023-04-13
1528,Sports,Cricket,Adidas,7940.0,3.6,2022-02-17
1529,Grocery,Personal Hygiene,Dabur,970.0,4.7,2023-03-07
1530,Electronics,Tablets,Mi,143370.0,4.7,2023-06-03
1531,Sports,Footwear,Nivia,13650.0,5.0,2022-02-04
1532,Home & Kitchen,Decor,Cello,6070.0,3.0,2022-04-21
1533,Home & Kitchen,Furniture,Philips,1500.0,3.7,2022-02-19
1534,Electronics,Tablets,Realme,28880.0,4.3,2022-09-01
1535,Books,Non-Fiction,Scholastic,490.0,3.9,2022-02-13
1536,Fashion,Men Clothing,Biba,6760.0,3.3,2023-04-04
1537,Sports,Cricket,Nivia,19890.0,2.9,2023-06-30
1538,Sports,Cricket,SG,6080.0,4.9,2023-04-06
1539,Sports,Fitness Equipment,Cosco,15500.0,3.8,2022-09-12
1540,Books,Academic,HarperCollins,760.0,4.0,2022-11-03
1541,Sports,Fitness Equipment,Adidas,6020.0,4.4,2023-02-19
1542,Beauty,Makeup,L'Oreal,1460.0,4.4,2023-02-27
1543,Home & Kitchen,Decor,Prestige,7880.0,4.2,2022-07-18
1544,Grocery,Snacks,Amul,610.0,3.8,2022-09-03
1545,Beauty,Personal Care,Biotique,1700.0,3.0,2023-05-01
1546,Beauty,Makeup,Nykaa,3080.0,3.2,2023-02-02
1547,Sports,Outdoor,Nivia,1950.0,4.9,2022-09-21
1548,Beauty,Personal Care,Mamaearth,4910.0,4.1,2022-12-09
1549,Fashion,Men Clothing,Puma,3400.0,4.6,2023-02-18
1550,Home & Kitchen,Furniture,Philips,18530.0,2.8,2022-06-06
1551,Books,Children,Scholastic,780.0,4.7,2023-01-20
1552,Home & Kitchen,Appliances,Milton,11840.0,4.3,2023-06-16
1553,Electronics,Smartphones,Realme,147960.0,3.2,2022-05-23
1554,Sports,Cricket,Adidas,13370.0,4.2,2022-05-20
1555,Home & Kitchen,Bedding,Cello,14820.0,3.2,2022-02-23
1556,Fashion,Accessories,H&M,2460.0,4.4,2022-10-04
1557,Electronics,Smartwatches,Realme,106990.0,3.2,2023-02-28
1558,Beauty,Makeup,Biotique,4430.0,3.9,2022-12-01
1559,Beauty,Personal Care,Mamaearth,350.0,3.4,2022-12-04
1560,Home & Kitchen,Appliances,Milton,20660.0,4.8,2022-11-30
1561,Books,Children,Westland,690.0,4.3,2023-01-16
1562,Grocery,Dairy,Britannia,400.0,4.3,2022-02-25
1563,Home & Kitchen,Decor,Prestige,25520.0,3.1,2023-02-10
1564,Books,Children,Westland,330.0,3.4,2022-09-28
1565,Fashion,Accessories,H&M,1820.0,2.9,2023-02-25
1566,Electronics,Earphones,boAt,53590.0,4.7,2022-09-17
1567,Fashion,Men Clothing,Zara,3060.0,3.0,2023-06-07
1568,Beauty,Fragrances,Nykaa,2330.0,3.0,2023-01-13
1569,Fashion,Men Clothing,H&M,3390.0,4.2,2022-04-05
1570,Sports,Yoga,Decathlon,13480.0,4.2,2022-12-15
1571,Beauty,Makeup,Biotique,600.0,3.3,2022-11-24
1572,Electronics,Tablets,Samsung,94070.0,5.0,2022-07-10
1573,Grocery,Snacks,Dabur,570.0,4.7,2023-05-03
1574,Beauty,Fragrances,Biotique,4980.0,3.2,2023-05-17
1575,Books,Comics,Penguin,800.0,3.1,2022-07-29
1576,Sports,Fitness Equipment,Nike,8160.0,4.8,2023-06-02
1577,Sports,Fitness Equipment,Nivia,16500.0,2.9,2023-01-08
1578,Fashion,Women Clothing,W,1000.0,3.4,2023-04-16
1579,Grocery,Beverages,Britannia,840.0,3.7,2022-01-22
1580,Home & Kitchen,Furniture,Milton,760.0,3.2,2023-03-16
1581,Electronics,Smartphones,Sony,43840.0,3.5,2023-05-31
1582,Grocery,Snacks,Tata,330.0,4.7,2023-05-11
1583,Beauty,Makeup,Lakme,1180.0,3.7,2022-01-12
1584,Sports,Cricket,Adidas,2350.0,4.0,2023-04-12
1585,Home & Kitchen,Decor,Philips,24730.0,3.0,2023-04-03
1586,Fashion,Women Clothing,Zara,2980.0,3.0,2022-05-10
1587,Beauty,Makeup,Mamaearth,4020.0,3.2,2023-03-12
1588,Beauty,Makeup,L'Oreal,4290.0,3.2,2022-07-26
1589,Beauty,Skincare,L'Oreal,4840.0,3.5,2022-01-23
1590,Beauty,Haircare,Nykaa,2320.0,3.5,2022-06-03
1591,Beauty,Fragrances,Mamaearth,4480.0,4.3,2023-02-19
1592,Books,Children,Penguin,230.0,4.4,2022-04-26
1593,Electronics,Smartphones,OnePlus,135560.0,4.7,2023-03-24
1594,Sports,Outdoor,Nike,8640.0,2.8,2023-04-19
1595,Electronics,Smartphones,Apple,12940.0,3.9,2023-01-28
1596,Beauty,Personal Care,Mamaearth,4070.0,4.9,2023-01-09
1597,Grocery,Snacks,Britannia,810.0,4.5,2022-08-25
1598,Electronics,Earphones,OnePlus,79690.0,4.4,2022-11-24
1599,Electronics,Smartwatches,OnePlus,71220.0,2.9,2023-03-29
1600,Sports,Footwear,Adidas,3080.0,3.0,2023-06-25
1601,Fashion,Men Clothing,H&M,2860.0,3.7,2022-09-29
1602,Beauty,Personal Care,Nykaa,3180.0,4.3,2022-04-24
1603,Sports,Fitness Equipment,Adidas,14470.0,3.5,2022-03-08
1604,Home & Kitchen,Decor,Cello,15230.0,4.5,2022-04-11
1605,Electronics,Tablets,Apple,28960.0,3.7,2023-01-09
1606,Books,Non-Fiction,HarperCollins,980.0,3.2,2022-09-01
1607,Electronics,Earphones,boAt,106440.0,3.6,2022-11-06
1608,Fashion,Accessories,Biba,8730.0,2.8,2022-10-16
1609,Electronics,Smartwatches,Sony,148630.0,3.3,2023-04-05
1610,Electronics,Laptops,Samsung,118050.0,2.8,2022-10-04
1611,Beauty,Skincare,Lakme,4110.0,3.6,2022-06-23
1612,Sports,Cricket,Adidas,18420.0,4.2,2023-04-27
1613,Electronics,Smartwatches,Realme,126160.0,4.0,2023-01-25
1614,Sports,Fitness Equipment,Cosco,7700.0,3.8,2022-02-07
1615,Home & Kitchen,Appliances,Prestige,14910.0,4.4,2022-09-02
1616,Electronics,Smartphones,Samsung,103000.0,4.4,2022-03-27
1617,Grocery,Dairy,Britannia,780.0,3.2,2022-03-17
1618,Beauty,Personal Care,Mamaearth,4970.0,3.6,2023-05-27
1619,Electronics,Tablets,Mi,107150.0,3.4,2022-11-04
1620,Electronics,Smartwatches,OnePlus,105780.0,4.6,2022-10-31
1621,Grocery,Beverages,ITC,980.0,3.5,2022-07-27
1622,Grocery,Beverages,Amul,50.0,3.9,2023-01-27
1623,Grocery,Beverages,Tata,590.0,3.7,2022-01-13
1624,Beauty,Personal Care,Biotique,1670.0,3.1,2022-07-06
1625,Beauty,Skincare,Himalaya,3340.0,3.2,2022-01-27
1626,Grocery,Snacks,Dabur,670.0,4.5,2022-03-08
1627,Electronics,Tablets,boAt,77120.0,4.7,2022-05-01
1628,Electronics,Tablets,Sony,33430.0,4.6,2022-03-11
1629,Sports,Footwear,SG,270.0,4.0,2023-04-24
1630,Electronics,Smartphones,Sony,29850.0,3.1,2023-02-20
1631,Books,Non-Fiction,Scholastic,120.0,4.8,2023-06-21
1632,Beauty,Fragrances,L'Oreal,4270.0,4.5,2022-03-28
1633,Home & Kitchen,Appliances,Milton,4200.0,3.6,2022-05-13
1634,Electronics,Smartphones,Mi,50710.0,4.2,2023-02-15
1635,Home & Kitchen,Bedding,Prestige,28930.0,3.8,2022-11-22
1636,Sports,Footwear,Cosco,13970.0,4.0,2022-04-25
1637,Sports,Cricket,Adidas,930.0,4.7,2022-05-04
1638,Fashion,Footwear,FabIndia,2550.0,4.8,2023-04-16
1639,Grocery,Beverages,Dabur,540.0,4.3,2022-06-28
1640,Home & Kitchen,Cookware,Prestige,14980.0,3.0,2023-04-24
1641,Books,Academic,Scholastic,470.0,3.8,2023-01-07
1642,Sports,Fitness Equipment,SG,2790.0,3.0,2023-05-24
1643,Home & Kitchen,Appliances,Milton,28330.0,3.4,2023-04-07
1644,Sports,Cricket,Decathlon,17290.0,4.2,2022-12-08
1645,Books,Comics,Rupa,290.0,3.3,2023-01-31
1646,Sports,Yoga,SG,9500.0,3.1,2022-12-26
1647,Fashion,Men Clothing,Puma,990.0,3.2,2023-01-25
1648,Home & Kitchen,Bedding,Pigeon,17420.0,3.1,2023-05-18
1649,Electronics,Tablets,Samsung,85500.0,4.9,2022-07-13
1650,Fashion,Footwear,H&M,6850.0,3.3,2022-03-20
1651,Fashion,Kids Wear,FabIndia,5660.0,2.9,2023-02-07
1652,Sports,Cricket,SG,16000.0,4.4,2023-05-04
1653,Home & Kitchen,Furniture,Philips,10020.0,3.5,2023-03-10
1654,Books,Non-Fiction,Penguin,220.0,4.3,2023-05-18
1655,Home & Kitchen,Bedding,Cello,3890.0,3.2,2022-06-11
1656,Beauty,Personal Care,Biotique,2990.0,3.4,2023-01-13
1657,Electronics,Smartwatches,Apple,85800.0,3.2,2022-05-11
1658,Fashion,Kids Wear,H&M,1010.0,4.2,2023-06-07
1659,Beauty,Makeup,Lakme,3990.0,4.0,2022-10-11
1660,Books,Children,Rupa,850.0,4.2,2022-02-26
1661,Home & Kitchen,Decor,Milton,20840.0,3.9,2023-05-10
1662,Grocery,Personal Hygiene,Tata,470.0,3.2,2022-05-09
1663,Books,Academic,HarperCollins,370.0,3.5,2022-12-25
1664,Fashion,Kids Wear,Biba,950.0,4.3,2023-05-22
1665,Home & Kitchen,Cookware,Cello,4390.0,4.9,2022-06-11
1666,Electronics,Tablets,OnePlus,77580.0,4.4,2022-07-12
1667,Beauty,Personal Care,Biotique,4290.0,3.8,2022-12-27
1668,Beauty,Haircare,Himalaya,1360.0,3.2,2022-04-13
1669,Beauty,Personal Care,L'Oreal,4460.0,4.5,2022-01-05
1670,Grocery,Personal Hygiene,Britannia,330.0,2.8,2022-10-06
1671,Fashion,Kids Wear,Biba,9170.0,3.4,2022-04-19
1672,Electronics,Smartphones,Samsung,45330.0,4.7,2023-05-01
1673,Home & Kitchen,Appliances,Philips,10590.0,4.7,2022-06-03
1674,Electronics,Smartphones,Samsung,127690.0,4.6,2023-06-02
1675,Sports,Yoga,Cosco,12300.0,4.9,2022-04-27
1676,Fashion,Women Clothing,Puma,8500.0,4.2,2022-09-09
1677,Home & Kitchen,Bedding,IKEA,6460.0,3.5,2023-05-30
1678,Books,Fiction,Penguin,180.0,4.4,2022-02-08
1679,Grocery,Snacks,Nestle,470.0,3.7,2022-04-05
1680,Grocery,Dairy,Nestle,850.0,4.7,2022-06-15
1681,Beauty,Haircare,Nykaa,4180.0,3.5,2022-11-28
1682,Home & Kitchen,Bedding,Philips,300.0,3.2,2022-05-07
1683,Grocery,Snacks,Nestle,720.0,4.5,2022-06-23
1684,Fashion,Women Clothing,W,2990.0,3.9,2022-03-27
1685,Grocery,Dairy,ITC,680.0,3.3,2023-01-30
1686,Beauty,Skincare,Himalaya,4640.0,4.6,2022-09-23
1687,Beauty,Skincare,Biotique,3340.0,3.7,2022-09-13
1688,Sports,Yoga,Nike,1220.0,4.1,2023-01-02
1689,Electronics,Smartwatches,Apple,50920.0,3.0,2022-03-29
1690,Books,Non-Fiction,Penguin,920.0,3.2,2022-04-20
1691,Beauty,Makeup,L'Oreal,430.0,3.9,2022-12-12
1692,Beauty,Makeup,Biotique,4170.0,4.0,2022-12-10
1693,Home & Kitchen,Cookware,Philips,6710.0,3.2,2023-02-06
1694,Home & Kitchen,Cookware,Philips,15630.0,5.0,2022-03-10
1695,Home & Kitchen,Bedding,Pigeon,22820.0,3.5,2022-04-30
1696,Beauty,Personal Care,Lakme,3370.0,4.4,2022-06-24
1697,Sports,Fitness Equipment,Nivia,6720.0,4.4,2022-11-08
1698,Sports,Cricket,Adidas,1890.0,4.1,2022-04-29
1699,Books,Fiction,Rupa,240.0,4.1,2022-10-04
1700,Sports,Fitness Equipment,Decathlon,2380.0,2.8,2022-03-28
1701,Fashion,Kids Wear,Myntra,6990.0,3.7,2022-07-14
1702,Sports,Fitness Equipment,Decathlon,17120.0,3.7,2022-06-07
1703,Electronics,Smartphones,Sony,24760.0,4.4,2022-04-21
1704,Beauty,Makeup,Lakme,840.0,4.2,2023-06-03
1705,Books,Academic,Rupa,490.0,5.0,2023-06-10
1706,Sports,Outdoor,Cosco,7410.0,3.5,2022-03-17
1707,Books,Comics,HarperCollins,520.0,4.9,2022-05-08
1708,Fashion,Accessories,FabIndia,8890.0,3.5,2022-04-15
1709,Beauty,Makeup,Nykaa,3500.0,4.1,2022-11-17
1710,Fashion,Women Clothing,Biba,1310.0,4.2,2022-04-08
1711,Electronics,Laptops,Samsung,77850.0,4.7,2022-08-11
1712,Electronics,Earphones,boAt,124410.0,4.0,2022-06-24
1713,Fashion,Footwear,H&M,5520.0,4.9,2022-01-13
1714,Books,Non-Fiction,HarperCollins,890.0,4.7,2022-09-15
1715,Beauty,Haircare,L'Oreal,2430.0,3.0,2022-09-06
1716,Grocery,Snacks,Tata,990.0,3.5,2022-09-17
1717,Fashion,Women Clothing,W,4350.0,4.6,2023-04-04
1718,Beauty,Fragrances,Lakme,1620.0,3.1,2022-07-22
1719,Books,Comics,Scholastic,540.0,4.4,2023-03-13
1720,Books,Children,Westland,370.0,4.9,2023-05-27
1721,Beauty,Haircare,Lakme,290.0,4.2,2022-07-02
1722,Grocery,Beverages,Dabur,80.0,3.3,2022-08-12
1723,Books,Fiction,Rupa,870.0,2.8,2023-05-20
1724,Fashion,Footwear,Puma,4730.0,4.9,2022-12-19
1725,Home & Kitchen,Furniture,Milton,10520.0,4.7,2023-03-24
1726,Books,Comics,Scholastic,700.0,4.1,2023-05-13
1727,Grocery,Dairy,Dabur,950.0,4.4,2022-08-28
1728,Sports,Yoga,Decathlon,14050.0,3.3,2022-04-16
1729,Grocery,Personal Hygiene,ITC,800.0,3.9,2022-07-15
1730,Beauty,Haircare,Biotique,3170.0,4.5,2023-04-16
1731,Sports,Outdoor,SG,620.0,4.7,2022-02-10
1732,Home & Kitchen,Furniture,Pigeon,26320.0,3.6,2023-04-13
1733,Grocery,Snacks,Tata,530.0,4.1,2022-08-29
1734,Electronics,Smartphones,Realme,64240.0,4.1,2022-07-11
1735,Books,Fiction,HarperCollins,390.0,3.5,2023-04-24
1736,Books,Fiction,Rupa,110.0,3.8,2022-01-04
1737,Beauty,Fragrances,Nykaa,130.0,4.0,2022-11-01
1738,Sports,Footwear,Nivia,11640.0,4.1,2023-02-14
1739,Fashion,Footwear,FabIndia,3900.0,3.7,2023-03-01
1740,Fashion,Men Clothing,H&M,5560.0,2.8,2022-11-30
1741,Sports,Footwear,Nike,12290.0,4.6,2022-10-14
1742,Books,Academic,Rupa,770.0,3.2,2023-01-15
1743,Sports,Footwear,Decathlon,2200.0,4.6,2022-07-13
1744,Books,Fiction,Rupa,650.0,3.6,2022-04-09
1745,Sports,Outdoor,Adidas,13260.0,3.6,2022-04-12
1746,Electronics,Tablets,boAt,74930.0,3.6,2022-08-24
1747,Grocery,Dairy,ITC,420.0,3.6,2022-01-11
1748,Grocery,Beverages,Dabur,60.0,2.9,2022-09-01
1749,Beauty,Haircare,Mamaearth,1260.0,3.1,2023-05-14
1750,Grocery,Personal Hygiene,Amul,870.0,4.9,2022-07-23
1751,Grocery,Snacks,ITC,640.0,4.0,2022-05-24
1752,Sports,Fitness Equipment,Cosco,1450.0,4.5,2023-06-23
1753,Grocery,Personal Hygiene,Dabur,730.0,4.5,2022-12-28
1754,Grocery,Beverages,Dabur,460.0,4.3,2022-11-24
1755,Fashion,Men Clothing,Zara,9050.0,3.8,2022-11-21
1756,Sports,Outdoor,Adidas,15200.0,3.9,2022-08-11
1757,Electronics,Smartphones,OnePlus,91140.0,4.9,2022-09-02
1758,Electronics,Smartphones,Mi,75830.0,3.2,2022-09-04
1759,Electronics,Smartwatches,Realme,115140.0,4.5,2022-09-23
1760,Books,Fiction,Penguin,310.0,4.8,2022-04-08
1761,Sports,Fitness Equipment,Adidas,14160.0,3.5,2023-01-17
1762,Books,Fiction,Penguin,920.0,3.1,2023-05-28
1763,Fashion,Footwear,Zara,7120.0,2.9,2022-03-31
1764,Beauty,Skincare,Mamaearth,2640.0,4.9,2022-03-06
1765,Beauty,Personal Care,L'Oreal,2710.0,4.2,2022-07-16
1766,Fashion,Men Clothing,Myntra,5760.0,4.1,2022-01-12
1767,Fashion,Women Clothing,Zara,2940.0,4.2,2023-05-23
1768,Home & Kitchen,Furniture,Pigeon,6310.0,3.5,2022-04-17
1769,Electronics,Smartwatches,OnePlus,10420.0,2.9,2022-01-22
1770,Home & Kitchen,Bedding,Prestige,2150.0,4.2,2022-04-24
1771,Fashion,Men Clothing,H&M,3490.0,3.5,2023-04-12
1772,Sports,Footwear,Adidas,1140.0,3.8,2022-05-31
1773,Books,Non-Fiction,HarperCollins,640.0,3.6,2023-04-21
1774,Fashion,Men Clothing,FabIndia,3900.0,4.5,2023-06-20
1775,Grocery,Personal Hygiene,Britannia,940.0,4.0,2023-04-10
1776,Beauty,Fragrances,L'Oreal,3700.0,4.8,2022-03-07
1777,Fashion,Kids Wear,FabIndia,4750.0,3.0,2022-08-07
1778,Sports,Yoga,Nike,10750.0,4.1,2023-04-13
1779,Books,Non-Fiction,Penguin,350.0,3.8,2022-02-09
1780,Home & Kitchen,Decor,Prestige,17690.0,3.5,2023-05-29
1781,Beauty,Personal Care,Lakme,3260.0,4.5,2022-08-17
1782,Home & Kitchen,Cookware,Cello,16750.0,4.3,2023-05-26
1783,Sports,Outdoor,Decathlon,14610.0,2.9,2022-04-20
1784,Home & Kitchen,Bedding,IKEA,15400.0,4.2,2022-04-19
1785,Grocery,Personal Hygiene,Dabur,340.0,4.3,2022-05-24
1786,Electronics,Earphones,OnePlus,124170.0,4.1,2022-08-30
1787,Sports,Cricket,Cosco,1810.0,4.0,2022-09-15
1788,Electronics,Smartwatches,Apple,77730.0,4.7,2023-04-13
1789,Electronics,Laptops,Samsung,110960.0,4.9,2022-03-18
1790,Grocery,Beverages,ITC,470.0,4.2,2022-07-10
1791,Electronics,Earphones,OnePlus,102520.0,3.6,2022-12-11
1792,Grocery,Snacks,Dabur,340.0,3.4,2022-02-06
1793,Beauty,Personal Care,Biotique,3010.0,3.7,2023-04-25
1794,Books,Comics,Scholastic,580.0,4.6,2022-06-18
1795,Books,Non-Fiction,Penguin,790.0,2.9,2022-02-09
1796,Beauty,Haircare,Biotique,3360.0,4.8,2022-01-23
1797,Grocery,Personal Hygiene,Nestle,510.0,4.9,2022-05-08
1798,Grocery,Snacks,Nestle,420.0,4.3,2023-01-11
1799,Books,Children,Scholastic,720.0,4.8,2022-10-14
1800,Electronics,Smartphones,Realme,147840.0,4.0,2023-02-23
1801,Beauty,Skincare,Himalaya,2150.0,4.9,2022-06-02
1802,Beauty,Haircare,Nykaa,1570.0,4.9,2023-05-25
1803,Electronics,Earphones,Mi,82520.0,3.8,2022-04-28
1804,Grocery,Staples,Tata,520.0,3.8,2022-01-15
1805,Fashion,Women Clothing,H&M,3400.0,4.5,2022-10-20
1806,Books,Academic,HarperCollins,810.0,2.9,2022-09-08
1807,Fashion,Footwear,Puma,3890.0,3.7,2023-06-27
1808,Sports,Yoga,Cosco,13210.0,3.4,2022-03-03
1809,Grocery,Snacks,Dabur,780.0,3.4,2022-08-22
1810,Sports,Fitness Equipment,Cosco,8960.0,4.1,2023-05-28
1811,Sports,Yoga,Adidas,5370.0,4.7,2022-06-14
1812,Home & Kitchen,Bedding,Prestige,8620.0,4.0,2022-04-18
1813,Books,Non-Fiction,Penguin,180.0,3.7,2022-10-23
1814,Fashion,Women Clothing,H&M,1020.0,3.4,2023-01-01
1815,Books,Children,Rupa,190.0,4.5,2022-06-20
1816,Beauty,Makeup,Himalaya,490.0,4.6,2022-02-28
1817,Electronics,Laptops,OnePlus,36680.0,4.5,2022-10-05
1818,Fashion,Women Clothing,Myntra,8900.0,4.6,2023-04-26
1819,Home & Kitchen,Cookware,Pigeon,10050.0,3.6,2022-11-19
1820,Electronics,Laptops,Apple,18960.0,4.6,2022-09-22
1821,Electronics,Smartphones,Samsung,88980.0,4.8,2022-01-28
1822,Books,Non-Fiction,Penguin,440.0,3.9,2022-09-11
1823,Books,Children,Scholastic,280.0,4.5,2023-01-05
1824,Grocery,Snacks,ITC,100.0,4.3,2022-09-29
1825,Fashion,Accessories,Puma,9290.0,4.2,2022-09-08
1826,Books,Academic,HarperCollins,600.0,4.3,2022-11-20
1827,Grocery,Dairy,Tata,150.0,3.7,2022-11-17
1828,Books,Comics,Scholastic,740.0,3.5,2022-05-26
1829,Beauty,Skincare,Himalaya,1450.0,4.6,2022-11-19
1830,Fashion,Accessories,Puma,7780.0,4.7,2022-06-07
1831,Beauty,Personal Care,Mamaearth,3630.0,4.2,2022-03-03
1832,Sports,Fitness Equipment,Decathlon,17060.0,4.1,2022-11-15
1833,Electronics,Laptops,Sony,29130.0,3.2,2023-01-15
1834,Sports,Cricket,Decathlon,10320.0,4.3,2022-12-08
1835,Books,Non-Fiction,Scholastic,570.0,3.5,2023-05-23
1836,Home & Kitchen,Cookware,Milton,21540.0,3.9,2023-04-07
1837,Grocery,Snacks,Nestle,280.0,4.5,2022-10-29
1838,Fashion,Footwear,H&M,2950.0,4.3,2023-05-20
1839,Beauty,Fragrances,Nykaa,1500.0,4.8,2023-02-04
1840,Home & Kitchen,Appliances,Philips,1210.0,3.7,2022-02-24
1841,Electronics,Smartwatches,Samsung,58290.0,4.0,2023-06-08
1842,Fashion,Accessories,Myntra,5550.0,3.1,2023-04-14
1843,Home & Kitchen,Decor,Philips,15000.0,4.1,2022-12-27
1844,Books,Academic,Westland,120.0,3.0,2022-05-05
1845,Electronics,Earphones,Samsung,70430.0,4.7,2022-09-17
1846,Grocery,Beverages,Dabur,220.0,3.8,2022-04-05
1847,Grocery,Dairy,Tata,590.0,5.0,2022-08-16
1848,Fashion,Footwear,FabIndia,500.0,4.0,2023-02-11
1849,Fashion,Footwear,Biba,9390.0,4.5,2023-05-04
1850,Home & Kitchen,Furniture,Prestige,20630.0,4.5,2022-08-11
1851,Fashion,Footwear,Zara,6560.0,3.3,2022-11-01
1852,Fashion,Kids Wear,W,9360.0,3.4,2022-10-01
1853,Fashion,Accessories,W,5820.0,3.1,2022-09-06
1854,Beauty,Skincare,L'Oreal,3000.0,3.4,2023-03-01
1855,Books,Academic,Rupa,930.0,3.5,2022-12-29
1856,Books,Comics,Rupa,860.0,4.4,2022-04-29
1857,Fashion,Accessories,Biba,2090.0,3.0,2022-10-22
1858,Books,Non-Fiction,Westland,760.0,4.0,2022-05-16
1859,Grocery,Snacks,Dabur,300.0,2.9,2022-08-07
1860,Sports,Cricket,Cosco,17280.0,4.8,2023-05-03
1861,Beauty,Skincare,L'Oreal,2100.0,4.6,2022-02-01
1862,Grocery,Beverages,Tata,300.0,4.8,2022-12-11
1863,Books,Academic,Penguin,170.0,4.0,2022-08-25
1864,Sports,Fitness Equipment,Nike,19300.0,3.6,2022-05-20
1865,Books,Non-Fiction,Scholastic,750.0,3.2,2023-05-04
1866,Grocery,Beverages,Dabur,650.0,4.1,2022-06-23
1867,Grocery,Personal Hygiene,Dabur,950.0,3.8,2023-03-07
1868,Beauty,Fragrances,Nykaa,990.0,4.2,2022-11-22
1869,Books,Academic,HarperCollins,920.0,3.3,2023-04-13
1870,Fashion,Women Clothing,Biba,4520.0,4.9,2023-03-05
1871,Grocery,Personal Hygiene,ITC,110.0,4.9,2022-05-03
1872,Electronics,Smartphones,Apple,57210.0,3.9,2022-06-19
1873,Electronics,Earphones,Apple,134160.0,4.2,2023-06-19
1874,Beauty,Personal Care,Biotique,3960.0,4.9,2022-12-18
1875,Fashion,Accessories,Zara,3740.0,3.6,2022-09-12
1876,Electronics,Smartphones,OnePlus,27640.0,4.0,2022-07-19
1877,Electronics,Tablets,boAt,33690.0,4.3,2023-01-06
1878,Electronics,Smartwatches,Mi,31830.0,3.3,2023-04-06
1879,Grocery,Snacks,Tata,980.0,4.1,2022-07-17
1880,Home & Kitchen,Cookware,Pigeon,9480.0,3.5,2022-06-13
1881,Books,Children,Rupa,640.0,4.6,2022-01-28
1882,Sports,Cricket,Cosco,10970.0,2.8,2022-03-02
1883,Beauty,Haircare,Mamaearth,230.0,4.2,2023-05-05
1884,Electronics,Laptops,Sony,18620.0,4.1,2022-10-13
1885,Home & Kitchen,Furniture,Philips,17970.0,4.2,2022-11-28
1886,Sports,Outdoor,Nike,2800.0,3.3,2022-12-02
1887,Grocery,Personal Hygiene,Britannia,530.0,3.8,2022-12-26
1888,Electronics,Smartwatches,OnePlus,67100.0,4.2,2022-07-22
1889,Fashion,Women Clothing,Zara,8230.0,4.0,2022-02-28
1890,Grocery,Dairy,Tata,890.0,3.4,2022-03-10
1891,Beauty,Makeup,Lakme,930.0,4.5,2022-10-14
1892,Electronics,Laptops,Samsung,7540.0,3.9,2023-03-10
1893,Beauty,Makeup,Himalaya,3530.0,3.9,2022-12-15
1894,Books,Comics,Rupa,950.0,2.8,2022-12-13
1895,Sports,Fitness Equipment,Decathlon,6840.0,3.5,2023-03-25
1896,Fashion,Women Clothing,FabIndia,4240.0,3.4,2023-02-07
1897,Fashion,Accessories,H&M,5120.0,4.9,2022-04-17
1898,Sports,Fitness Equipment,Decathlon,15390.0,3.1,2022-11-12
1899,Grocery,Snacks,Dabur,570.0,4.5,2022-11-28
1900,Electronics,Earphones,boAt,22360.0,3.9,2023-01-31
1901,Home & Kitchen,Furniture,IKEA,18220.0,3.2,2022-10-21
1902,Electronics,Smartwatches,Sony,131880.0,4.9,2023-01-22
1903,Beauty,Makeup,Lakme,2260.0,4.8,2023-03-06
1904,Sports,Yoga,Nivia,16710.0,4.9,2023-01-04
1905,Sports,Footwear,Cosco,5560.0,3.0,2022-03-30
1906,Electronics,Smartwatches,Realme,121750.0,3.8,2022-06-04
1907,Beauty,Makeup,Lakme,2570.0,4.2,2023-04-06
1908,Sports,Yoga,Decathlon,4490.0,3.8,2022-03-16
1909,Fashion,Footwear,W,2280.0,4.7,2023-03-18
1910,Books,Academic,Rupa,710.0,4.1,2022-05-31
1911,Home & Kitchen,Furniture,Milton,16490.0,3.4,2022-01-03
1912,Home & Kitchen,Cookware,Milton,18920.0,3.2,2022-12-19
1913,Electronics,Tablets,Sony,67330.0,3.7,2022-07-02
1914,Beauty,Personal Care,Mamaearth,3810.0,4.6,2022-08-14
1915,Books,Non-Fiction,Westland,960.0,4.9,2023-05-24
1916,Electronics,Laptops,OnePlus,58710.0,3.9,2022-07-09
1917,Electronics,Laptops,Sony,37750.0,2.9,2022-12-16
1918,Beauty,Personal Care,Himalaya,1810.0,4.1,2023-01-12
1919,Fashion,Women Clothing,Biba,3190.0,3.5,2023-02-02
1920,Beauty,Skincare,Lakme,2940.0,4.5,2022-01-01
1921,Grocery,Beverages,Amul,820.0,3.3,2022-02-17
1922,Books,Non-Fiction,Penguin,280.0,4.8,2022-03-16
1923,Grocery,Snacks,Dabur,420.0,4.2,2022-05-09
1924,Sports,Yoga,Decathlon,8790.0,4.9,2022-10-01
1925,Sports,Yoga,Cosco,17340.0,4.6,2022-01-29
1926,Books,Children,Penguin,480.0,2.9,2022-10-06
1927,Beauty,Skincare,Nykaa,3960.0,3.3,2023-04-01
1928,Electronics,Smartphones,Sony,42030.0,4.1,2023-05-15
1929,Home & Kitchen,Decor,Philips,11750.0,3.8,2023-01-26
1930,Fashion,Kids Wear,Biba,4690.0,3.2,2022-03-23
1931,Home & Kitchen,Bedding,Pigeon,14790.0,3.5,2022-01-07
1932,Books,Academic,Rupa,970.0,4.6,2023-03-24
1933,Beauty,Skincare,Himalaya,830.0,4.5,2023-05-27
1934,Home & Kitchen,Cookware,IKEA,5280.0,3.9,2022-08-28
1935,Books,Fiction,Rupa,200.0,4.4,2023-05-31
1936,Sports,Outdoor,Adidas,8480.0,4.4,2022-06-26
1937,Electronics,Laptops,Apple,31140.0,3.3,2023-06-21
1938,Grocery,Snacks,Tata,330.0,4.5,2022-01-15
1939,Beauty,Skincare,Mamaearth,4320.0,3.1,2022-01-07
1940,Home & Kitchen,Decor,Cello,7900.0,4.5,2023-03-06
1941,Beauty,Fragrances,Lakme,1880.0,4.6,2022-09-30
1942,Electronics,Smartwatches,Realme,104510.0,3.7,2022-10-31
1943,Home & Kitchen,Bedding,Cello,17750.0,3.3,2022-03-28
1944,Electronics,Smartwatches,Realme,122910.0,3.5,2023-03-27
1945,Books,Children,Westland,930.0,4.6,2023-04-06
1946,Grocery,Dairy,Nestle,820.0,4.4,2023-01-30
1947,Beauty,Makeup,L'Oreal,4870.0,2.9,2022-12-28
1948,Fashion,Men Clothing,W,6780.0,4.8,2022-05-24
1949,Sports,Outdoor,Decathlon,6720.0,3.5,2022-07-09
1950,Electronics,Smartwatches,OnePlus,9770.0,4.1,2023-06-16
1951,Beauty,Personal Care,Mamaearth,3010.0,3.9,2022-05-28
1952,Beauty,Makeup,Nykaa,3730.0,3.1,2022-01-06
1953,Beauty,Skincare,Biotique,3530.0,3.6,2022-02-11
1954,Beauty,Personal Care,Mamaearth,3010.0,4.0,2022-08-26
1955,Books,Comics,Westland,810.0,3.4,2022-03-05
1956,Beauty,Fragrances,Mamaearth,1590.0,4.7,2023-03-19
1957,Fashion,Kids Wear,Zara,2610.0,4.6,2022-03-31
1958,Home & Kitchen,Furniture,Prestige,5980.0,4.0,2022-07-14
1959,Sports,Cricket,Adidas,16450.0,4.8,2022-04-22
1960,Electronics,Tablets,OnePlus,100450.0,3.7,2022-09-15
1961,Sports,Yoga,Decathlon,6990.0,3.9,2023-01-16
1962,Fashion,Footwear,Myntra,1700.0,3.7,2022-12-18
1963,Electronics,Earphones,Apple,62100.0,3.8,2022-09-17
1964,Home & Kitchen,Bedding,Pigeon,28620.0,3.3,2022-03-16
1965,Beauty,Personal Care,Himalaya,1080.0,3.9,2022-04-02
1966,Books,Non-Fiction,Rupa,410.0,3.7,2023-03-11
1967,Sports,Outdoor,Adidas,13210.0,3.2,2022-12-30
1968,Books,Comics,Westland,700.0,3.0,2022-05-25
1969,Home & Kitchen,Bedding,Prestige,20840.0,4.1,2022-04-24
1970,Grocery,Dairy,ITC,280.0,3.7,2022-11-10
1971,Books,Children,Westland,730.0,3.2,2022-07-20
1972,Beauty,Personal Care,Nykaa,770.0,4.0,2023-01-06
1973,Grocery,Staples,Amul,970.0,3.8,2023-03-21
1974,Beauty,Personal Care,Biotique,4210.0,4.8,2022-02-19
1975,Electronics,Smartphones,Apple,98420.0,4.8,2023-05-22
1976,Grocery,Staples,Britannia,770.0,4.3,2022-11-17
1977,Grocery,Snacks,Tata,210.0,4.9,2023-04-11
1978,Fashion,Men Clothing,H&M,1420.0,4.7,2023-01-10
1979,Books,Fiction,Scholastic,140.0,3.4,2022-12-27
1980,Books,Children,HarperCollins,840.0,4.6,2022-10-05
1981,Beauty,Haircare,Mamaearth,270.0,3.7,2023-03-12
1982,Beauty,Haircare,Biotique,3980.0,4.1,2022-12-28
1983,Electronics,Tablets,Apple,43550.0,4.4,2023-01-28
1984,Fashion,Footwear,H&M,6800.0,3.0,2022-10-11
1985,Electronics,Laptops,Samsung,96660.0,3.5,2023-06-24
1986,Grocery,Beverages,Tata,680.0,4.8,2022-03-04
1987,Fashion,Footwear,W,3110.0,4.5,2022-12-21
1988,Electronics,Smartwatches,OnePlus,55680.0,4.5,2022-08-06
1989,Books,Non-Fiction,HarperCollins,560.0,4.7,2023-04-22
1990,Electronics,Laptops,OnePlus,40840.0,3.5,2022-07-27
1991,Electronics,Smartphones,Mi,2300.0,3.9,2022-06-28
1992,Fashion,Footwear,Biba,6960.0,4.9,2022-05-13
1993,Grocery,Dairy,Amul,640.0,3.3,2023-03-23
1994,Home & Kitchen,Decor,IKEA,13340.0,2.9,2022-05-11
1995,Beauty,Makeup,L'Oreal,4740.0,3.5,2022-11-14
1996,Sports,Fitness Equipment,Decathlon,9470.0,3.0,2023-02-03
1997,Beauty,Fragrances,Lakme,1760.0,4.3,2022-08-11
1998,Grocery,Personal Hygiene,Dabur,870.0,4.1,2022-07-03
1999,Beauty,Skincare,Mamaearth,4810.0,3.6,2022-04-11
2000,Fashion,Footwear,Puma,8570.0,4.2,2022-02-21
